{"type": "FeatureCollection", "features": [{"type": "Feature", "geometry": {"type": "Polygon", "coordinates": [[[-2.0565756198297196, 6.372652899315791], [-2.0560983139570475, 6.3740242265765445], [-2.0578532408590884, 6.374249464706356], [-2.059051567332607, 6.374060215508226], [-2.060109730098332, 6.373620400497181], [-2.0594336157998954, 6.372591410879904], [-2.059122555136064, 6.371289987238383], [-2.057597225546368, 6.370703534102625], [-2.056974290447223, 6.371972206116355], [-2.0565756198297196, 6.372652899315791]]]}, "properties": {"id": "82a96a42-f5ff-42be-b11f-984d487ebe2e", "jurisdiction_code": "GH-AH", "jurisdiction_name": "Ghana Ashanti", "class_label": "agroforestry", "agroforestry_subtype": "alley_cropping", "confidence_score": 0.553, "area_ha": 12.08, "uncertainty": 0.447, "data_origin": "synthetic", "generation_method": "scripts/generate_sample_parcels.py (v2, illustrative PoC)", "source": "Synthetic PoC generator (illustrative)", "source_year": 2021, "source_url": null, "processing_method": "GEDI LiDAR + ML", "model_version": "v3.5", "created_at": "2026-09-29T10:20:13.318210Z"}}, {"type": "Feature", "geometry": {"type": "Polygon", "coordinates": [[[-1.0715410906235918, 6.517697200889061], [-1.0727952555443288, 6.5191351837619465], [-1.0748862835213975, 6.518526602065684], [-1.0748567874154786, 6.5167698145414015], [-1.0728295961066667, 6.5161393749510585], [-1.0715410906235918, 6.517697200889061]]]}, "properties": {"id": "4ad669a8-ae4f-473f-9651-aa874115a62d", "jurisdiction_code": "GH-AH", "jurisdiction_name": "Ghana Ashanti", "class_label": "agroforestry", "agroforestry_subtype": "shade_cocoa", "confidence_score": 0.56, "area_ha": 8.88, "uncertainty": 0.44, "data_origin": "synthetic", "generation_method": "scripts/generate_sample_parcels.py (v2, illustrative PoC)", "source": "Synthetic PoC generator (illustrative)", "source_year": 2024, "source_url": null, "processing_method": "GEDI LiDAR + ML", "model_version": "v2.0", "created_at": "2026-09-29T10:20:13.318269Z"}}, {"type": "Feature", "geometry": {"type": "Polygon", "coordinates": [[[-0.5339213858737306, 5.619966991823654], [-0.5349603609474162, 5.621449008114039], [-0.5371347201730075, 5.620988638192422], [-0.5368369399168436, 5.618705390175276], [-0.5352153650597661, 5.61881467489293], [-0.5339213858737306, 5.619966991823654]]]}, "properties": {"id": "9a3d78f5-3a9a-4f3b-af44-e11403d2f574", "jurisdiction_code": "GH-AH", "jurisdiction_name": "Ghana Ashanti", "class_label": "agroforestry", "agroforestry_subtype": "homegarden", "confidence_score": 0.585, "area_ha": 8.77, "uncertainty": 0.415, "data_origin": "synthetic", "generation_method": "scripts/generate_sample_parcels.py (v2, illustrative PoC)", "source": "Synthetic PoC generator (illustrative)", "source_year": 2023, "source_url": null, "processing_method": "GEDI LiDAR + ML", "model_version": "v3.3", "created_at": "2026-09-29T10:20:13.318306Z"}}, {"type": "Feature", "geometry": {"type": "Polygon", "coordinates": [[[-2.442671397457863, 5.827115425175426], [-2.4434367459907844, 5.827895831206921], [-2.4444547554739344, 5.828579637277152], [-2.445060980722226, 5.828728361518767], [-2.4459288700258917, 5.8282466638401065], [-2.446374027211133, 5.827031125073236], [-2.4462188818099664, 5.825851817435497], [-2.445222056495153, 5.825069897685129], [-2.44414873084763, 5.825509943373889], [-2.4431769008541804, 5.826224636985624], [-2.442671397457863, 5.827115425175426]]]}, "properties": {"id": "ba4e326b-a7bd-4847-b0c6-6852a0644015", "jurisdiction_code": "GH-AH", "jurisdiction_name": "Ghana Ashanti", "class_label": "agroforestry", "agroforestry_subtype": "shade_cocoa", "confidence_score": 0.621, "area_ha": 12.16, "uncertainty": 0.379, "data_origin": "synthetic", "generation_method": "scripts/generate_sample_parcels.py (v2, illustrative PoC)", "source": "Synthetic PoC generator (illustrative)", "source_year": 2021, "source_url": null, "processing_method": "Sentinel-2 + Random Forest", "model_version": "v1.4", "created_at": "2026-09-29T10:20:13.318343Z"}}, {"type": "Feature", "geometry": {"type": "Polygon", "coordinates": [[[-1.4604678841765337, 5.605712812987929], [-1.461054132566015, 5.606629679716933], [-1.4618563240764737, 5.6063159521483845], [-1.4619356191084678, 5.605103182855375], [-1.4607989186399322, 5.604994022281709], [-1.4604678841765337, 5.605712812987929]]]}, "properties": {"id": "6bfd437c-8b59-4b4f-bf5f-2e5f0bff2409", "jurisdiction_code": "GH-AH", "jurisdiction_name": "Ghana Ashanti", "class_label": "agroforestry", "agroforestry_subtype": "alley_cropping", "confidence_score": 0.597, "area_ha": 1.92, "uncertainty": 0.403, "data_origin": "synthetic", "generation_method": "scripts/generate_sample_parcels.py (v2, illustrative PoC)", "source": "Synthetic PoC generator (illustrative)", "source_year": 2023, "source_url": null, "processing_method": "GEDI LiDAR + ML", "model_version": "v2.7", "created_at": "2026-09-29T10:20:13.318372Z"}}, {"type": "Feature", "geometry": {"type": "Polygon", "coordinates": [[[-2.2574820421241766, 6.355994905594656], [-2.257771674968049, 6.356796636169093], [-2.259014201049482, 6.357931163498761], [-2.2601027241154834, 6.356544664109019], [-2.260117427224916, 6.354889561702261], [-2.258758706911226, 6.354471362227983], [-2.2575306399323805, 6.354313357243625], [-2.2574820421241766, 6.355994905594656]]]}, "properties": {"id": "147dcc63-cad4-4469-a847-bf5ae1091945", "jurisdiction_code": "GH-AH", "jurisdiction_name": "Ghana Ashanti", "class_label": "agroforestry", "agroforestry_subtype": "shade_cocoa", "confidence_score": 0.633, "area_ha": 9.59, "uncertainty": 0.367, "data_origin": "synthetic", "generation_method": "scripts/generate_sample_parcels.py (v2, illustrative PoC)", "source": "Synthetic PoC generator (illustrative)", "source_year": 2022, "source_url": null, "processing_method": "GEDI LiDAR + ML", "model_version": "v2.2", "created_at": "2026-09-29T10:20:13.318402Z"}}, {"type": "Feature", "geometry": {"type": "Polygon", "coordinates": [[[-1.0126819691061129, 6.374517862757499], [-1.0126342945400229, 6.374815957034365], [-1.012982713792976, 6.374868021385553], [-1.0133365790326816, 6.374866306001212], [-1.0134740000233262, 6.374602240852532], [-1.0134778241561782, 6.374448082405077], [-1.0133154974739098, 6.374084452124336], [-1.0130175872027152, 6.374124098754105], [-1.0128509672568669, 6.374340560517191], [-1.0126819691061129, 6.374517862757499]]]}, "properties": {"id": "96af8d7f-9974-47a1-b01e-eebb773e9a75", "jurisdiction_code": "GH-AH", "jurisdiction_name": "Ghana Ashanti", "class_label": "agroforestry", "agroforestry_subtype": "shade_cocoa", "confidence_score": 0.616, "area_ha": 0.66, "uncertainty": 0.384, "data_origin": "synthetic", "generation_method": "scripts/generate_sample_parcels.py (v2, illustrative PoC)", "source": "Synthetic PoC generator (illustrative)", "source_year": 2024, "source_url": null, "processing_method": "GEDI LiDAR + ML", "model_version": "v3.4", "created_at": "2026-09-29T10:20:13.318434Z"}}, {"type": "Feature", "geometry": {"type": "Polygon", "coordinates": [[[-2.2923189790753438, 6.020222919698012], [-2.292827579258792, 6.022001243631917], [-2.293864009351107, 6.021308652259792], [-2.295043431504327, 6.020756105769804], [-2.2937392641542287, 6.019396986228496], [-2.292624790429233, 6.019212800377103], [-2.2923189790753438, 6.020222919698012]]]}, "properties": {"id": "27a80f44-23ea-4b6c-9672-f0a358841b1d", "jurisdiction_code": "GH-AH", "jurisdiction_name": "Ghana Ashanti", "class_label": "agroforestry", "agroforestry_subtype": "shade_cocoa", "confidence_score": 0.605, "area_ha": 5.63, "uncertainty": 0.395, "data_origin": "synthetic", "generation_method": "scripts/generate_sample_parcels.py (v2, illustrative PoC)", "source": "Synthetic PoC generator (illustrative)", "source_year": 2020, "source_url": null, "processing_method": "Sentinel-2 + Random Forest", "model_version": "v1.7", "created_at": "2026-09-29T10:20:13.318461Z"}}, {"type": "Feature", "geometry": {"type": "Polygon", "coordinates": [[[-0.8817282387148802, 6.2750457917397995], [-0.8822368569318009, 6.275567601762307], [-0.8827591607996232, 6.276046344826081], [-0.8838348518751263, 6.275764117668778], [-0.8836430865057628, 6.274822316014653], [-0.8836365468586747, 6.2743407869782795], [-0.8827540657166734, 6.274024867916819], [-0.8820306091111602, 6.273926984088444], [-0.8817282387148802, 6.2750457917397995]]]}, "properties": {"id": "dd23f01d-9520-4e1c-8d48-57be131ea070", "jurisdiction_code": "GH-AH", "jurisdiction_name": "Ghana Ashanti", "class_label": "agroforestry", "agroforestry_subtype": "shade_cocoa", "confidence_score": 0.879, "area_ha": 4.39, "uncertainty": 0.121, "data_origin": "synthetic", "generation_method": "scripts/generate_sample_parcels.py (v2, illustrative PoC)", "source": "Synthetic PoC generator (illustrative)", "source_year": 2020, "source_url": null, "processing_method": "GEDI LiDAR + ML", "model_version": "v2.6", "created_at": "2026-09-29T10:20:13.318491Z"}}, {"type": "Feature", "geometry": {"type": "Polygon", "coordinates": [[[-0.6489292674102266, 6.550463609237068], [-0.6497219427304805, 6.551428256573056], [-0.6511674744981754, 6.550860709421029], [-0.6516965211529429, 6.549249628078019], [-0.6497739254426579, 6.5490749907300785], [-0.6489292674102266, 6.550463609237068]]]}, "properties": {"id": "e59325a3-fe8c-404f-91b9-dc0dc1318509", "jurisdiction_code": "GH-AH", "jurisdiction_name": "Ghana Ashanti", "class_label": "agroforestry", "agroforestry_subtype": "homegarden", "confidence_score": 0.575, "area_ha": 5.88, "uncertainty": 0.425, "data_origin": "synthetic", "generation_method": "scripts/generate_sample_parcels.py (v2, illustrative PoC)", "source": "Synthetic PoC generator (illustrative)", "source_year": 2020, "source_url": null, "processing_method": "GEDI LiDAR + ML", "model_version": "v1.0", "created_at": "2026-09-29T10:20:13.318515Z"}}, {"type": "Feature", "geometry": {"type": "Polygon", "coordinates": [[[-1.9581727582035897, 7.3384222552183624], [-1.9587047852666704, 7.3389817481274635], [-1.9593608801811164, 7.339494625846425], [-1.9605766815570818, 7.339533446336988], [-1.9612625848164797, 7.339401821914564], [-1.9614847408410496, 7.3380171708273085], [-1.9608379585768723, 7.337307162917082], [-1.9601364618754646, 7.336646688806936], [-1.9595267274072945, 7.337176332592359], [-1.9585668933190359, 7.336979163129867], [-1.9581727582035897, 7.3384222552183624]]]}, "properties": {"id": "535b8ee5-19db-4613-aeb3-adfd775b1f1c", "jurisdiction_code": "GH-AH", "jurisdiction_name": "Ghana Ashanti", "class_label": "agroforestry", "agroforestry_subtype": "alley_cropping", "confidence_score": 0.621, "area_ha": 8.6, "uncertainty": 0.379, "data_origin": "synthetic", "generation_method": "scripts/generate_sample_parcels.py (v2, illustrative PoC)", "source": "Synthetic PoC generator (illustrative)", "source_year": 2023, "source_url": null, "processing_method": "Sentinel-2 + Random Forest", "model_version": "v1.5", "created_at": "2026-09-29T10:20:13.318546Z"}}, {"type": "Feature", "geometry": {"type": "Polygon", "coordinates": [[[-1.1032365039198444, 6.853636907642254], [-1.1038629433616038, 6.8543752507604], [-1.104878419735681, 6.854196448239304], [-1.1046467294611098, 6.853559373363824], [-1.1036862580226898, 6.8529496318975625], [-1.1032365039198444, 6.853636907642254]]]}, "properties": {"id": "4d321883-bcdc-40dd-a1e5-20016d43cce8", "jurisdiction_code": "GH-AH", "jurisdiction_name": "Ghana Ashanti", "class_label": "agroforestry", "agroforestry_subtype": "shade_cocoa", "confidence_score": 0.605, "area_ha": 2.55, "uncertainty": 0.395, "data_origin": "synthetic", "generation_method": "scripts/generate_sample_parcels.py (v2, illustrative PoC)", "source": "Synthetic PoC generator (illustrative)", "source_year": 2020, "source_url": null, "processing_method": "GEDI LiDAR + ML", "model_version": "v1.0", "created_at": "2026-09-29T10:20:13.318683Z"}}, {"type": "Feature", "geometry": {"type": "Polygon", "coordinates": [[[-1.7417148274797263, 7.320427905998878], [-1.7417612592631537, 7.321300777419132], [-1.742418229482572, 7.32188193003327], [-1.7436322608276065, 7.32145878792045], [-1.7442658502349666, 7.320946212422961], [-1.7441516865026, 7.3200151285237425], [-1.7435218763575002, 7.3193069062992295], [-1.7428810777330748, 7.318984367825508], [-1.7420848539415683, 7.319529264138618], [-1.7417148274797263, 7.320427905998878]]]}, "properties": {"id": "3d8a1084-c0f7-4fcb-860b-c43e3d8bdc2d", "jurisdiction_code": "GH-AH", "jurisdiction_name": "Ghana Ashanti", "class_label": "agroforestry", "agroforestry_subtype": "shade_cocoa", "confidence_score": 0.569, "area_ha": 7.15, "uncertainty": 0.431, "data_origin": "synthetic", "generation_method": "scripts/generate_sample_parcels.py (v2, illustrative PoC)", "source": "Synthetic PoC generator (illustrative)", "source_year": 2021, "source_url": null, "processing_method": "GEDI LiDAR + ML", "model_version": "v1.4", "created_at": "2026-09-29T10:20:13.318723Z"}}, {"type": "Feature", "geometry": {"type": "Polygon", "coordinates": [[[-0.744976947647079, 5.947200796475922], [-0.7448664376842478, 5.948486107161631], [-0.7459956988522217, 5.94935487323202], [-0.7471971936100087, 5.948616682342464], [-0.7477494990815187, 5.94811743644272], [-0.7485844863549842, 5.947120604858734], [-0.7479970051266216, 5.9460812448364795], [-0.7468887815800829, 5.944923274307533], [-0.7459011327411567, 5.945747040139565], [-0.7445140297303237, 5.9458975396214555], [-0.744976947647079, 5.947200796475922]]]}, "properties": {"id": "259ca0f7-9807-4e20-9189-b731146a4127", "jurisdiction_code": "GH-AH", "jurisdiction_name": "Ghana Ashanti", "class_label": "agroforestry", "agroforestry_subtype": "shade_cocoa", "confidence_score": 0.617, "area_ha": 13.59, "uncertainty": 0.383, "data_origin": "synthetic", "generation_method": "scripts/generate_sample_parcels.py (v2, illustrative PoC)", "source": "Synthetic PoC generator (illustrative)", "source_year": 2020, "source_url": null, "processing_method": "GEDI LiDAR + ML", "model_version": "v3.1", "created_at": "2026-09-29T10:20:13.318757Z"}}, {"type": "Feature", "geometry": {"type": "Polygon", "coordinates": [[[-2.034497381805538, 6.6158957192659305], [-2.0345120506793553, 6.616563467917536], [-2.0352410558644984, 6.617156048195738], [-2.0362652832138717, 6.616961497468887], [-2.036230539480344, 6.616218441308445], [-2.0363713553875327, 6.615265706423916], [-2.035887155296156, 6.615015814967977], [-2.0350879855076895, 6.614287949460511], [-2.034405293742451, 6.614804878828246], [-2.034497381805538, 6.6158957192659305]]]}, "properties": {"id": "3b1c7930-803f-47a0-88fa-62f55d68f498", "jurisdiction_code": "GH-AH", "jurisdiction_name": "Ghana Ashanti", "class_label": "agroforestry", "agroforestry_subtype": "shade_cocoa", "confidence_score": 0.588, "area_ha": 4.39, "uncertainty": 0.412, "data_origin": "synthetic", "generation_method": "scripts/generate_sample_parcels.py (v2, illustrative PoC)", "source": "Synthetic PoC generator (illustrative)", "source_year": 2024, "source_url": null, "processing_method": "Sentinel-2 + Random Forest", "model_version": "v1.9", "created_at": "2026-09-29T10:20:13.318786Z"}}, {"type": "Feature", "geometry": {"type": "Polygon", "coordinates": [[[-2.496252778108118, 5.626560359689035], [-2.496769913220319, 5.628364872297563], [-2.4986806247275424, 5.628002289833724], [-2.4988525333931317, 5.626629490168969], [-2.4983054828932914, 5.624424065357961], [-2.4965693314644106, 5.625142363350761], [-2.496252778108118, 5.626560359689035]]]}, "properties": {"id": "569ec620-d5bc-4467-b79d-a61ba7ee8a1c", "jurisdiction_code": "GH-AH", "jurisdiction_name": "Ghana Ashanti", "class_label": "agroforestry", "agroforestry_subtype": "homegarden", "confidence_score": 0.561, "area_ha": 11.28, "uncertainty": 0.439, "data_origin": "synthetic", "generation_method": "scripts/generate_sample_parcels.py (v2, illustrative PoC)", "source": "Synthetic PoC generator (illustrative)", "source_year": 2024, "source_url": null, "processing_method": "Hybrid Remote Sensing", "model_version": "v3.7", "created_at": "2026-09-29T10:20:13.318812Z"}}, {"type": "Feature", "geometry": {"type": "Polygon", "coordinates": [[[-2.260118906064158, 5.941039427719642], [-2.260783416543197, 5.941778575796325], [-2.261300855195204, 5.942388104188732], [-2.261985950820155, 5.942066567149686], [-2.2623152330765, 5.941568540346301], [-2.2623481734834323, 5.940912240778062], [-2.2617637222140985, 5.940582843695636], [-2.2610302507409537, 5.939849440693312], [-2.260729070865008, 5.940567541072231], [-2.260118906064158, 5.941039427719642]]]}, "properties": {"id": "5786907a-1d88-4566-8042-c6b82ffca951", "jurisdiction_code": "GH-AH", "jurisdiction_name": "Ghana Ashanti", "class_label": "agroforestry", "agroforestry_subtype": "shade_cocoa", "confidence_score": 0.883, "area_ha": 4.62, "uncertainty": 0.117, "data_origin": "synthetic", "generation_method": "scripts/generate_sample_parcels.py (v2, illustrative PoC)", "source": "Synthetic PoC generator (illustrative)", "source_year": 2023, "source_url": null, "processing_method": "Hybrid Remote Sensing", "model_version": "v3.3", "created_at": "2026-09-29T10:20:13.318842Z"}}, {"type": "Feature", "geometry": {"type": "Polygon", "coordinates": [[[-2.1455874635316783, 6.105589235066115], [-2.1456445536694995, 6.106076835401136], [-2.1461294318905733, 6.106111267453951], [-2.1462695413235364, 6.106037756856837], [-2.146742450841497, 6.105919249185427], [-2.146712658410404, 6.105415174861776], [-2.146565264676225, 6.105144847958822], [-2.145977620699648, 6.104974545659569], [-2.145693760807767, 6.105197039432905], [-2.1455874635316783, 6.105589235066115]]]}, "properties": {"id": "23d914b0-17a1-43cf-a815-fe6c0a579391", "jurisdiction_code": "GH-AH", "jurisdiction_name": "Ghana Ashanti", "class_label": "agroforestry", "agroforestry_subtype": "alley_cropping", "confidence_score": 0.564, "area_ha": 1.32, "uncertainty": 0.436, "data_origin": "synthetic", "generation_method": "scripts/generate_sample_parcels.py (v2, illustrative PoC)", "source": "Synthetic PoC generator (illustrative)", "source_year": 2023, "source_url": null, "processing_method": "GEDI LiDAR + ML", "model_version": "v1.4", "created_at": "2026-09-29T10:20:13.318872Z"}}, {"type": "Feature", "geometry": {"type": "Polygon", "coordinates": [[[-2.378588562654726, 6.961923522094328], [-2.3785272088062612, 6.9627690818266625], [-2.3791313590796297, 6.962851398487164], [-2.3794500265630436, 6.962664107766651], [-2.3801567994642574, 6.96257587005738], [-2.380384903155917, 6.961765027981234], [-2.3799925826499773, 6.961237877383667], [-2.379815368089598, 6.960967081149634], [-2.3791776434546574, 6.961225427796095], [-2.3787753321182334, 6.961449560778935], [-2.378588562654726, 6.961923522094328]]]}, "properties": {"id": "44637d10-8b3b-4d76-aec6-caade56dc14e", "jurisdiction_code": "GH-AH", "jurisdiction_name": "Ghana Ashanti", "class_label": "agroforestry", "agroforestry_subtype": "shade_cocoa", "confidence_score": 0.554, "area_ha": 3.66, "uncertainty": 0.446, "data_origin": "synthetic", "generation_method": "scripts/generate_sample_parcels.py (v2, illustrative PoC)", "source": "Synthetic PoC generator (illustrative)", "source_year": 2020, "source_url": null, "processing_method": "GEDI LiDAR + ML", "model_version": "v3.6", "created_at": "2026-09-29T10:20:13.318901Z"}}, {"type": "Feature", "geometry": {"type": "Polygon", "coordinates": [[[-1.9311571036913235, 6.289800439815096], [-1.931947710691836, 6.2905792310782935], [-1.9330702186683912, 6.291373742465434], [-1.9346384290386573, 6.290323487444555], [-1.9338943591176563, 6.289186716072449], [-1.9331974269810381, 6.28864456572836], [-1.9319144514882332, 6.288096325735085], [-1.9311571036913235, 6.289800439815096]]]}, "properties": {"id": "42995351-7fb0-450b-91d9-d2147caa4ed1", "jurisdiction_code": "GH-AH", "jurisdiction_name": "Ghana Ashanti", "class_label": "agroforestry", "agroforestry_subtype": "alley_cropping", "confidence_score": 0.642, "area_ha": 11.01, "uncertainty": 0.358, "data_origin": "synthetic", "generation_method": "scripts/generate_sample_parcels.py (v2, illustrative PoC)", "source": "Synthetic PoC generator (illustrative)", "source_year": 2023, "source_url": null, "processing_method": "PlanetScope + CNN", "model_version": "v3.7", "created_at": "2026-09-29T10:20:13.318928Z"}}, {"type": "Feature", "geometry": {"type": "Polygon", "coordinates": [[[-1.785830293573019, 6.624099811517782], [-1.7859961736356535, 6.6244346049459395], [-1.7863449212335574, 6.624534155329556], [-1.786650154506053, 6.624133955998942], [-1.7864665365550447, 6.62372459574635], [-1.785979285027735, 6.623711068490268], [-1.785830293573019, 6.624099811517782]]]}, "properties": {"id": "afed4b74-0127-4168-a714-5fde66960ebc", "jurisdiction_code": "GH-AH", "jurisdiction_name": "Ghana Ashanti", "class_label": "agroforestry", "agroforestry_subtype": "homegarden", "confidence_score": 0.558, "area_ha": 0.56, "uncertainty": 0.442, "data_origin": "synthetic", "generation_method": "scripts/generate_sample_parcels.py (v2, illustrative PoC)", "source": "Synthetic PoC generator (illustrative)", "source_year": 2023, "source_url": null, "processing_method": "Hybrid Remote Sensing", "model_version": "v3.2", "created_at": "2026-09-29T10:20:13.318952Z"}}, {"type": "Feature", "geometry": {"type": "Polygon", "coordinates": [[[-0.7288537349435011, 6.966174315361569], [-0.7292212187333614, 6.966595917392368], [-0.7296920529920846, 6.966254520813846], [-0.7297238311585537, 6.965902821141731], [-0.7292584731054053, 6.965593937780172], [-0.7288537349435011, 6.966174315361569]]]}, "properties": {"id": "a9bc1f02-7b46-4094-9272-8e87b6dac468", "jurisdiction_code": "GH-AH", "jurisdiction_name": "Ghana Ashanti", "class_label": "agroforestry", "agroforestry_subtype": "shade_cocoa", "confidence_score": 0.584, "area_ha": 0.68, "uncertainty": 0.416, "data_origin": "synthetic", "generation_method": "scripts/generate_sample_parcels.py (v2, illustrative PoC)", "source": "Synthetic PoC generator (illustrative)", "source_year": 2021, "source_url": null, "processing_method": "Hybrid Remote Sensing", "model_version": "v1.6", "created_at": "2026-09-29T10:20:13.318976Z"}}, {"type": "Feature", "geometry": {"type": "Polygon", "coordinates": [[[-0.578380299864711, 6.945665954084868], [-0.579247329826235, 6.9465032430261955], [-0.5797819685816158, 6.946903217326822], [-0.5805973458419985, 6.946688990688732], [-0.5808842566612449, 6.946200338713379], [-0.5807926353256059, 6.945506750893588], [-0.5802976491623612, 6.944709915596054], [-0.5795184763996896, 6.9447379048710784], [-0.5792989212874073, 6.945191161441786], [-0.578380299864711, 6.945665954084868]]]}, "properties": {"id": "7d7e0c9b-9a39-4c0b-bac5-b3f04d97eb18", "jurisdiction_code": "GH-AH", "jurisdiction_name": "Ghana Ashanti", "class_label": "agroforestry", "agroforestry_subtype": "parkland", "confidence_score": 0.615, "area_ha": 5.18, "uncertainty": 0.385, "data_origin": "synthetic", "generation_method": "scripts/generate_sample_parcels.py (v2, illustrative PoC)", "source": "Synthetic PoC generator (illustrative)", "source_year": 2023, "source_url": null, "processing_method": "PlanetScope + CNN", "model_version": "v1.4", "created_at": "2026-09-29T10:20:13.319005Z"}}, {"type": "Feature", "geometry": {"type": "Polygon", "coordinates": [[[-1.046607107631529, 6.859521854004087], [-1.0473659645448445, 6.860861488056327], [-1.0484359896836817, 6.861685218680462], [-1.0498371904218085, 6.860376553767656], [-1.0496278568262138, 6.858677194533088], [-1.0481439959592571, 6.858068955460959], [-1.0472776869683451, 6.85859717692758], [-1.046607107631529, 6.859521854004087]]]}, "properties": {"id": "e8d649b0-1b6f-49af-9abb-2bf9bb6ef0da", "jurisdiction_code": "GH-AH", "jurisdiction_name": "Ghana Ashanti", "class_label": "agroforestry", "agroforestry_subtype": "shade_cocoa", "confidence_score": 0.618, "area_ha": 11.74, "uncertainty": 0.382, "data_origin": "synthetic", "generation_method": "scripts/generate_sample_parcels.py (v2, illustrative PoC)", "source": "Synthetic PoC generator (illustrative)", "source_year": 2021, "source_url": null, "processing_method": "Sentinel-2 + Random Forest", "model_version": "v3.1", "created_at": "2026-09-29T10:20:13.319030Z"}}, {"type": "Feature", "geometry": {"type": "Polygon", "coordinates": [[[-1.6432615423894124, 5.562891256497942], [-1.643313548732447, 5.56369533548244], [-1.6441618305647072, 5.564320497433398], [-1.6450086314650736, 5.56498823910811], [-1.6466535509374502, 5.563797198370714], [-1.6471426202209236, 5.562438483520375], [-1.6466935540450969, 5.561311329676704], [-1.6454481954518185, 5.560778657083711], [-1.644153915442709, 5.561532629748623], [-1.6431705535812884, 5.5620473053384485], [-1.6432615423894124, 5.562891256497942]]]}, "properties": {"id": "b74c60c4-06cc-4d46-a77a-22d3601b5658", "jurisdiction_code": "GH-AH", "jurisdiction_name": "Ghana Ashanti", "class_label": "agroforestry", "agroforestry_subtype": "shade_cocoa", "confidence_score": 0.6, "area_ha": 13.19, "uncertainty": 0.4, "data_origin": "synthetic", "generation_method": "scripts/generate_sample_parcels.py (v2, illustrative PoC)", "source": "Synthetic PoC generator (illustrative)", "source_year": 2021, "source_url": null, "processing_method": "Sentinel-2 + Random Forest", "model_version": "v3.3", "created_at": "2026-09-29T10:20:13.319060Z"}}, {"type": "Feature", "geometry": {"type": "Polygon", "coordinates": [[[-2.320544940185584, 5.661131007374981], [-2.3209809900914204, 5.662581035050407], [-2.3226851582329266, 5.663270111193038], [-2.3234053987875827, 5.662107571491517], [-2.3236877776804903, 5.660544236718915], [-2.3222983433714677, 5.659081186683756], [-2.3204699874571584, 5.659873090150936], [-2.320544940185584, 5.661131007374981]]]}, "properties": {"id": "b4a208e7-cf87-487a-b570-eae7696e2e63", "jurisdiction_code": "GH-AH", "jurisdiction_name": "Ghana Ashanti", "class_label": "agroforestry", "agroforestry_subtype": "shade_cocoa", "confidence_score": 0.852, "area_ha": 12.6, "uncertainty": 0.148, "data_origin": "synthetic", "generation_method": "scripts/generate_sample_parcels.py (v2, illustrative PoC)", "source": "Synthetic PoC generator (illustrative)", "source_year": 2021, "source_url": null, "processing_method": "PlanetScope + CNN", "model_version": "v2.1", "created_at": "2026-09-29T10:20:13.319086Z"}}, {"type": "Feature", "geometry": {"type": "Polygon", "coordinates": [[[-1.5847719214495724, 6.199859624942447], [-1.586148220364959, 6.201832421893049], [-1.5881114713132067, 6.201575470635461], [-1.5894932780482744, 6.199705948667484], [-1.588092485151861, 6.19776485515536], [-1.5861342040815638, 6.198722697515056], [-1.5847719214495724, 6.199859624942447]]]}, "properties": {"id": "19a0a27c-4b64-430b-ae0a-28d342a2e17e", "jurisdiction_code": "GH-AH", "jurisdiction_name": "Ghana Ashanti", "class_label": "agroforestry", "agroforestry_subtype": "homegarden", "confidence_score": 0.595, "area_ha": 18.73, "uncertainty": 0.405, "data_origin": "synthetic", "generation_method": "scripts/generate_sample_parcels.py (v2, illustrative PoC)", "source": "Synthetic PoC generator (illustrative)", "source_year": 2021, "source_url": null, "processing_method": "GEDI LiDAR + ML", "model_version": "v3.7", "created_at": "2026-09-29T10:20:13.319112Z"}}, {"type": "Feature", "geometry": {"type": "Polygon", "coordinates": [[[-2.207482778900036, 6.367498652936382], [-2.208434182501384, 6.36829030626153], [-2.2098233818202058, 6.368036300319359], [-2.2096682191741492, 6.366525756599632], [-2.2082596156819574, 6.366166592240833], [-2.207482778900036, 6.367498652936382]]]}, "properties": {"id": "f8627207-a8a0-4e5a-b258-78f097e2f975", "jurisdiction_code": "GH-AH", "jurisdiction_name": "Ghana Ashanti", "class_label": "agroforestry", "agroforestry_subtype": "shade_cocoa", "confidence_score": 0.594, "area_ha": 4.33, "uncertainty": 0.406, "data_origin": "synthetic", "generation_method": "scripts/generate_sample_parcels.py (v2, illustrative PoC)", "source": "Synthetic PoC generator (illustrative)", "source_year": 2024, "source_url": null, "processing_method": "PlanetScope + CNN", "model_version": "v1.0", "created_at": "2026-09-29T10:20:13.319138Z"}}, {"type": "Feature", "geometry": {"type": "Polygon", "coordinates": [[[-1.743378541673158, 6.7923791558559055], [-1.743968756164193, 6.793338318934341], [-1.7451741494373902, 6.792863887874211], [-1.7451021930026314, 6.791554023047214], [-1.7440567739266384, 6.791595415365926], [-1.743378541673158, 6.7923791558559055]]]}, "properties": {"id": "00f8ab70-c767-453d-956f-bccd367e4545", "jurisdiction_code": "GH-AH", "jurisdiction_name": "Ghana Ashanti", "class_label": "agroforestry", "agroforestry_subtype": "alley_cropping", "confidence_score": 0.556, "area_ha": 3.33, "uncertainty": 0.444, "data_origin": "synthetic", "generation_method": "scripts/generate_sample_parcels.py (v2, illustrative PoC)", "source": "Synthetic PoC generator (illustrative)", "source_year": 2023, "source_url": null, "processing_method": "PlanetScope + CNN", "model_version": "v2.8", "created_at": "2026-09-29T10:20:13.319163Z"}}, {"type": "Feature", "geometry": {"type": "Polygon", "coordinates": [[[-0.8598083983987175, 5.577546768837067], [-0.8602935910723891, 5.578088066851286], [-0.8607672288934103, 5.578785779963912], [-0.8614862031274843, 5.57837880571742], [-0.8623120147904353, 5.577879733670814], [-0.8628425420821135, 5.57750912852599], [-0.8624202290114621, 5.576687202897687], [-0.8614617974048833, 5.576284578547764], [-0.8609946282364753, 5.575716667677851], [-0.8598067388806293, 5.576377441896371], [-0.8598083983987175, 5.577546768837067]]]}, "properties": {"id": "c853fd3f-50ee-4c80-b383-448d2e2c7a7a", "jurisdiction_code": "GH-AH", "jurisdiction_name": "Ghana Ashanti", "class_label": "agroforestry", "agroforestry_subtype": "parkland", "confidence_score": 0.631, "area_ha": 7.01, "uncertainty": 0.369, "data_origin": "synthetic", "generation_method": "scripts/generate_sample_parcels.py (v2, illustrative PoC)", "source": "Synthetic PoC generator (illustrative)", "source_year": 2020, "source_url": null, "processing_method": "PlanetScope + CNN", "model_version": "v1.7", "created_at": "2026-09-29T10:20:13.319192Z"}}, {"type": "Feature", "geometry": {"type": "Polygon", "coordinates": [[[-1.8007235288553063, 6.957541028127266], [-1.8007872556108548, 6.958896062697166], [-1.8024220983712285, 6.9592399749864695], [-1.8035896486065677, 6.958711183567944], [-1.8040695634363335, 6.957300669355114], [-1.8036362044461094, 6.95658744390792], [-1.8026001183162457, 6.956044166764424], [-1.8015399452002325, 6.956597400154434], [-1.8007235288553063, 6.957541028127266]]]}, "properties": {"id": "a940fba3-28d9-4df7-9e31-7d6eebe6f3fd", "jurisdiction_code": "GH-AH", "jurisdiction_name": "Ghana Ashanti", "class_label": "agroforestry", "agroforestry_subtype": "shade_cocoa", "confidence_score": 0.596, "area_ha": 8.14, "uncertainty": 0.404, "data_origin": "synthetic", "generation_method": "scripts/generate_sample_parcels.py (v2, illustrative PoC)", "source": "Synthetic PoC generator (illustrative)", "source_year": 2020, "source_url": null, "processing_method": "Sentinel-2 + Random Forest", "model_version": "v2.3", "created_at": "2026-09-29T10:20:13.319219Z"}}, {"type": "Feature", "geometry": {"type": "Polygon", "coordinates": [[[-1.4671467677549392, 6.599164361853988], [-1.4673139460197486, 6.600647272988772], [-1.4691299189423135, 6.600728186206813], [-1.469970575995433, 6.598883816023186], [-1.4691220699783691, 6.59763198754964], [-1.467938946751968, 6.598059186382237], [-1.4671467677549392, 6.599164361853988]]]}, "properties": {"id": "023c5698-455b-4fa6-8316-7301982257a8", "jurisdiction_code": "GH-AH", "jurisdiction_name": "Ghana Ashanti", "class_label": "agroforestry", "agroforestry_subtype": "homegarden", "confidence_score": 0.595, "area_ha": 9.09, "uncertainty": 0.405, "data_origin": "synthetic", "generation_method": "scripts/generate_sample_parcels.py (v2, illustrative PoC)", "source": "Synthetic PoC generator (illustrative)", "source_year": 2020, "source_url": null, "processing_method": "Hybrid Remote Sensing", "model_version": "v3.1", "created_at": "2026-09-29T10:20:13.319244Z"}}, {"type": "Feature", "geometry": {"type": "Polygon", "coordinates": [[[-0.919198261579557, 5.865771114269159], [-0.9195686631133324, 5.867010439058524], [-0.9205312314759141, 5.866695105772455], [-0.920904258078217, 5.865948122216956], [-0.9206848958225461, 5.864589903937692], [-0.9193700791245519, 5.865130551044213], [-0.919198261579557, 5.865771114269159]]]}, "properties": {"id": "2aeb9205-29c2-4ccf-90a3-cc572189757e", "jurisdiction_code": "GH-AH", "jurisdiction_name": "Ghana Ashanti", "class_label": "agroforestry", "agroforestry_subtype": "shade_cocoa", "confidence_score": 0.907, "area_ha": 4.04, "uncertainty": 0.093, "data_origin": "synthetic", "generation_method": "scripts/generate_sample_parcels.py (v2, illustrative PoC)", "source": "Synthetic PoC generator (illustrative)", "source_year": 2022, "source_url": null, "processing_method": "GEDI LiDAR + ML", "model_version": "v1.9", "created_at": "2026-09-29T10:20:13.319269Z"}}, {"type": "Feature", "geometry": {"type": "Polygon", "coordinates": [[[-0.9014277465560047, 6.533350291448216], [-0.9014700255110261, 6.533890132342558], [-0.9022050045325891, 6.533888163869038], [-0.9024673552848612, 6.533848379924076], [-0.903164424511815, 6.533721362969122], [-0.903068416789208, 6.532959687050325], [-0.902659078051063, 6.5326558049677095], [-0.902113080330746, 6.532292125860914], [-0.9013641250020394, 6.53256871402822], [-0.9014277465560047, 6.533350291448216]]]}, "properties": {"id": "fa419627-ff62-4565-a8bb-f9d3e3f9ab61", "jurisdiction_code": "GH-AH", "jurisdiction_name": "Ghana Ashanti", "class_label": "agroforestry", "agroforestry_subtype": "alley_cropping", "confidence_score": 0.554, "area_ha": 2.74, "uncertainty": 0.446, "data_origin": "synthetic", "generation_method": "scripts/generate_sample_parcels.py (v2, illustrative PoC)", "source": "Synthetic PoC generator (illustrative)", "source_year": 2024, "source_url": null, "processing_method": "Hybrid Remote Sensing", "model_version": "v2.7", "created_at": "2026-09-29T10:20:13.319298Z"}}, {"type": "Feature", "geometry": {"type": "Polygon", "coordinates": [[[-2.3584948960424006, 6.240723077832544], [-2.359137908832641, 6.241436972998132], [-2.3603927205682615, 6.242481354559107], [-2.3609023651416967, 6.2414205154510585], [-2.361453088942824, 6.2398255588064275], [-2.3603782820915242, 6.239604005455866], [-2.3587478545844287, 6.2393694325054225], [-2.3584948960424006, 6.240723077832544]]]}, "properties": {"id": "9b16b8b6-250b-43e6-a94d-413888106cd1", "jurisdiction_code": "GH-AH", "jurisdiction_name": "Ghana Ashanti", "class_label": "agroforestry", "agroforestry_subtype": "homegarden", "confidence_score": 0.612, "area_ha": 9.55, "uncertainty": 0.388, "data_origin": "synthetic", "generation_method": "scripts/generate_sample_parcels.py (v2, illustrative PoC)", "source": "Synthetic PoC generator (illustrative)", "source_year": 2021, "source_url": null, "processing_method": "Hybrid Remote Sensing", "model_version": "v3.0", "created_at": "2026-09-29T10:20:13.319325Z"}}, {"type": "Feature", "geometry": {"type": "Polygon", "coordinates": [[[-2.476770856901366, 5.67140860816922], [-2.4772625653575258, 5.671945665467873], [-2.4776800228226987, 5.672227714782642], [-2.478438313510407, 5.671726645928712], [-2.4783804016597997, 5.671245770101596], [-2.477650161569492, 5.670663647183057], [-2.477275818870788, 5.670870006032616], [-2.476770856901366, 5.67140860816922]]]}, "properties": {"id": "976cac76-5ba1-4605-8864-d419994f94d2", "jurisdiction_code": "GH-AH", "jurisdiction_name": "Ghana Ashanti", "class_label": "agroforestry", "agroforestry_subtype": "alley_cropping", "confidence_score": 0.893, "area_ha": 2.6, "uncertainty": 0.107, "data_origin": "synthetic", "generation_method": "scripts/generate_sample_parcels.py (v2, illustrative PoC)", "source": "Synthetic PoC generator (illustrative)", "source_year": 2024, "source_url": null, "processing_method": "GEDI LiDAR + ML", "model_version": "v2.4", "created_at": "2026-09-29T10:20:13.319351Z"}}, {"type": "Feature", "geometry": {"type": "Polygon", "coordinates": [[[-1.0325293438575023, 5.732346992105359], [-1.0335532839471573, 5.733401671438315], [-1.0345635119055774, 5.734300528516363], [-1.0353480457193875, 5.7335544726710514], [-1.0371892314989701, 5.732783521019452], [-1.0365981612277733, 5.731773450161994], [-1.0360038069875799, 5.730320417676638], [-1.034458342999746, 5.7305452042397835], [-1.033312870470311, 5.730966938030165], [-1.0325293438575023, 5.732346992105359]]]}, "properties": {"id": "e968a88a-2add-4f69-8386-366c6b311754", "jurisdiction_code": "GH-AH", "jurisdiction_name": "Ghana Ashanti", "class_label": "agroforestry", "agroforestry_subtype": "shade_cocoa", "confidence_score": 0.623, "area_ha": 13.94, "uncertainty": 0.377, "data_origin": "synthetic", "generation_method": "scripts/generate_sample_parcels.py (v2, illustrative PoC)", "source": "Synthetic PoC generator (illustrative)", "source_year": 2021, "source_url": null, "processing_method": "GEDI LiDAR + ML", "model_version": "v1.0", "created_at": "2026-09-29T10:20:13.319379Z"}}, {"type": "Feature", "geometry": {"type": "Polygon", "coordinates": [[[-1.555133198372086, 6.843040020229782], [-1.5556098280736463, 6.844444393342049], [-1.5571287712482949, 6.84347736031566], [-1.557274554405673, 6.842100876166208], [-1.555762156711579, 6.841586147637987], [-1.555133198372086, 6.843040020229782]]]}, "properties": {"id": "44dabaa7-687c-4d2d-b04a-338c7a6cf3e3", "jurisdiction_code": "GH-AH", "jurisdiction_name": "Ghana Ashanti", "class_label": "agroforestry", "agroforestry_subtype": "alley_cropping", "confidence_score": 0.583, "area_ha": 5.23, "uncertainty": 0.417, "data_origin": "synthetic", "generation_method": "scripts/generate_sample_parcels.py (v2, illustrative PoC)", "source": "Synthetic PoC generator (illustrative)", "source_year": 2024, "source_url": null, "processing_method": "Hybrid Remote Sensing", "model_version": "v3.1", "created_at": "2026-09-29T10:20:13.319403Z"}}, {"type": "Feature", "geometry": {"type": "Polygon", "coordinates": [[[-1.0438392463886728, 6.233824907444859], [-1.0440445989905835, 6.234457006268611], [-1.0445344624053234, 6.234358176648902], [-1.0447810694227693, 6.234335590153339], [-1.045171769432865, 6.234090524889188], [-1.0450737824844099, 6.233623656295177], [-1.0449119978849553, 6.233035848360866], [-1.0444380274587644, 6.233272616709857], [-1.0441681427462852, 6.233374645267209], [-1.0438392463886728, 6.233824907444859]]]}, "properties": {"id": "58578cc7-71be-44a9-8a36-0118abb1dd21", "jurisdiction_code": "GH-AH", "jurisdiction_name": "Ghana Ashanti", "class_label": "agroforestry", "agroforestry_subtype": "alley_cropping", "confidence_score": 0.891, "area_ha": 1.97, "uncertainty": 0.109, "data_origin": "synthetic", "generation_method": "scripts/generate_sample_parcels.py (v2, illustrative PoC)", "source": "Synthetic PoC generator (illustrative)", "source_year": 2023, "source_url": null, "processing_method": "Sentinel-2 + Random Forest", "model_version": "v2.5", "created_at": "2026-09-29T10:20:13.319431Z"}}, {"type": "Feature", "geometry": {"type": "Polygon", "coordinates": [[[-1.7771157463241, 6.434886194288753], [-1.7777308012369655, 6.435972245160248], [-1.7783583956615787, 6.4359680661322285], [-1.77932376267261, 6.436732056639215], [-1.7799560058259865, 6.436223433286093], [-1.780153924037448, 6.4347500667054005], [-1.780087339483756, 6.434197669039778], [-1.77911084381675, 6.43399476846939], [-1.7784958917956644, 6.433824148269996], [-1.7777232236414213, 6.434489435612779], [-1.7771157463241, 6.434886194288753]]]}, "properties": {"id": "9effab90-2dcc-4d2d-833b-ff81a0c0d6e7", "jurisdiction_code": "GH-AH", "jurisdiction_name": "Ghana Ashanti", "class_label": "agroforestry", "agroforestry_subtype": "homegarden", "confidence_score": 0.599, "area_ha": 8.16, "uncertainty": 0.401, "data_origin": "synthetic", "generation_method": "scripts/generate_sample_parcels.py (v2, illustrative PoC)", "source": "Synthetic PoC generator (illustrative)", "source_year": 2021, "source_url": null, "processing_method": "Sentinel-2 + Random Forest", "model_version": "v2.3", "created_at": "2026-09-29T10:20:13.319461Z"}}, {"type": "Feature", "geometry": {"type": "Polygon", "coordinates": [[[-0.5467996695068981, 5.836669517708915], [-0.5469356652775498, 5.8378384994953825], [-0.5481811636102996, 5.83807284054523], [-0.5487385745826718, 5.837536345478973], [-0.5489523318698809, 5.836127211250343], [-0.5481946510830423, 5.835928539996145], [-0.5471315633443022, 5.836285458764994], [-0.5467996695068981, 5.836669517708915]]]}, "properties": {"id": "2e4fd200-3083-4e19-9f3b-d96f12757b4b", "jurisdiction_code": "GH-AH", "jurisdiction_name": "Ghana Ashanti", "class_label": "agroforestry", "agroforestry_subtype": "parkland", "confidence_score": 0.642, "area_ha": 4.21, "uncertainty": 0.358, "data_origin": "synthetic", "generation_method": "scripts/generate_sample_parcels.py (v2, illustrative PoC)", "source": "Synthetic PoC generator (illustrative)", "source_year": 2024, "source_url": null, "processing_method": "PlanetScope + CNN", "model_version": "v3.2", "created_at": "2026-09-29T10:20:13.319487Z"}}, {"type": "Feature", "geometry": {"type": "Polygon", "coordinates": [[[-1.669195927864458, 5.625151254724228], [-1.669606009768168, 5.6263015186419105], [-1.670751656920188, 5.626598051092755], [-1.6714952829612633, 5.625629907733769], [-1.6718122391175427, 5.624422794090021], [-1.670675737902066, 5.6240892724515295], [-1.6698150499903108, 5.62427777364553], [-1.669195927864458, 5.625151254724228]]]}, "properties": {"id": "9fb6bff9-a7dd-48f8-b626-d18357028768", "jurisdiction_code": "GH-AH", "jurisdiction_name": "Ghana Ashanti", "class_label": "agroforestry", "agroforestry_subtype": "shade_cocoa", "confidence_score": 0.851, "area_ha": 6.49, "uncertainty": 0.149, "data_origin": "synthetic", "generation_method": "scripts/generate_sample_parcels.py (v2, illustrative PoC)", "source": "Synthetic PoC generator (illustrative)", "source_year": 2021, "source_url": null, "processing_method": "GEDI LiDAR + ML", "model_version": "v2.2", "created_at": "2026-09-29T10:20:13.319513Z"}}, {"type": "Feature", "geometry": {"type": "Polygon", "coordinates": [[[-2.4232228504860087, 6.417430623535864], [-2.423973498993942, 6.418359278920543], [-2.4248251674372168, 6.418712870554701], [-2.4256569278852553, 6.418072589957453], [-2.4254153560206544, 6.417159589376675], [-2.42495923617356, 6.416470489028489], [-2.42412942360482, 6.41672463546332], [-2.4232228504860087, 6.417430623535864]]]}, "properties": {"id": "05aa151e-01e8-4f0b-9888-290459b65799", "jurisdiction_code": "GH-AH", "jurisdiction_name": "Ghana Ashanti", "class_label": "agroforestry", "agroforestry_subtype": "shade_cocoa", "confidence_score": 0.631, "area_ha": 4.91, "uncertainty": 0.369, "data_origin": "synthetic", "generation_method": "scripts/generate_sample_parcels.py (v2, illustrative PoC)", "source": "Synthetic PoC generator (illustrative)", "source_year": 2021, "source_url": null, "processing_method": "Sentinel-2 + Random Forest", "model_version": "v1.5", "created_at": "2026-09-29T10:20:13.319538Z"}}, {"type": "Feature", "geometry": {"type": "Polygon", "coordinates": [[[-1.0666996464840903, 5.564159280822319], [-1.0673506543220266, 5.564941817415642], [-1.0686626720133168, 5.564976416869367], [-1.069119183106943, 5.564333770297736], [-1.0684639922649837, 5.563313427782615], [-1.0676734868601663, 5.5631941165919425], [-1.0666996464840903, 5.564159280822319]]]}, "properties": {"id": "11de76e6-8ee5-4dcc-8b21-126c1288b320", "jurisdiction_code": "GH-AH", "jurisdiction_name": "Ghana Ashanti", "class_label": "agroforestry", "agroforestry_subtype": "shade_cocoa", "confidence_score": 0.641, "area_ha": 4.74, "uncertainty": 0.359, "data_origin": "synthetic", "generation_method": "scripts/generate_sample_parcels.py (v2, illustrative PoC)", "source": "Synthetic PoC generator (illustrative)", "source_year": 2021, "source_url": null, "processing_method": "GEDI LiDAR + ML", "model_version": "v1.0", "created_at": "2026-09-29T10:20:13.319565Z"}}, {"type": "Feature", "geometry": {"type": "Polygon", "coordinates": [[[-2.3600890889064647, 5.970608647526394], [-2.3609724469661546, 5.971144258661324], [-2.3616217537454642, 5.971201861946293], [-2.362511790702254, 5.9707711032227255], [-2.3621026956393196, 5.970023249979513], [-2.3615164671874163, 5.969419547986731], [-2.360798150658777, 5.969296224787806], [-2.3600890889064647, 5.970608647526394]]]}, "properties": {"id": "560eea17-29da-42af-8aca-3933ae9ba31d", "jurisdiction_code": "GH-AH", "jurisdiction_name": "Ghana Ashanti", "class_label": "agroforestry", "agroforestry_subtype": "shade_cocoa", "confidence_score": 0.566, "area_ha": 3.77, "uncertainty": 0.434, "data_origin": "synthetic", "generation_method": "scripts/generate_sample_parcels.py (v2, illustrative PoC)", "source": "Synthetic PoC generator (illustrative)", "source_year": 2022, "source_url": null, "processing_method": "Hybrid Remote Sensing", "model_version": "v1.4", "created_at": "2026-09-29T10:20:13.319590Z"}}, {"type": "Feature", "geometry": {"type": "Polygon", "coordinates": [[[-1.3766517744141775, 5.5116619613769755], [-1.377301226283765, 5.512604094592508], [-1.3786043010149498, 5.51314735150595], [-1.379762885755931, 5.511636141427659], [-1.378584610607541, 5.5107148216922965], [-1.3773490137370714, 5.510735046516855], [-1.3766517744141775, 5.5116619613769755]]]}, "properties": {"id": "f577fdf7-5890-4a44-ad4b-da4c393b630a", "jurisdiction_code": "GH-AH", "jurisdiction_name": "Ghana Ashanti", "class_label": "agroforestry", "agroforestry_subtype": "alley_cropping", "confidence_score": 0.616, "area_ha": 6.26, "uncertainty": 0.384, "data_origin": "synthetic", "generation_method": "scripts/generate_sample_parcels.py (v2, illustrative PoC)", "source": "Synthetic PoC generator (illustrative)", "source_year": 2024, "source_url": null, "processing_method": "PlanetScope + CNN", "model_version": "v2.7", "created_at": "2026-09-29T10:20:13.319615Z"}}, {"type": "Feature", "geometry": {"type": "Polygon", "coordinates": [[[-2.2617411258478786, 6.10278924642297], [-2.261753156581597, 6.103069659528869], [-2.2620523931079117, 6.103189246242701], [-2.2622429533987076, 6.103072893191328], [-2.262411105393742, 6.102876356021834], [-2.2624647675028937, 6.102694272546744], [-2.2622325330062494, 6.102418805450625], [-2.2620272413713978, 6.102440876174293], [-2.261820365672494, 6.102580986372286], [-2.2617411258478786, 6.10278924642297]]]}, "properties": {"id": "96eec2dd-0cf7-486c-a4b6-a4e1c4df8376", "jurisdiction_code": "GH-AH", "jurisdiction_name": "Ghana Ashanti", "class_label": "agroforestry", "agroforestry_subtype": "shade_cocoa", "confidence_score": 0.587, "area_ha": 0.51, "uncertainty": 0.413, "data_origin": "synthetic", "generation_method": "scripts/generate_sample_parcels.py (v2, illustrative PoC)", "source": "Synthetic PoC generator (illustrative)", "source_year": 2022, "source_url": null, "processing_method": "Hybrid Remote Sensing", "model_version": "v1.8", "created_at": "2026-09-29T10:20:13.319643Z"}}, {"type": "Feature", "geometry": {"type": "Polygon", "coordinates": [[[-1.447745744659698, 5.805690378970967], [-1.4484032093775767, 5.806739574341295], [-1.4494906766065556, 5.807655593513404], [-1.4504476182515151, 5.806785881225217], [-1.4505553313191184, 5.80616818851278], [-1.4502960995228606, 5.80473809792788], [-1.4493334952965473, 5.804861045686624], [-1.4485045538353638, 5.805126378635843], [-1.447745744659698, 5.805690378970967]]]}, "properties": {"id": "ef3cbbf0-15e0-48e1-a817-7c9cbd0163d8", "jurisdiction_code": "GH-AH", "jurisdiction_name": "Ghana Ashanti", "class_label": "agroforestry", "agroforestry_subtype": "shade_cocoa", "confidence_score": 0.847, "area_ha": 6.82, "uncertainty": 0.153, "data_origin": "synthetic", "generation_method": "scripts/generate_sample_parcels.py (v2, illustrative PoC)", "source": "Synthetic PoC generator (illustrative)", "source_year": 2022, "source_url": null, "processing_method": "Hybrid Remote Sensing", "model_version": "v1.2", "created_at": "2026-09-29T10:20:13.319670Z"}}, {"type": "Feature", "geometry": {"type": "Polygon", "coordinates": [[[-2.206929176636178, 5.561626429869687], [-2.2075798618812454, 5.562110454661221], [-2.208155915562482, 5.56233907639563], [-2.208676833630918, 5.562248407860565], [-2.2093906798644145, 5.5615216751260155], [-2.2089557097172596, 5.561033301987714], [-2.2081396358891023, 5.560427192296044], [-2.2073509006769396, 5.56091360771552], [-2.206929176636178, 5.561626429869687]]]}, "properties": {"id": "5c4252d0-d79a-45d2-8078-fe0c57572c75", "jurisdiction_code": "GH-AH", "jurisdiction_name": "Ghana Ashanti", "class_label": "agroforestry", "agroforestry_subtype": "alley_cropping", "confidence_score": 0.58, "area_ha": 4.12, "uncertainty": 0.42, "data_origin": "synthetic", "generation_method": "scripts/generate_sample_parcels.py (v2, illustrative PoC)", "source": "Synthetic PoC generator (illustrative)", "source_year": 2021, "source_url": null, "processing_method": "Hybrid Remote Sensing", "model_version": "v2.4", "created_at": "2026-09-29T10:20:13.319707Z"}}, {"type": "Feature", "geometry": {"type": "Polygon", "coordinates": [[[-0.8742556087337439, 5.986498406025365], [-0.8743386200587814, 5.987658889388855], [-0.8758676220478913, 5.987682917415564], [-0.8769853191089096, 5.987097877136134], [-0.8771559574543569, 5.985968035299501], [-0.8758216880418014, 5.985315666143963], [-0.8744411193428131, 5.985407715218033], [-0.8742556087337439, 5.986498406025365]]]}, "properties": {"id": "f4c1d32e-de0f-40f8-a22c-73d0038883a9", "jurisdiction_code": "GH-AH", "jurisdiction_name": "Ghana Ashanti", "class_label": "agroforestry", "agroforestry_subtype": "shade_cocoa", "confidence_score": 0.605, "area_ha": 5.41, "uncertainty": 0.395, "data_origin": "synthetic", "generation_method": "scripts/generate_sample_parcels.py (v2, illustrative PoC)", "source": "Synthetic PoC generator (illustrative)", "source_year": 2023, "source_url": null, "processing_method": "Hybrid Remote Sensing", "model_version": "v3.6", "created_at": "2026-09-29T10:20:13.319734Z"}}, {"type": "Feature", "geometry": {"type": "Polygon", "coordinates": [[[-0.582175412463382, 7.019691691333045], [-0.5840949390003279, 7.021346568780334], [-0.5855530917787508, 7.020598934525065], [-0.5854816265771072, 7.018871907717597], [-0.583756057115733, 7.0182645948200575], [-0.582175412463382, 7.019691691333045]]]}, "properties": {"id": "d224f911-32b3-44db-9fa5-7fa7ea0507c8", "jurisdiction_code": "GH-AH", "jurisdiction_name": "Ghana Ashanti", "class_label": "agroforestry", "agroforestry_subtype": "shade_cocoa", "confidence_score": 0.852, "area_ha": 8.68, "uncertainty": 0.148, "data_origin": "synthetic", "generation_method": "scripts/generate_sample_parcels.py (v2, illustrative PoC)", "source": "Synthetic PoC generator (illustrative)", "source_year": 2020, "source_url": null, "processing_method": "GEDI LiDAR + ML", "model_version": "v3.9", "created_at": "2026-09-29T10:20:13.319758Z"}}, {"type": "Feature", "geometry": {"type": "Polygon", "coordinates": [[[-2.43961453947824, 5.724806609294923], [-2.439968731796881, 5.726106489288108], [-2.441336700724146, 5.726517538831184], [-2.4423831722194405, 5.725764760966272], [-2.4426876258304264, 5.724191681935841], [-2.4412911175680976, 5.723411032462474], [-2.439988021275406, 5.723147864888071], [-2.43961453947824, 5.724806609294923]]]}, "properties": {"id": "ce2da698-76af-4934-a25c-5e247a54ca94", "jurisdiction_code": "GH-AH", "jurisdiction_name": "Ghana Ashanti", "class_label": "agroforestry", "agroforestry_subtype": "shade_cocoa", "confidence_score": 0.593, "area_ha": 10.04, "uncertainty": 0.407, "data_origin": "synthetic", "generation_method": "scripts/generate_sample_parcels.py (v2, illustrative PoC)", "source": "Synthetic PoC generator (illustrative)", "source_year": 2021, "source_url": null, "processing_method": "Sentinel-2 + Random Forest", "model_version": "v3.7", "created_at": "2026-09-29T10:20:13.319784Z"}}, {"type": "Feature", "geometry": {"type": "Polygon", "coordinates": [[[-1.580221060018873, 6.88502088480232], [-1.5802944926134948, 6.885566786265053], [-1.581183766105177, 6.885878228645266], [-1.5820373910760395, 6.885422925621583], [-1.581994890262576, 6.884395362129664], [-1.5813920718429895, 6.883920769443302], [-1.5804838951392395, 6.884115327055681], [-1.580221060018873, 6.88502088480232]]]}, "properties": {"id": "1ca5cd66-93f4-4e3d-bc28-b32ffd4dc109", "jurisdiction_code": "GH-AH", "jurisdiction_name": "Ghana Ashanti", "class_label": "agroforestry", "agroforestry_subtype": "shade_cocoa", "confidence_score": 0.587, "area_ha": 3.78, "uncertainty": 0.413, "data_origin": "synthetic", "generation_method": "scripts/generate_sample_parcels.py (v2, illustrative PoC)", "source": "Synthetic PoC generator (illustrative)", "source_year": 2022, "source_url": null, "processing_method": "Sentinel-2 + Random Forest", "model_version": "v1.0", "created_at": "2026-09-29T10:20:13.319810Z"}}, {"type": "Feature", "geometry": {"type": "Polygon", "coordinates": [[[-1.3865039906803889, 6.841826159514113], [-1.3874781669403853, 6.843356081837792], [-1.3886842073767955, 6.843085520996927], [-1.3898480466131191, 6.841934660817111], [-1.3890286968308794, 6.840570264492706], [-1.3876130542128897, 6.840834551446417], [-1.3865039906803889, 6.841826159514113]]]}, "properties": {"id": "8f96d8f8-d668-4ea3-a1a3-397f59fb6a16", "jurisdiction_code": "GH-AH", "jurisdiction_name": "Ghana Ashanti", "class_label": "agroforestry", "agroforestry_subtype": "shade_cocoa", "confidence_score": 0.595, "area_ha": 7.98, "uncertainty": 0.405, "data_origin": "synthetic", "generation_method": "scripts/generate_sample_parcels.py (v2, illustrative PoC)", "source": "Synthetic PoC generator (illustrative)", "source_year": 2023, "source_url": null, "processing_method": "Hybrid Remote Sensing", "model_version": "v3.9", "created_at": "2026-09-29T10:20:13.319835Z"}}, {"type": "Feature", "geometry": {"type": "Polygon", "coordinates": [[[-1.7453507155389096, 5.734589493300445], [-1.7460699718065815, 5.735451516034359], [-1.7466879849438242, 5.735435792067502], [-1.7475689843913076, 5.734781853818609], [-1.7467593572473343, 5.733607727478751], [-1.7455818115355088, 5.733671648528422], [-1.7453507155389096, 5.734589493300445]]]}, "properties": {"id": "745427ca-26a1-4e90-8001-11671fb96d68", "jurisdiction_code": "GH-AH", "jurisdiction_name": "Ghana Ashanti", "class_label": "agroforestry", "agroforestry_subtype": "parkland", "confidence_score": 0.603, "area_ha": 3.78, "uncertainty": 0.397, "data_origin": "synthetic", "generation_method": "scripts/generate_sample_parcels.py (v2, illustrative PoC)", "source": "Synthetic PoC generator (illustrative)", "source_year": 2022, "source_url": null, "processing_method": "GEDI LiDAR + ML", "model_version": "v2.0", "created_at": "2026-09-29T10:20:13.319859Z"}}, {"type": "Feature", "geometry": {"type": "Polygon", "coordinates": [[[-1.0423371479030117, 7.021263193314384], [-1.0433384378488013, 7.022749086760292], [-1.0454149770318408, 7.0220364586734885], [-1.0450639213513992, 7.020179092976945], [-1.0435906119943648, 7.020282815430637], [-1.0423371479030117, 7.021263193314384]]]}, "properties": {"id": "aa3507fa-1b9b-4aa6-9e43-9fbb6a081cb6", "jurisdiction_code": "GH-AH", "jurisdiction_name": "Ghana Ashanti", "class_label": "agroforestry", "agroforestry_subtype": "shade_cocoa", "confidence_score": 0.557, "area_ha": 5.93, "uncertainty": 0.443, "data_origin": "synthetic", "generation_method": "scripts/generate_sample_parcels.py (v2, illustrative PoC)", "source": "Synthetic PoC generator (illustrative)", "source_year": 2024, "source_url": null, "processing_method": "Hybrid Remote Sensing", "model_version": "v3.1", "created_at": "2026-09-29T10:20:13.319883Z"}}, {"type": "Feature", "geometry": {"type": "Polygon", "coordinates": [[[-2.1413219097520235, 5.924049566454062], [-2.14209273857619, 5.925211216208599], [-2.1434714002579716, 5.925070738006607], [-2.1434696411016696, 5.923271523775694], [-2.1421249367629023, 5.923289503897622], [-2.1413219097520235, 5.924049566454062]]]}, "properties": {"id": "20c5992a-2909-4d07-b5de-d96a19fb8c0b", "jurisdiction_code": "GH-AH", "jurisdiction_name": "Ghana Ashanti", "class_label": "agroforestry", "agroforestry_subtype": "shade_cocoa", "confidence_score": 0.562, "area_ha": 3.68, "uncertainty": 0.438, "data_origin": "synthetic", "generation_method": "scripts/generate_sample_parcels.py (v2, illustrative PoC)", "source": "Synthetic PoC generator (illustrative)", "source_year": 2022, "source_url": null, "processing_method": "Hybrid Remote Sensing", "model_version": "v3.0", "created_at": "2026-09-29T10:20:13.319907Z"}}, {"type": "Feature", "geometry": {"type": "Polygon", "coordinates": [[[-1.7525752273212054, 6.439018152650781], [-1.7530352085705367, 6.439522931768587], [-1.7536769782258816, 6.43962610913125], [-1.7537526234758647, 6.4391999993546465], [-1.753695459543845, 6.438674692042336], [-1.7529830086940839, 6.4386715970954596], [-1.7525752273212054, 6.439018152650781]]]}, "properties": {"id": "a19cfcc4-c76e-455e-bbd6-8cd7e233367e", "jurisdiction_code": "GH-AH", "jurisdiction_name": "Ghana Ashanti", "class_label": "agroforestry", "agroforestry_subtype": "shade_cocoa", "confidence_score": 0.64, "area_ha": 1.17, "uncertainty": 0.36, "data_origin": "synthetic", "generation_method": "scripts/generate_sample_parcels.py (v2, illustrative PoC)", "source": "Synthetic PoC generator (illustrative)", "source_year": 2021, "source_url": null, "processing_method": "Sentinel-2 + Random Forest", "model_version": "v1.0", "created_at": "2026-09-29T10:20:13.319933Z"}}, {"type": "Feature", "geometry": {"type": "Polygon", "coordinates": [[[-0.6473725388381426, 5.835852382820577], [-0.64846017359122, 5.837447903262495], [-0.6490224230724988, 5.837816541273102], [-0.6503590426725651, 5.837801279348547], [-0.6515098667952782, 5.83733416709557], [-0.6509153085301035, 5.83574514342636], [-0.6508195718554536, 5.834584113760741], [-0.6488984746306175, 5.834407826112413], [-0.6480355578498198, 5.8351207657059705], [-0.6473725388381426, 5.835852382820577]]]}, "properties": {"id": "b0cf256d-c0f1-44d2-8954-8988d0beec96", "jurisdiction_code": "GH-AH", "jurisdiction_name": "Ghana Ashanti", "class_label": "agroforestry", "agroforestry_subtype": "shade_cocoa", "confidence_score": 0.862, "area_ha": 13.26, "uncertainty": 0.138, "data_origin": "synthetic", "generation_method": "scripts/generate_sample_parcels.py (v2, illustrative PoC)", "source": "Synthetic PoC generator (illustrative)", "source_year": 2023, "source_url": null, "processing_method": "Hybrid Remote Sensing", "model_version": "v3.1", "created_at": "2026-09-29T10:20:13.319961Z"}}, {"type": "Feature", "geometry": {"type": "Polygon", "coordinates": [[[-1.0151835584281876, 6.945141446837339], [-1.0158632473470846, 6.946163420707742], [-1.0167119881257, 6.946430484078775], [-1.0174860210603593, 6.945773468103048], [-1.0172789737533992, 6.944668865282529], [-1.0166750685261923, 6.943992038697579], [-1.01575291463398, 6.944299970724044], [-1.0151835584281876, 6.945141446837339]]]}, "properties": {"id": "773bc3f8-21fc-493a-ada7-711730d9a9d4", "jurisdiction_code": "GH-AH", "jurisdiction_name": "Ghana Ashanti", "class_label": "agroforestry", "agroforestry_subtype": "alley_cropping", "confidence_score": 0.895, "area_ha": 6.17, "uncertainty": 0.105, "data_origin": "synthetic", "generation_method": "scripts/generate_sample_parcels.py (v2, illustrative PoC)", "source": "Synthetic PoC generator (illustrative)", "source_year": 2021, "source_url": null, "processing_method": "Sentinel-2 + Random Forest", "model_version": "v3.8", "created_at": "2026-09-29T10:20:13.319986Z"}}, {"type": "Feature", "geometry": {"type": "Polygon", "coordinates": [[[-1.5296636851865058, 5.982592060964417], [-1.5306903692733358, 5.983688305308941], [-1.531884315985832, 5.98358583173013], [-1.533110528890805, 5.982800754113939], [-1.5332638365982052, 5.981106288918871], [-1.5323595391273879, 5.98033434842136], [-1.5307839876436282, 5.981335831641567], [-1.5296636851865058, 5.982592060964417]]]}, "properties": {"id": "98ad31ce-ef0d-4521-a945-d93169ec63fe", "jurisdiction_code": "GH-AH", "jurisdiction_name": "Ghana Ashanti", "class_label": "agroforestry", "agroforestry_subtype": "homegarden", "confidence_score": 0.597, "area_ha": 12.88, "uncertainty": 0.403, "data_origin": "synthetic", "generation_method": "scripts/generate_sample_parcels.py (v2, illustrative PoC)", "source": "Synthetic PoC generator (illustrative)", "source_year": 2020, "source_url": null, "processing_method": "Sentinel-2 + Random Forest", "model_version": "v3.8", "created_at": "2026-09-29T10:20:13.320012Z"}}, {"type": "Feature", "geometry": {"type": "Polygon", "coordinates": [[[-1.0330560072143957, 5.578729529915926], [-1.033007110961709, 5.579192488385786], [-1.0336506029512957, 5.57914206802832], [-1.0339993888072674, 5.578911251114517], [-1.0341434565980874, 5.578684731091042], [-1.0342204559464814, 5.578204545827732], [-1.0336204632513986, 5.5781871580777675], [-1.0330699662948752, 5.578128171301182], [-1.0330560072143957, 5.578729529915926]]]}, "properties": {"id": "19f0f74b-a8fc-45d7-ba01-de4468dc9f08", "jurisdiction_code": "GH-AH", "jurisdiction_name": "Ghana Ashanti", "class_label": "agroforestry", "agroforestry_subtype": "shade_cocoa", "confidence_score": 0.849, "area_ha": 1.36, "uncertainty": 0.151, "data_origin": "synthetic", "generation_method": "scripts/generate_sample_parcels.py (v2, illustrative PoC)", "source": "Synthetic PoC generator (illustrative)", "source_year": 2023, "source_url": null, "processing_method": "PlanetScope + CNN", "model_version": "v2.3", "created_at": "2026-09-29T10:20:13.320043Z"}}, {"type": "Feature", "geometry": {"type": "Polygon", "coordinates": [[[-2.481106010671714, 6.826617253200035], [-2.481067707086905, 6.827077167038469], [-2.4818104969652324, 6.827310276110649], [-2.4822462236766683, 6.827269637122109], [-2.4825912064581455, 6.827011193302453], [-2.4826135368559785, 6.826635722585828], [-2.4824695206672476, 6.8260696272242045], [-2.482177786492963, 6.825712131537624], [-2.4818123555071034, 6.826000753418947], [-2.4815425063789536, 6.8262499101660294], [-2.481106010671714, 6.826617253200035]]]}, "properties": {"id": "dcb68ce0-9752-42c7-ab5d-bac9dbb94212", "jurisdiction_code": "GH-AH", "jurisdiction_name": "Ghana Ashanti", "class_label": "agroforestry", "agroforestry_subtype": "shade_cocoa", "confidence_score": 0.872, "area_ha": 2.07, "uncertainty": 0.128, "data_origin": "synthetic", "generation_method": "scripts/generate_sample_parcels.py (v2, illustrative PoC)", "source": "Synthetic PoC generator (illustrative)", "source_year": 2022, "source_url": null, "processing_method": "GEDI LiDAR + ML", "model_version": "v2.7", "created_at": "2026-09-29T10:20:13.320072Z"}}, {"type": "Feature", "geometry": {"type": "Polygon", "coordinates": [[[-2.2123037245261634, 5.6064973216261755], [-2.2134391597481606, 5.607310635167602], [-2.214499756842004, 5.608010842919559], [-2.215767695491791, 5.606098256796092], [-2.214573083666035, 5.6051479848482115], [-2.2128453135088897, 5.6051257163530925], [-2.2123037245261634, 5.6064973216261755]]]}, "properties": {"id": "556fbb26-5900-499b-9c95-dee1ab82a872", "jurisdiction_code": "GH-AH", "jurisdiction_name": "Ghana Ashanti", "class_label": "agroforestry", "agroforestry_subtype": "alley_cropping", "confidence_score": 0.606, "area_ha": 10.94, "uncertainty": 0.394, "data_origin": "synthetic", "generation_method": "scripts/generate_sample_parcels.py (v2, illustrative PoC)", "source": "Synthetic PoC generator (illustrative)", "source_year": 2022, "source_url": null, "processing_method": "Sentinel-2 + Random Forest", "model_version": "v3.9", "created_at": "2026-09-29T10:20:13.320099Z"}}, {"type": "Feature", "geometry": {"type": "Polygon", "coordinates": [[[-1.4986113184318601, 6.933265835365709], [-1.498285579046614, 6.935195590869794], [-1.5000328350077365, 6.934832030527539], [-1.5014558111575809, 6.934939129567507], [-1.5019902223137642, 6.933847321638541], [-1.5023977426769355, 6.93220514027417], [-1.5011207346572386, 6.931674471333861], [-1.4993262428291605, 6.931039226138571], [-1.4984996765902145, 6.931813097316267], [-1.4986113184318601, 6.933265835365709]]]}, "properties": {"id": "9a5c2a34-5b9d-4357-a9ff-a288a92efa23", "jurisdiction_code": "GH-AH", "jurisdiction_name": "Ghana Ashanti", "class_label": "agroforestry", "agroforestry_subtype": "shade_cocoa", "confidence_score": 0.585, "area_ha": 16.53, "uncertainty": 0.415, "data_origin": "synthetic", "generation_method": "scripts/generate_sample_parcels.py (v2, illustrative PoC)", "source": "Synthetic PoC generator (illustrative)", "source_year": 2022, "source_url": null, "processing_method": "Hybrid Remote Sensing", "model_version": "v1.8", "created_at": "2026-09-29T10:20:13.320128Z"}}, {"type": "Feature", "geometry": {"type": "Polygon", "coordinates": [[[-1.6796994426419158, 5.65158108433227], [-1.680092550470364, 5.652403459418701], [-1.6803066394783512, 5.653048882712847], [-1.6811420648609154, 5.65262193777084], [-1.6819015909084944, 5.652137650766401], [-1.681942215925053, 5.651513319573326], [-1.6821145945402147, 5.650671382722298], [-1.6814333608354455, 5.650585648872992], [-1.680682517340297, 5.649963583321303], [-1.6801432113501018, 5.6509980905640695], [-1.6796994426419158, 5.65158108433227]]]}, "properties": {"id": "2c738f65-0a79-4954-88f6-3159a68ca240", "jurisdiction_code": "GH-AH", "jurisdiction_name": "Ghana Ashanti", "class_label": "agroforestry", "agroforestry_subtype": "alley_cropping", "confidence_score": 0.585, "area_ha": 7.06, "uncertainty": 0.415, "data_origin": "synthetic", "generation_method": "scripts/generate_sample_parcels.py (v2, illustrative PoC)", "source": "Synthetic PoC generator (illustrative)", "source_year": 2020, "source_url": null, "processing_method": "Hybrid Remote Sensing", "model_version": "v3.3", "created_at": "2026-09-29T10:20:13.320158Z"}}, {"type": "Feature", "geometry": {"type": "Polygon", "coordinates": [[[-2.2914188995384395, 6.1749039755871635], [-2.29188750655221, 6.175643193747461], [-2.2924210157252856, 6.176054821106847], [-2.2931833760881304, 6.176048356997469], [-2.2937651289572147, 6.1756526843555415], [-2.293911126301926, 6.174586847967877], [-2.293146823903838, 6.174065968909569], [-2.2925755460185515, 6.173861550381995], [-2.291982142097547, 6.174419466203579], [-2.2914188995384395, 6.1749039755871635]]]}, "properties": {"id": "1c3f0167-c5f2-48e6-8ae0-c2cf6634f568", "jurisdiction_code": "GH-AH", "jurisdiction_name": "Ghana Ashanti", "class_label": "agroforestry", "agroforestry_subtype": "alley_cropping", "confidence_score": 0.636, "area_ha": 5.39, "uncertainty": 0.364, "data_origin": "synthetic", "generation_method": "scripts/generate_sample_parcels.py (v2, illustrative PoC)", "source": "Synthetic PoC generator (illustrative)", "source_year": 2024, "source_url": null, "processing_method": "PlanetScope + CNN", "model_version": "v1.0", "created_at": "2026-09-29T10:20:13.320186Z"}}, {"type": "Feature", "geometry": {"type": "Polygon", "coordinates": [[[-1.9914323220172236, 5.604949242213468], [-1.9912396326003512, 5.606329971948497], [-1.9927036046744637, 5.606628580136556], [-1.993701158869484, 5.605979004896765], [-1.994392121517238, 5.60537014721479], [-1.9945135464231363, 5.604529612040387], [-1.9940843890352487, 5.60333981334044], [-1.99276167107461, 5.603447119199874], [-1.9917560781004473, 5.603576595394074], [-1.9914323220172236, 5.604949242213468]]]}, "properties": {"id": "e7b4f302-1e85-4650-b6a7-241bbb9e4759", "jurisdiction_code": "GH-AH", "jurisdiction_name": "Ghana Ashanti", "class_label": "agroforestry", "agroforestry_subtype": "shade_cocoa", "confidence_score": 0.909, "area_ha": 10.12, "uncertainty": 0.091, "data_origin": "synthetic", "generation_method": "scripts/generate_sample_parcels.py (v2, illustrative PoC)", "source": "Synthetic PoC generator (illustrative)", "source_year": 2020, "source_url": null, "processing_method": "PlanetScope + CNN", "model_version": "v1.4", "created_at": "2026-09-29T10:20:13.320213Z"}}, {"type": "Feature", "geometry": {"type": "Polygon", "coordinates": [[[-1.4198015975629181, 6.7818398619300435], [-1.4206001201130174, 6.782672459983471], [-1.421114576545675, 6.783076325172393], [-1.4216595277979953, 6.7829492089371435], [-1.4220224261436507, 6.7826712946480106], [-1.4226259598739324, 6.781952108258637], [-1.4225480415927056, 6.781476823877139], [-1.4219460771366321, 6.780949460827996], [-1.421246413116301, 6.781033070109001], [-1.4207026064383574, 6.781321044920597], [-1.4198015975629181, 6.7818398619300435]]]}, "properties": {"id": "325fcaed-2459-49ce-963f-b551948a0120", "jurisdiction_code": "GH-AH", "jurisdiction_name": "Ghana Ashanti", "class_label": "agroforestry", "agroforestry_subtype": "alley_cropping", "confidence_score": 0.625, "area_ha": 4.83, "uncertainty": 0.375, "data_origin": "synthetic", "generation_method": "scripts/generate_sample_parcels.py (v2, illustrative PoC)", "source": "Synthetic PoC generator (illustrative)", "source_year": 2022, "source_url": null, "processing_method": "Hybrid Remote Sensing", "model_version": "v3.5", "created_at": "2026-09-29T10:20:13.320243Z"}}, {"type": "Feature", "geometry": {"type": "Polygon", "coordinates": [[[-2.338883979291188, 7.448582043252308], [-2.339240691540336, 7.449248594119117], [-2.3396176909542867, 7.449264719128257], [-2.340397970097046, 7.449385509176867], [-2.340329887624772, 7.448739849851303], [-2.340289541525832, 7.448254059442024], [-2.3395474078269336, 7.447765939848375], [-2.3390764567499973, 7.448017081244923], [-2.338883979291188, 7.448582043252308]]]}, "properties": {"id": "eee8091a-0a8e-4c2b-a3bd-2681cb7aaccd", "jurisdiction_code": "GH-AH", "jurisdiction_name": "Ghana Ashanti", "class_label": "agroforestry", "agroforestry_subtype": "alley_cropping", "confidence_score": 0.583, "area_ha": 2.14, "uncertainty": 0.417, "data_origin": "synthetic", "generation_method": "scripts/generate_sample_parcels.py (v2, illustrative PoC)", "source": "Synthetic PoC generator (illustrative)", "source_year": 2023, "source_url": null, "processing_method": "Sentinel-2 + Random Forest", "model_version": "v1.2", "created_at": "2026-09-29T10:20:13.320270Z"}}, {"type": "Feature", "geometry": {"type": "Polygon", "coordinates": [[[-1.149326160744649, 6.981935862893583], [-1.149934873521863, 6.983435796494093], [-1.1510649971665208, 6.983247426717717], [-1.152101177161845, 6.983487819251338], [-1.1531143811741191, 6.982626691676098], [-1.1528683525765837, 6.981494917911403], [-1.152132289709705, 6.980771814924968], [-1.1510162969586697, 6.980905213592151], [-1.150070908150327, 6.981063088266789], [-1.149326160744649, 6.981935862893583]]]}, "properties": {"id": "80176464-0f39-4fc2-968c-b58f0ea92523", "jurisdiction_code": "GH-AH", "jurisdiction_name": "Ghana Ashanti", "class_label": "agroforestry", "agroforestry_subtype": "shade_cocoa", "confidence_score": 0.57, "area_ha": 7.92, "uncertainty": 0.43, "data_origin": "synthetic", "generation_method": "scripts/generate_sample_parcels.py (v2, illustrative PoC)", "source": "Synthetic PoC generator (illustrative)", "source_year": 2024, "source_url": null, "processing_method": "Hybrid Remote Sensing", "model_version": "v3.6", "created_at": "2026-09-29T10:20:13.320298Z"}}, {"type": "Feature", "geometry": {"type": "Polygon", "coordinates": [[[-2.064493466825224, 5.565787858622846], [-2.065294859598516, 5.566769656276589], [-2.066246410489631, 5.566433071965953], [-2.0665406570485905, 5.564912904864015], [-2.0649863990697037, 5.564448063608756], [-2.064493466825224, 5.565787858622846]]]}, "properties": {"id": "048f6c10-28f6-45c2-8816-5b61b7a8793d", "jurisdiction_code": "GH-AH", "jurisdiction_name": "Ghana Ashanti", "class_label": "agroforestry", "agroforestry_subtype": "shade_cocoa", "confidence_score": 0.574, "area_ha": 4.33, "uncertainty": 0.426, "data_origin": "synthetic", "generation_method": "scripts/generate_sample_parcels.py (v2, illustrative PoC)", "source": "Synthetic PoC generator (illustrative)", "source_year": 2024, "source_url": null, "processing_method": "GEDI LiDAR + ML", "model_version": "v1.9", "created_at": "2026-09-29T10:20:13.320321Z"}}, {"type": "Feature", "geometry": {"type": "Polygon", "coordinates": [[[-1.7268693399680615, 6.522268673019337], [-1.727860375659012, 6.5228471764670255], [-1.7284043779787468, 6.5241341556498105], [-1.730059844996182, 6.524179478510254], [-1.7309269493022, 6.522931755090962], [-1.7312153724812105, 6.52170201241487], [-1.730940943586483, 6.520329383108645], [-1.7297978835163177, 6.519936737850705], [-1.7283781736600405, 6.519321065848652], [-1.7272044671030578, 6.520563718473132], [-1.7268693399680615, 6.522268673019337]]]}, "properties": {"id": "222e0442-ebe7-48d6-9427-d2e26991be35", "jurisdiction_code": "GH-AH", "jurisdiction_name": "Ghana Ashanti", "class_label": "agroforestry", "agroforestry_subtype": "shade_cocoa", "confidence_score": 0.556, "area_ha": 18.28, "uncertainty": 0.444, "data_origin": "synthetic", "generation_method": "scripts/generate_sample_parcels.py (v2, illustrative PoC)", "source": "Synthetic PoC generator (illustrative)", "source_year": 2023, "source_url": null, "processing_method": "Hybrid Remote Sensing", "model_version": "v1.6", "created_at": "2026-09-29T10:20:13.320350Z"}}, {"type": "Feature", "geometry": {"type": "Polygon", "coordinates": [[[-1.5577832756197163, 6.610702895243138], [-1.558061435724647, 6.611140558476019], [-1.5585051260894154, 6.611668643571822], [-1.5593115704406288, 6.611042440308813], [-1.5590718804476065, 6.610568363528974], [-1.558544379212764, 6.610191199765453], [-1.5581168210968175, 6.610293373420294], [-1.5577832756197163, 6.610702895243138]]]}, "properties": {"id": "4cf30f9a-796b-4825-91cd-3454d1f813d2", "jurisdiction_code": "GH-AH", "jurisdiction_name": "Ghana Ashanti", "class_label": "agroforestry", "agroforestry_subtype": "shade_cocoa", "confidence_score": 0.917, "area_ha": 1.77, "uncertainty": 0.083, "data_origin": "synthetic", "generation_method": "scripts/generate_sample_parcels.py (v2, illustrative PoC)", "source": "Synthetic PoC generator (illustrative)", "source_year": 2024, "source_url": null, "processing_method": "Hybrid Remote Sensing", "model_version": "v1.7", "created_at": "2026-09-29T10:20:13.320377Z"}}, {"type": "Feature", "geometry": {"type": "Polygon", "coordinates": [[[-2.1938719085958924, 7.196077218248398], [-2.1941574405217064, 7.197056259862841], [-2.1947934796519473, 7.197186751334413], [-2.19596581999872, 7.196958872594999], [-2.196299039461986, 7.196038886760277], [-2.1960658666947888, 7.194941177045112], [-2.194862136355274, 7.194796515762678], [-2.194215842323606, 7.1952305036320645], [-2.1938719085958924, 7.196077218248398]]]}, "properties": {"id": "1f4c7006-a53c-4c3a-9231-42743a54b417", "jurisdiction_code": "GH-AH", "jurisdiction_name": "Ghana Ashanti", "class_label": "agroforestry", "agroforestry_subtype": "shade_cocoa", "confidence_score": 0.589, "area_ha": 6.16, "uncertainty": 0.411, "data_origin": "synthetic", "generation_method": "scripts/generate_sample_parcels.py (v2, illustrative PoC)", "source": "Synthetic PoC generator (illustrative)", "source_year": 2021, "source_url": null, "processing_method": "PlanetScope + CNN", "model_version": "v3.9", "created_at": "2026-09-29T10:20:13.320436Z"}}, {"type": "Feature", "geometry": {"type": "Polygon", "coordinates": [[[-1.608274328198265, 7.159107240705729], [-1.6091401655781779, 7.159815935565795], [-1.6104134257265728, 7.15974647847787], [-1.6098839087608638, 7.158687285832376], [-1.6091622838768558, 7.158139821347315], [-1.608274328198265, 7.159107240705729]]]}, "properties": {"id": "c91bd9e5-da0e-4da9-b9f2-149e0eb2580f", "jurisdiction_code": "GH-AH", "jurisdiction_name": "Ghana Ashanti", "class_label": "agroforestry", "agroforestry_subtype": "alley_cropping", "confidence_score": 0.592, "area_ha": 3.12, "uncertainty": 0.408, "data_origin": "synthetic", "generation_method": "scripts/generate_sample_parcels.py (v2, illustrative PoC)", "source": "Synthetic PoC generator (illustrative)", "source_year": 2024, "source_url": null, "processing_method": "GEDI LiDAR + ML", "model_version": "v3.8", "created_at": "2026-09-29T10:20:13.320461Z"}}, {"type": "Feature", "geometry": {"type": "Polygon", "coordinates": [[[-0.9640524128601146, 5.995944203597655], [-0.964244949385887, 5.996308553208003], [-0.9644205578241453, 5.996262625700899], [-0.9647265351571768, 5.996260508245842], [-0.9647757950820846, 5.9960069028925185], [-0.9646983629402877, 5.995742721769479], [-0.9644987719576037, 5.995631558243864], [-0.9642417706767031, 5.995777963281148], [-0.9640524128601146, 5.995944203597655]]]}, "properties": {"id": "cac324c2-ed3e-4083-9227-154188693ef5", "jurisdiction_code": "GH-AH", "jurisdiction_name": "Ghana Ashanti", "class_label": "agroforestry", "agroforestry_subtype": "alley_cropping", "confidence_score": 0.575, "area_ha": 0.52, "uncertainty": 0.425, "data_origin": "synthetic", "generation_method": "scripts/generate_sample_parcels.py (v2, illustrative PoC)", "source": "Synthetic PoC generator (illustrative)", "source_year": 2023, "source_url": null, "processing_method": "Hybrid Remote Sensing", "model_version": "v1.9", "created_at": "2026-09-29T10:20:13.320488Z"}}, {"type": "Feature", "geometry": {"type": "Polygon", "coordinates": [[[-1.463920878749202, 6.484718929986854], [-1.4646847785450519, 6.485599409367669], [-1.4658450725136785, 6.4863798439583515], [-1.4666893980701692, 6.48561622615542], [-1.4665936318015407, 6.484984171160198], [-1.4664449423356782, 6.484212455587802], [-1.4654447491585478, 6.483878569852781], [-1.4645607340014737, 6.483996395445401], [-1.463920878749202, 6.484718929986854]]]}, "properties": {"id": "abd3d6b9-95c8-407f-82f6-28c42fd48f89", "jurisdiction_code": "GH-AH", "jurisdiction_name": "Ghana Ashanti", "class_label": "agroforestry", "agroforestry_subtype": "shade_cocoa", "confidence_score": 0.919, "area_ha": 7.41, "uncertainty": 0.081, "data_origin": "synthetic", "generation_method": "scripts/generate_sample_parcels.py (v2, illustrative PoC)", "source": "Synthetic PoC generator (illustrative)", "source_year": 2020, "source_url": null, "processing_method": "Hybrid Remote Sensing", "model_version": "v2.8", "created_at": "2026-09-29T10:20:13.320515Z"}}, {"type": "Feature", "geometry": {"type": "Polygon", "coordinates": [[[-0.8007234680126866, 6.850681093398518], [-0.8010859843780984, 6.851793487633803], [-0.8025185991432014, 6.8522771788120584], [-0.8029655949401061, 6.85121189889343], [-0.8029458452098184, 6.850292033896164], [-0.8023537754274981, 6.849337733069312], [-0.8012347747944557, 6.849921481628286], [-0.8007234680126866, 6.850681093398518]]]}, "properties": {"id": "c79beecf-bdca-435b-b4c5-6701c15fc0c9", "jurisdiction_code": "GH-AH", "jurisdiction_name": "Ghana Ashanti", "class_label": "agroforestry", "agroforestry_subtype": "shade_cocoa", "confidence_score": 0.575, "area_ha": 6.88, "uncertainty": 0.425, "data_origin": "synthetic", "generation_method": "scripts/generate_sample_parcels.py (v2, illustrative PoC)", "source": "Synthetic PoC generator (illustrative)", "source_year": 2021, "source_url": null, "processing_method": "GEDI LiDAR + ML", "model_version": "v1.8", "created_at": "2026-09-29T10:20:13.320541Z"}}, {"type": "Feature", "geometry": {"type": "Polygon", "coordinates": [[[-2.0583302410754585, 5.653257176797756], [-2.0588944340093884, 5.653896682163569], [-2.0597004973550392, 5.654033698085208], [-2.060838725148973, 5.652978941837874], [-2.0600932038073196, 5.652197476082388], [-2.0589268215147603, 5.652210304335529], [-2.0583302410754585, 5.653257176797756]]]}, "properties": {"id": "4e24da22-fc56-4c3d-a300-ffb51083c133", "jurisdiction_code": "GH-AH", "jurisdiction_name": "Ghana Ashanti", "class_label": "agroforestry", "agroforestry_subtype": "shade_cocoa", "confidence_score": 0.566, "area_ha": 3.88, "uncertainty": 0.434, "data_origin": "synthetic", "generation_method": "scripts/generate_sample_parcels.py (v2, illustrative PoC)", "source": "Synthetic PoC generator (illustrative)", "source_year": 2022, "source_url": null, "processing_method": "Sentinel-2 + Random Forest", "model_version": "v1.7", "created_at": "2026-09-29T10:20:13.320566Z"}}, {"type": "Feature", "geometry": {"type": "Polygon", "coordinates": [[[-1.4137851537610437, 5.801471151472183], [-1.4138395176989924, 5.802163814943361], [-1.4149969022289757, 5.8027468276782965], [-1.4156600261227976, 5.801764623274392], [-1.4155252046677809, 5.801203223041077], [-1.4149524934664894, 5.800488256663025], [-1.4138362915347888, 5.80061750584326], [-1.4137851537610437, 5.801471151472183]]]}, "properties": {"id": "d1037dd3-04df-4ade-9069-ffc6d4674fe4", "jurisdiction_code": "GH-AH", "jurisdiction_name": "Ghana Ashanti", "class_label": "agroforestry", "agroforestry_subtype": "alley_cropping", "confidence_score": 0.592, "area_ha": 3.64, "uncertainty": 0.408, "data_origin": "synthetic", "generation_method": "scripts/generate_sample_parcels.py (v2, illustrative PoC)", "source": "Synthetic PoC generator (illustrative)", "source_year": 2021, "source_url": null, "processing_method": "Hybrid Remote Sensing", "model_version": "v3.8", "created_at": "2026-09-29T10:20:13.320592Z"}}, {"type": "Feature", "geometry": {"type": "Polygon", "coordinates": [[[-0.7330044212054164, 6.242441680479024], [-0.7330873441484973, 6.243047196349214], [-0.7337582854470219, 6.24365320367989], [-0.734319236691459, 6.243192714681411], [-0.7351720626583008, 6.243255932011536], [-0.7351538583922227, 6.242454954619119], [-0.7348277172230868, 6.24186801462839], [-0.7343630675165294, 6.241240257310083], [-0.7338579526025829, 6.241263738865727], [-0.7330404074133225, 6.2418003823620305], [-0.7330044212054164, 6.242441680479024]]]}, "properties": {"id": "a22fb3ee-7cbc-4271-aa4e-de20e89924ff", "jurisdiction_code": "GH-AH", "jurisdiction_name": "Ghana Ashanti", "class_label": "agroforestry", "agroforestry_subtype": "shade_cocoa", "confidence_score": 0.576, "area_ha": 4.44, "uncertainty": 0.424, "data_origin": "synthetic", "generation_method": "scripts/generate_sample_parcels.py (v2, illustrative PoC)", "source": "Synthetic PoC generator (illustrative)", "source_year": 2021, "source_url": null, "processing_method": "PlanetScope + CNN", "model_version": "v1.6", "created_at": "2026-09-29T10:20:13.320620Z"}}, {"type": "Feature", "geometry": {"type": "Polygon", "coordinates": [[[-1.6085165645784614, 5.771687742265928], [-1.6097063280168207, 5.772790025810484], [-1.6114475526240346, 5.773117967679199], [-1.612052774415167, 5.771362127644004], [-1.611472852561644, 5.769894990225079], [-1.6096678767082193, 5.7701477129226815], [-1.6085165645784614, 5.771687742265928]]]}, "properties": {"id": "e9c461e9-acad-4394-a88c-3bdffc8519a7", "jurisdiction_code": "GH-AH", "jurisdiction_name": "Ghana Ashanti", "class_label": "agroforestry", "agroforestry_subtype": "alley_cropping", "confidence_score": 0.915, "area_ha": 9.79, "uncertainty": 0.085, "data_origin": "synthetic", "generation_method": "scripts/generate_sample_parcels.py (v2, illustrative PoC)", "source": "Synthetic PoC generator (illustrative)", "source_year": 2021, "source_url": null, "processing_method": "PlanetScope + CNN", "model_version": "v2.7", "created_at": "2026-09-29T10:20:13.320645Z"}}, {"type": "Feature", "geometry": {"type": "Polygon", "coordinates": [[[-1.7351296566578953, 5.674702860428433], [-1.7360225732666057, 5.676197599917016], [-1.7377628689086602, 5.6753654324053535], [-1.7378828899995107, 5.673440536825393], [-1.7363386145469835, 5.673483277349769], [-1.7351296566578953, 5.674702860428433]]]}, "properties": {"id": "cdc790ca-0b77-40fe-9b60-60909eaede84", "jurisdiction_code": "GH-AH", "jurisdiction_name": "Ghana Ashanti", "class_label": "agroforestry", "agroforestry_subtype": "alley_cropping", "confidence_score": 0.598, "area_ha": 8.24, "uncertainty": 0.402, "data_origin": "synthetic", "generation_method": "scripts/generate_sample_parcels.py (v2, illustrative PoC)", "source": "Synthetic PoC generator (illustrative)", "source_year": 2024, "source_url": null, "processing_method": "Sentinel-2 + Random Forest", "model_version": "v1.1", "created_at": "2026-09-29T10:20:13.320668Z"}}, {"type": "Feature", "geometry": {"type": "Polygon", "coordinates": [[[-2.185095684866638, 5.980779918352612], [-2.1852063958487635, 5.981124165019925], [-2.1853951356245744, 5.981268813771677], [-2.185874232687818, 5.981383708244169], [-2.1860167270751343, 5.980854866544835], [-2.1861965407868937, 5.98058715636149], [-2.1858421695067456, 5.980289879282991], [-2.1854292654743035, 5.98038052370247], [-2.1852537208054112, 5.980487914129382], [-2.185095684866638, 5.980779918352612]]]}, "properties": {"id": "8637a59e-7858-44e8-b5ad-64d253901aeb", "jurisdiction_code": "GH-AH", "jurisdiction_name": "Ghana Ashanti", "class_label": "agroforestry", "agroforestry_subtype": "shade_cocoa", "confidence_score": 0.598, "area_ha": 1.14, "uncertainty": 0.402, "data_origin": "synthetic", "generation_method": "scripts/generate_sample_parcels.py (v2, illustrative PoC)", "source": "Synthetic PoC generator (illustrative)", "source_year": 2024, "source_url": null, "processing_method": "PlanetScope + CNN", "model_version": "v1.1", "created_at": "2026-09-29T10:20:13.320703Z"}}, {"type": "Feature", "geometry": {"type": "Polygon", "coordinates": [[[-0.711161592449942, 6.7554123638041], [-0.7117732014611112, 6.755994162233138], [-0.7123593039992651, 6.756140642013137], [-0.7132109386304415, 6.756872110279375], [-0.7134543388647494, 6.755928519633046], [-0.7140235475766686, 6.75523399373071], [-0.714004735032329, 6.754602935020713], [-0.7130515540752017, 6.754288580841059], [-0.7124502718070517, 6.754375756825123], [-0.7117600254542036, 6.754308284336003], [-0.711161592449942, 6.7554123638041]]]}, "properties": {"id": "65779f80-b9c6-4b44-98cc-70575366aa8e", "jurisdiction_code": "GH-AH", "jurisdiction_name": "Ghana Ashanti", "class_label": "agroforestry", "agroforestry_subtype": "alley_cropping", "confidence_score": 0.614, "area_ha": 5.72, "uncertainty": 0.386, "data_origin": "synthetic", "generation_method": "scripts/generate_sample_parcels.py (v2, illustrative PoC)", "source": "Synthetic PoC generator (illustrative)", "source_year": 2020, "source_url": null, "processing_method": "PlanetScope + CNN", "model_version": "v1.9", "created_at": "2026-09-29T10:20:13.320732Z"}}, {"type": "Feature", "geometry": {"type": "Polygon", "coordinates": [[[-0.9687873693605171, 5.604730610587875], [-0.9690015807033489, 5.606048897024232], [-0.9702893938390746, 5.606392799270575], [-0.971346995059493, 5.6060529784720154], [-0.9722535977333872, 5.605156117431949], [-0.9717158028791554, 5.603744791790616], [-0.9704544017943346, 5.603521511734888], [-0.9694325298774522, 5.603978682669254], [-0.9687873693605171, 5.604730610587875]]]}, "properties": {"id": "68ea85a4-beab-4928-b225-0e67e9ce486f", "jurisdiction_code": "GH-AH", "jurisdiction_name": "Ghana Ashanti", "class_label": "agroforestry", "agroforestry_subtype": "shade_cocoa", "confidence_score": 0.556, "area_ha": 8.45, "uncertainty": 0.444, "data_origin": "synthetic", "generation_method": "scripts/generate_sample_parcels.py (v2, illustrative PoC)", "source": "Synthetic PoC generator (illustrative)", "source_year": 2022, "source_url": null, "processing_method": "Hybrid Remote Sensing", "model_version": "v3.8", "created_at": "2026-09-29T10:20:13.320759Z"}}, {"type": "Feature", "geometry": {"type": "Polygon", "coordinates": [[[-1.2853197372891858, 6.8709701010400455], [-1.2855330238818987, 6.87197631193999], [-1.2864846953713263, 6.8723063391474986], [-1.2872866712296287, 6.87195371747252], [-1.2876241526587495, 6.871283112176076], [-1.2878714117088337, 6.870099962760469], [-1.2867485948306132, 6.869823218559431], [-1.2854809830233458, 6.870128291549797], [-1.2853197372891858, 6.8709701010400455]]]}, "properties": {"id": "cb9f1b18-de4a-4869-87b5-c64c43398354", "jurisdiction_code": "GH-AH", "jurisdiction_name": "Ghana Ashanti", "class_label": "agroforestry", "agroforestry_subtype": "alley_cropping", "confidence_score": 0.569, "area_ha": 4.87, "uncertainty": 0.431, "data_origin": "synthetic", "generation_method": "scripts/generate_sample_parcels.py (v2, illustrative PoC)", "source": "Synthetic PoC generator (illustrative)", "source_year": 2022, "source_url": null, "processing_method": "PlanetScope + CNN", "model_version": "v3.6", "created_at": "2026-09-29T10:20:13.320786Z"}}, {"type": "Feature", "geometry": {"type": "Polygon", "coordinates": [[[-2.284342160618641, 5.908614651385207], [-2.2848274730255658, 5.909598538135542], [-2.285570732401012, 5.9097296887403115], [-2.286753187516125, 5.909172658323043], [-2.286352531704421, 5.908169118358102], [-2.285658826440944, 5.907327841400641], [-2.2848352304822854, 5.907370741826824], [-2.284342160618641, 5.908614651385207]]]}, "properties": {"id": "839862f0-1d26-4294-85b7-bb5e0844964d", "jurisdiction_code": "GH-AH", "jurisdiction_name": "Ghana Ashanti", "class_label": "agroforestry", "agroforestry_subtype": "shade_cocoa", "confidence_score": 0.553, "area_ha": 5.56, "uncertainty": 0.447, "data_origin": "synthetic", "generation_method": "scripts/generate_sample_parcels.py (v2, illustrative PoC)", "source": "Synthetic PoC generator (illustrative)", "source_year": 2020, "source_url": null, "processing_method": "GEDI LiDAR + ML", "model_version": "v3.1", "created_at": "2026-09-29T10:20:13.320812Z"}}, {"type": "Feature", "geometry": {"type": "Polygon", "coordinates": [[[-1.0152749635117084, 6.881562748558247], [-1.015523290510619, 6.8834092017195525], [-1.016925074072287, 6.883177360670788], [-1.0181344980733815, 6.881465943670561], [-1.0172249584692146, 6.880585672588648], [-1.0155536318914877, 6.8804577266940585], [-1.0152749635117084, 6.881562748558247]]]}, "properties": {"id": "396ab179-79bc-4ffc-8070-89c77aafbffd", "jurisdiction_code": "GH-AH", "jurisdiction_name": "Ghana Ashanti", "class_label": "agroforestry", "agroforestry_subtype": "alley_cropping", "confidence_score": 0.59, "area_ha": 7.29, "uncertainty": 0.41, "data_origin": "synthetic", "generation_method": "scripts/generate_sample_parcels.py (v2, illustrative PoC)", "source": "Synthetic PoC generator (illustrative)", "source_year": 2021, "source_url": null, "processing_method": "PlanetScope + CNN", "model_version": "v2.1", "created_at": "2026-09-29T10:20:13.320837Z"}}, {"type": "Feature", "geometry": {"type": "Polygon", "coordinates": [[[-1.5228702533929535, 6.504358814744998], [-1.523609947127981, 6.505204302712705], [-1.5242444473848185, 6.505221479681907], [-1.5248739467127488, 6.505918330931148], [-1.5256303477779785, 6.504903979180293], [-1.5266183434262544, 6.504288054401079], [-1.5263152523474106, 6.502765992626063], [-1.5252460965344201, 6.5022341768486775], [-1.5240086762057425, 6.502651509755919], [-1.52372428990169, 6.503134343436763], [-1.5228702533929535, 6.504358814744998]]]}, "properties": {"id": "7fe6f81c-a982-43c4-b8e9-7d622691fd00", "jurisdiction_code": "GH-AH", "jurisdiction_name": "Ghana Ashanti", "class_label": "agroforestry", "agroforestry_subtype": "shade_cocoa", "confidence_score": 0.85, "area_ha": 13.76, "uncertainty": 0.15, "data_origin": "synthetic", "generation_method": "scripts/generate_sample_parcels.py (v2, illustrative PoC)", "source": "Synthetic PoC generator (illustrative)", "source_year": 2023, "source_url": null, "processing_method": "PlanetScope + CNN", "model_version": "v2.3", "created_at": "2026-09-29T10:20:13.320866Z"}}, {"type": "Feature", "geometry": {"type": "Polygon", "coordinates": [[[-0.9004734414176363, 6.815350997749887], [-0.9007630781978696, 6.816003442055647], [-0.9012937974256036, 6.816096482846103], [-0.901643407985018, 6.815801222875269], [-0.9017020978319549, 6.815476651123203], [-0.9017121522648267, 6.81492947677912], [-0.9012450375585963, 6.814919178835858], [-0.9009239360971215, 6.8150615868473805], [-0.9004734414176363, 6.815350997749887]]]}, "properties": {"id": "9736a314-31e2-43ac-8de9-f289497bbe47", "jurisdiction_code": "GH-AH", "jurisdiction_name": "Ghana Ashanti", "class_label": "agroforestry", "agroforestry_subtype": "alley_cropping", "confidence_score": 0.863, "area_ha": 1.09, "uncertainty": 0.137, "data_origin": "synthetic", "generation_method": "scripts/generate_sample_parcels.py (v2, illustrative PoC)", "source": "Synthetic PoC generator (illustrative)", "source_year": 2022, "source_url": null, "processing_method": "GEDI LiDAR + ML", "model_version": "v3.3", "created_at": "2026-09-29T10:20:13.320894Z"}}, {"type": "Feature", "geometry": {"type": "Polygon", "coordinates": [[[-1.3319219496421815, 7.283020393208605], [-1.332334008653313, 7.283691353042503], [-1.3333535751147652, 7.284339812253821], [-1.3345284821062056, 7.28373365507585], [-1.3350622824706933, 7.282801747911408], [-1.3345834637644232, 7.281695808433475], [-1.3332325201866586, 7.281273360303325], [-1.3319532248358408, 7.281853087476728], [-1.3319219496421815, 7.283020393208605]]]}, "properties": {"id": "80294bfb-6921-47ac-b2a1-d63ba9d63431", "jurisdiction_code": "GH-AH", "jurisdiction_name": "Ghana Ashanti", "class_label": "agroforestry", "agroforestry_subtype": "shade_cocoa", "confidence_score": 0.604, "area_ha": 10.15, "uncertainty": 0.396, "data_origin": "synthetic", "generation_method": "scripts/generate_sample_parcels.py (v2, illustrative PoC)", "source": "Synthetic PoC generator (illustrative)", "source_year": 2024, "source_url": null, "processing_method": "GEDI LiDAR + ML", "model_version": "v1.7", "created_at": "2026-09-29T10:20:13.320921Z"}}, {"type": "Feature", "geometry": {"type": "Polygon", "coordinates": [[[-1.3213304780324457, 6.076736982198789], [-1.321857871132475, 6.077531058580611], [-1.3227170633130763, 6.078513528316832], [-1.3233421604948554, 6.078276358222272], [-1.323844407265384, 6.0773463696977394], [-1.3239348140034246, 6.076892294320342], [-1.3240571288454175, 6.076183909379757], [-1.3231177580435722, 6.075365910246356], [-1.322511879782102, 6.075961903107541], [-1.3216041627009703, 6.076144626761815], [-1.3213304780324457, 6.076736982198789]]]}, "properties": {"id": "758931fe-ea15-4eee-bba6-6339110c7da3", "jurisdiction_code": "GH-AH", "jurisdiction_name": "Ghana Ashanti", "class_label": "agroforestry", "agroforestry_subtype": "shade_cocoa", "confidence_score": 0.859, "area_ha": 6.52, "uncertainty": 0.141, "data_origin": "synthetic", "generation_method": "scripts/generate_sample_parcels.py (v2, illustrative PoC)", "source": "Synthetic PoC generator (illustrative)", "source_year": 2023, "source_url": null, "processing_method": "PlanetScope + CNN", "model_version": "v3.0", "created_at": "2026-09-29T10:20:13.320950Z"}}, {"type": "Feature", "geometry": {"type": "Polygon", "coordinates": [[[-0.9240390794188923, 5.970499245878623], [-0.9252912059984021, 5.971609980115295], [-0.9275016066180272, 5.971977501820286], [-0.927517458969742, 5.970540668915734], [-0.9268944797843887, 5.968316831431923], [-0.9254503090283742, 5.968939996322076], [-0.9240390794188923, 5.970499245878623]]]}, "properties": {"id": "8fbcc8e1-b17f-4fa5-989b-4ffd3518fdf4", "jurisdiction_code": "GH-AH", "jurisdiction_name": "Ghana Ashanti", "class_label": "agroforestry", "agroforestry_subtype": "shade_cocoa", "confidence_score": 0.609, "area_ha": 12.36, "uncertainty": 0.391, "data_origin": "synthetic", "generation_method": "scripts/generate_sample_parcels.py (v2, illustrative PoC)", "source": "Synthetic PoC generator (illustrative)", "source_year": 2022, "source_url": null, "processing_method": "Sentinel-2 + Random Forest", "model_version": "v1.6", "created_at": "2026-09-29T10:20:13.320975Z"}}, {"type": "Feature", "geometry": {"type": "Polygon", "coordinates": [[[-0.5235577173763879, 5.684244692855267], [-0.5241085625009376, 5.684855763384774], [-0.5245925195008402, 5.685267290976419], [-0.5252128670933875, 5.684837699673879], [-0.5256800201864976, 5.6842026998903865], [-0.5252572932516686, 5.6837891314591635], [-0.524555267579969, 5.683687066797536], [-0.5239752854384473, 5.683839680560608], [-0.5235577173763879, 5.684244692855267]]]}, "properties": {"id": "21f95b90-0653-44b7-ab3e-6d632d2388af", "jurisdiction_code": "GH-AH", "jurisdiction_name": "Ghana Ashanti", "class_label": "agroforestry", "agroforestry_subtype": "alley_cropping", "confidence_score": 0.58, "area_ha": 3.38, "uncertainty": 0.42, "data_origin": "synthetic", "generation_method": "scripts/generate_sample_parcels.py (v2, illustrative PoC)", "source": "Synthetic PoC generator (illustrative)", "source_year": 2022, "source_url": null, "processing_method": "PlanetScope + CNN", "model_version": "v2.8", "created_at": "2026-09-29T10:20:13.321001Z"}}, {"type": "Feature", "geometry": {"type": "Polygon", "coordinates": [[[-1.3973508834396686, 7.440738399210021], [-1.398522607381436, 7.442637656477916], [-1.4006035943749697, 7.441957054403739], [-1.4005544303665125, 7.43956108729029], [-1.398563892595306, 7.439334898745302], [-1.3973508834396686, 7.440738399210021]]]}, "properties": {"id": "32febbee-9cbb-4a8b-b932-c7a5dd8d4d3a", "jurisdiction_code": "GH-AH", "jurisdiction_name": "Ghana Ashanti", "class_label": "agroforestry", "agroforestry_subtype": "shade_cocoa", "confidence_score": 0.914, "area_ha": 9.24, "uncertainty": 0.086, "data_origin": "synthetic", "generation_method": "scripts/generate_sample_parcels.py (v2, illustrative PoC)", "source": "Synthetic PoC generator (illustrative)", "source_year": 2023, "source_url": null, "processing_method": "Hybrid Remote Sensing", "model_version": "v1.5", "created_at": "2026-09-29T10:20:13.321025Z"}}, {"type": "Feature", "geometry": {"type": "Polygon", "coordinates": [[[-2.3264768558028424, 6.617142711081078], [-2.3267920949557652, 6.617968985187904], [-2.3272425330737385, 6.6183617342562195], [-2.3282273727276825, 6.618062244197892], [-2.3289412156518208, 6.6175946709200115], [-2.3297482031003636, 6.616785639058255], [-2.3289290200281436, 6.6163112392777785], [-2.3281015288476237, 6.615942378758608], [-2.327243424248377, 6.615412823988871], [-2.326474392702462, 6.616330948030923], [-2.3264768558028424, 6.617142711081078]]]}, "properties": {"id": "e5a425a7-c3e5-41ac-b8bb-d55d14247d72", "jurisdiction_code": "GH-AH", "jurisdiction_name": "Ghana Ashanti", "class_label": "agroforestry", "agroforestry_subtype": "shade_cocoa", "confidence_score": 0.622, "area_ha": 10.07, "uncertainty": 0.378, "data_origin": "synthetic", "generation_method": "scripts/generate_sample_parcels.py (v2, illustrative PoC)", "source": "Synthetic PoC generator (illustrative)", "source_year": 2023, "source_url": null, "processing_method": "Hybrid Remote Sensing", "model_version": "v2.6", "created_at": "2026-09-29T10:20:13.321054Z"}}, {"type": "Feature", "geometry": {"type": "Polygon", "coordinates": [[[-0.9913040616877988, 7.065885652939485], [-0.9916196371858571, 7.0663806219748055], [-0.9920936833504739, 7.066565336491], [-0.9929239740873559, 7.066718623634036], [-0.9931420645824768, 7.0658805581397965], [-0.9928861638068321, 7.065006405830407], [-0.9921194149916176, 7.064997671826396], [-0.9915852254960943, 7.065433010288564], [-0.9913040616877988, 7.065885652939485]]]}, "properties": {"id": "ee97709d-d557-45da-b084-1b47f5e4c442", "jurisdiction_code": "GH-AH", "jurisdiction_name": "Ghana Ashanti", "class_label": "agroforestry", "agroforestry_subtype": "shade_cocoa", "confidence_score": 0.589, "area_ha": 2.8, "uncertainty": 0.411, "data_origin": "synthetic", "generation_method": "scripts/generate_sample_parcels.py (v2, illustrative PoC)", "source": "Synthetic PoC generator (illustrative)", "source_year": 2021, "source_url": null, "processing_method": "PlanetScope + CNN", "model_version": "v3.7", "created_at": "2026-09-29T10:20:13.321081Z"}}, {"type": "Feature", "geometry": {"type": "Polygon", "coordinates": [[[-2.3068277567342466, 5.759617090703364], [-2.30634758000825, 5.760646136851173], [-2.3079792074753813, 5.761642914108037], [-2.308807712322219, 5.760430212707419], [-2.3096912494467583, 5.759875711609581], [-2.309193082402898, 5.758970515035676], [-2.308730785425378, 5.757947519174447], [-2.307502893147831, 5.7579908998914995], [-2.3063549087836357, 5.758102443601768], [-2.3068277567342466, 5.759617090703364]]]}, "properties": {"id": "971902ce-a4ce-4d4c-bbb3-c5f65b713928", "jurisdiction_code": "GH-AH", "jurisdiction_name": "Ghana Ashanti", "class_label": "agroforestry", "agroforestry_subtype": "shade_cocoa", "confidence_score": 0.58, "area_ha": 10.95, "uncertainty": 0.42, "data_origin": "synthetic", "generation_method": "scripts/generate_sample_parcels.py (v2, illustrative PoC)", "source": "Synthetic PoC generator (illustrative)", "source_year": 2022, "source_url": null, "processing_method": "Hybrid Remote Sensing", "model_version": "v2.9", "created_at": "2026-09-29T10:20:13.321109Z"}}, {"type": "Feature", "geometry": {"type": "Polygon", "coordinates": [[[-0.5966298664393347, 7.043095290085599], [-0.5964516236586894, 7.043846323569241], [-0.5969033783701198, 7.044403540026725], [-0.5980205734679614, 7.044134291646557], [-0.5984445717127252, 7.043597319157918], [-0.59845669213847, 7.042851700052128], [-0.5979538291166617, 7.042264575256631], [-0.5968913003194842, 7.042154227298982], [-0.5968268023054186, 7.042643741839919], [-0.5966298664393347, 7.043095290085599]]]}, "properties": {"id": "b55aa2b4-6f04-4209-bfa8-2b2a8d32936b", "jurisdiction_code": "GH-AH", "jurisdiction_name": "Ghana Ashanti", "class_label": "agroforestry", "agroforestry_subtype": "shade_cocoa", "confidence_score": 0.641, "area_ha": 3.37, "uncertainty": 0.359, "data_origin": "synthetic", "generation_method": "scripts/generate_sample_parcels.py (v2, illustrative PoC)", "source": "Synthetic PoC generator (illustrative)", "source_year": 2024, "source_url": null, "processing_method": "GEDI LiDAR + ML", "model_version": "v1.1", "created_at": "2026-09-29T10:20:13.321137Z"}}, {"type": "Feature", "geometry": {"type": "Polygon", "coordinates": [[[-1.068688384945556, 6.099733675382758], [-1.0682118872461246, 6.100908298528082], [-1.0693746357391631, 6.101293981704495], [-1.0704170390714385, 6.101314419014464], [-1.071631852828185, 6.1006606824888365], [-1.0717568196619456, 6.099547549673556], [-1.0705072033430318, 6.098618916629412], [-1.069636831838866, 6.098256512900511], [-1.0688675187794452, 6.0991314966951595], [-1.068688384945556, 6.099733675382758]]]}, "properties": {"id": "d18e0aa1-37de-4d4e-9cb1-83d1ab25a1c0", "jurisdiction_code": "GH-AH", "jurisdiction_name": "Ghana Ashanti", "class_label": "agroforestry", "agroforestry_subtype": "shade_cocoa", "confidence_score": 0.627, "area_ha": 10.75, "uncertainty": 0.373, "data_origin": "synthetic", "generation_method": "scripts/generate_sample_parcels.py (v2, illustrative PoC)", "source": "Synthetic PoC generator (illustrative)", "source_year": 2022, "source_url": null, "processing_method": "GEDI LiDAR + ML", "model_version": "v3.0", "created_at": "2026-09-29T10:20:13.321182Z"}}, {"type": "Feature", "geometry": {"type": "Polygon", "coordinates": [[[-0.7696658067854215, 7.283149382141862], [-0.7700714648206594, 7.283704628985652], [-0.7705345432797883, 7.284520063927885], [-0.771139011298584, 7.284414769823817], [-0.7718514426335445, 7.283818285360695], [-0.7723751253367755, 7.283338966190454], [-0.7722050714435763, 7.2823039711923965], [-0.7712353485861904, 7.281771658420948], [-0.7707633334122406, 7.282287682160494], [-0.7699397412157557, 7.282553282695111], [-0.7696658067854215, 7.283149382141862]]]}, "properties": {"id": "039069b8-5b35-4eec-91cf-4430b7cc0a09", "jurisdiction_code": "GH-AH", "jurisdiction_name": "Ghana Ashanti", "class_label": "agroforestry", "agroforestry_subtype": "shade_cocoa", "confidence_score": 0.863, "area_ha": 7.97, "uncertainty": 0.137, "data_origin": "synthetic", "generation_method": "scripts/generate_sample_parcels.py (v2, illustrative PoC)", "source": "Synthetic PoC generator (illustrative)", "source_year": 2023, "source_url": null, "processing_method": "Hybrid Remote Sensing", "model_version": "v2.1", "created_at": "2026-09-29T10:20:13.321212Z"}}, {"type": "Feature", "geometry": {"type": "Polygon", "coordinates": [[[-2.221785755012986, 5.826871002470278], [-2.2231221999380626, 5.828391131185806], [-2.2244947125628687, 5.82909676389422], [-2.2253599893660008, 5.827744456776005], [-2.2257514363876947, 5.82614895195778], [-2.224210766249341, 5.824740459702999], [-2.2225214684086847, 5.825546389005459], [-2.221785755012986, 5.826871002470278]]]}, "properties": {"id": "c0fb0c03-176f-4d15-be27-0d9ece0d8508", "jurisdiction_code": "GH-AH", "jurisdiction_name": "Ghana Ashanti", "class_label": "agroforestry", "agroforestry_subtype": "shade_cocoa", "confidence_score": 0.603, "area_ha": 17.59, "uncertainty": 0.397, "data_origin": "synthetic", "generation_method": "scripts/generate_sample_parcels.py (v2, illustrative PoC)", "source": "Synthetic PoC generator (illustrative)", "source_year": 2023, "source_url": null, "processing_method": "Hybrid Remote Sensing", "model_version": "v3.9", "created_at": "2026-09-29T10:20:13.321237Z"}}, {"type": "Feature", "geometry": {"type": "Polygon", "coordinates": [[[-0.7083848164972744, 6.590052734775437], [-0.7092078895626589, 6.591028288525006], [-0.7109657300991405, 6.591485281244146], [-0.7120781507547247, 6.591456241970243], [-0.7124496209214298, 6.589985885945887], [-0.7119736816307052, 6.58850684416354], [-0.7108669463178081, 6.588421087766896], [-0.7092539640011196, 6.588836973177106], [-0.7083848164972744, 6.590052734775437]]]}, "properties": {"id": "cebb40df-3738-44c3-8be7-b3f79dfea9d1", "jurisdiction_code": "GH-AH", "jurisdiction_name": "Ghana Ashanti", "class_label": "agroforestry", "agroforestry_subtype": "alley_cropping", "confidence_score": 0.601, "area_ha": 10.26, "uncertainty": 0.399, "data_origin": "synthetic", "generation_method": "scripts/generate_sample_parcels.py (v2, illustrative PoC)", "source": "Synthetic PoC generator (illustrative)", "source_year": 2022, "source_url": null, "processing_method": "GEDI LiDAR + ML", "model_version": "v2.8", "created_at": "2026-09-29T10:20:13.321264Z"}}, {"type": "Feature", "geometry": {"type": "Polygon", "coordinates": [[[-0.7717550751314012, 6.547286983546711], [-0.7720204339709172, 6.54815140017635], [-0.7728269345302157, 6.548619723138821], [-0.7739611642127231, 6.547800802441954], [-0.7734890659733927, 6.5470112602444575], [-0.7727186342142955, 6.546479616518507], [-0.7720066240138888, 6.546230455078563], [-0.7717550751314012, 6.547286983546711]]]}, "properties": {"id": "a6218782-31b6-4236-8263-a7441b566bc0", "jurisdiction_code": "GH-AH", "jurisdiction_name": "Ghana Ashanti", "class_label": "agroforestry", "agroforestry_subtype": "shade_cocoa", "confidence_score": 0.618, "area_ha": 5.79, "uncertainty": 0.382, "data_origin": "synthetic", "generation_method": "scripts/generate_sample_parcels.py (v2, illustrative PoC)", "source": "Synthetic PoC generator (illustrative)", "source_year": 2023, "source_url": null, "processing_method": "GEDI LiDAR + ML", "model_version": "v2.4", "created_at": "2026-09-29T10:20:13.321290Z"}}, {"type": "Feature", "geometry": {"type": "Polygon", "coordinates": [[[-1.9877729693192225, 6.925497564765937], [-1.9881589927741548, 6.926303026459564], [-1.9887672292114327, 6.926860126180397], [-1.9899447062815854, 6.926790828172321], [-1.9903748255323541, 6.92648948408521], [-1.9909758349630875, 6.925852022502473], [-1.9901941059288082, 6.925065809995603], [-1.9896266014044723, 6.924619920789234], [-1.9886339480315516, 6.924262183850351], [-1.9884990800916993, 6.925139249094505], [-1.9877729693192225, 6.925497564765937]]]}, "properties": {"id": "4f2f6fd9-5779-49be-b7d5-901ada79ea33", "jurisdiction_code": "GH-AH", "jurisdiction_name": "Ghana Ashanti", "class_label": "agroforestry", "agroforestry_subtype": "alley_cropping", "confidence_score": 0.623, "area_ha": 8.97, "uncertainty": 0.377, "data_origin": "synthetic", "generation_method": "scripts/generate_sample_parcels.py (v2, illustrative PoC)", "source": "Synthetic PoC generator (illustrative)", "source_year": 2022, "source_url": null, "processing_method": "Hybrid Remote Sensing", "model_version": "v3.9", "created_at": "2026-09-29T10:20:13.321319Z"}}, {"type": "Feature", "geometry": {"type": "Polygon", "coordinates": [[[-1.674019538391258, 7.063847477691799], [-1.673554486660653, 7.065242547423889], [-1.6748652902441663, 7.065112503980945], [-1.6758952286514959, 7.065831824056375], [-1.6775090181438612, 7.064683311189055], [-1.6775871553905586, 7.063794015679992], [-1.676816135992106, 7.062251576116227], [-1.6759835977726354, 7.061355060595278], [-1.675010028427811, 7.061265406105062], [-1.6739400702590606, 7.062233963258485], [-1.674019538391258, 7.063847477691799]]]}, "properties": {"id": "87938cf9-487b-4adb-ae3f-d51283ea22d7", "jurisdiction_code": "GH-AH", "jurisdiction_name": "Ghana Ashanti", "class_label": "agroforestry", "agroforestry_subtype": "shade_cocoa", "confidence_score": 0.557, "area_ha": 15.02, "uncertainty": 0.443, "data_origin": "synthetic", "generation_method": "scripts/generate_sample_parcels.py (v2, illustrative PoC)", "source": "Synthetic PoC generator (illustrative)", "source_year": 2023, "source_url": null, "processing_method": "GEDI LiDAR + ML", "model_version": "v1.9", "created_at": "2026-09-29T10:20:13.321348Z"}}, {"type": "Feature", "geometry": {"type": "Polygon", "coordinates": [[[-1.7529735453033108, 7.065641110730212], [-1.7533980054929528, 7.067055120537034], [-1.754141584165485, 7.06772567606683], [-1.7551089244766571, 7.0676853175334005], [-1.7556997403574144, 7.066623025040615], [-1.7562681149358135, 7.065800184294051], [-1.7558814658489676, 7.065505808972742], [-1.7553764839309796, 7.064951058916067], [-1.7542955605332964, 7.064506875098733], [-1.7536376315070943, 7.065094952122017], [-1.7529735453033108, 7.065641110730212]]]}, "properties": {"id": "3e7ba794-3ebe-4a77-a372-5689b22604a2", "jurisdiction_code": "GH-AH", "jurisdiction_name": "Ghana Ashanti", "class_label": "agroforestry", "agroforestry_subtype": "shade_cocoa", "confidence_score": 0.551, "area_ha": 11.16, "uncertainty": 0.449, "data_origin": "synthetic", "generation_method": "scripts/generate_sample_parcels.py (v2, illustrative PoC)", "source": "Synthetic PoC generator (illustrative)", "source_year": 2023, "source_url": null, "processing_method": "Sentinel-2 + Random Forest", "model_version": "v1.5", "created_at": "2026-09-29T10:20:13.321377Z"}}, {"type": "Feature", "geometry": {"type": "Polygon", "coordinates": [[[-2.2657184637972865, 6.052776260799253], [-2.2676553001726605, 6.053839131702732], [-2.268956436627796, 6.053437599715023], [-2.2692033752630083, 6.0514430852236], [-2.2675976268870084, 6.050564768932413], [-2.2657184637972865, 6.052776260799253]]]}, "properties": {"id": "4fcd4bca-4f56-4d7d-8197-312c8c2ca95d", "jurisdiction_code": "GH-AH", "jurisdiction_name": "Ghana Ashanti", "class_label": "agroforestry", "agroforestry_subtype": "shade_cocoa", "confidence_score": 0.636, "area_ha": 11.79, "uncertainty": 0.364, "data_origin": "synthetic", "generation_method": "scripts/generate_sample_parcels.py (v2, illustrative PoC)", "source": "Synthetic PoC generator (illustrative)", "source_year": 2021, "source_url": null, "processing_method": "Sentinel-2 + Random Forest", "model_version": "v1.8", "created_at": "2026-09-29T10:20:13.321401Z"}}, {"type": "Feature", "geometry": {"type": "Polygon", "coordinates": [[[-2.442536802657512, 6.433694172614687], [-2.4434386166453494, 6.435107130111238], [-2.4446554686724493, 6.435611353534646], [-2.4462773370672113, 6.4339438982235775], [-2.444964304201343, 6.432016130655429], [-2.4430359580508862, 6.431593727594765], [-2.442536802657512, 6.433694172614687]]]}, "properties": {"id": "0984c37f-2147-4b72-ab40-2d8f90934745", "jurisdiction_code": "GH-AH", "jurisdiction_name": "Ghana Ashanti", "class_label": "agroforestry", "agroforestry_subtype": "shade_cocoa", "confidence_score": 0.609, "area_ha": 14.96, "uncertainty": 0.391, "data_origin": "synthetic", "generation_method": "scripts/generate_sample_parcels.py (v2, illustrative PoC)", "source": "Synthetic PoC generator (illustrative)", "source_year": 2023, "source_url": null, "processing_method": "Sentinel-2 + Random Forest", "model_version": "v1.1", "created_at": "2026-09-29T10:20:13.321426Z"}}, {"type": "Feature", "geometry": {"type": "Polygon", "coordinates": [[[-2.376339759948149, 5.692701198628713], [-2.3767400266826084, 5.693109513168973], [-2.3775712508293663, 5.693716266192807], [-2.378360187296142, 5.6930859144190205], [-2.378271943191649, 5.6921707053424155], [-2.3775733378110178, 5.691945468350323], [-2.376814307015558, 5.691810959704341], [-2.376339759948149, 5.692701198628713]]]}, "properties": {"id": "8ee6eabc-e31e-4b23-869f-91600a413b59", "jurisdiction_code": "GH-AH", "jurisdiction_name": "Ghana Ashanti", "class_label": "agroforestry", "agroforestry_subtype": "shade_cocoa", "confidence_score": 0.917, "area_ha": 3.69, "uncertainty": 0.083, "data_origin": "synthetic", "generation_method": "scripts/generate_sample_parcels.py (v2, illustrative PoC)", "source": "Synthetic PoC generator (illustrative)", "source_year": 2020, "source_url": null, "processing_method": "GEDI LiDAR + ML", "model_version": "v3.6", "created_at": "2026-09-29T10:20:13.321452Z"}}, {"type": "Feature", "geometry": {"type": "Polygon", "coordinates": [[[-0.6581240319232547, 7.040262526952849], [-0.6582268859091498, 7.040760545909915], [-0.6590449642050183, 7.041814542824926], [-0.6599017438705581, 7.042065734982218], [-0.6605975052079229, 7.040870112892044], [-0.660740164606786, 7.040037071976028], [-0.6606399424046734, 7.03913883822978], [-0.6596139010747175, 7.038456032853017], [-0.658959888583872, 7.038906117191101], [-0.6578355158345609, 7.038976186381921], [-0.6581240319232547, 7.040262526952849]]]}, "properties": {"id": "c68c9fb0-c180-4fb6-904f-4b575d24fb32", "jurisdiction_code": "GH-AH", "jurisdiction_name": "Ghana Ashanti", "class_label": "agroforestry", "agroforestry_subtype": "shade_cocoa", "confidence_score": 0.582, "area_ha": 10.95, "uncertainty": 0.418, "data_origin": "synthetic", "generation_method": "scripts/generate_sample_parcels.py (v2, illustrative PoC)", "source": "Synthetic PoC generator (illustrative)", "source_year": 2021, "source_url": null, "processing_method": "PlanetScope + CNN", "model_version": "v1.1", "created_at": "2026-09-29T10:20:13.321480Z"}}, {"type": "Feature", "geometry": {"type": "Polygon", "coordinates": [[[-1.7074569026026998, 6.303988879421819], [-1.7078167326235245, 6.305091309262518], [-1.7087798514448465, 6.305604680432531], [-1.7100575241001423, 6.305183810587946], [-1.7101452477114507, 6.30372912242018], [-1.710078831040297, 6.302841037938579], [-1.7089159320041087, 6.302597701759443], [-1.7077199788307675, 6.303027299631381], [-1.7074569026026998, 6.303988879421819]]]}, "properties": {"id": "92875f78-1b6d-4be1-aa03-4a7a7f095574", "jurisdiction_code": "GH-AH", "jurisdiction_name": "Ghana Ashanti", "class_label": "agroforestry", "agroforestry_subtype": "alley_cropping", "confidence_score": 0.909, "area_ha": 8.14, "uncertainty": 0.091, "data_origin": "synthetic", "generation_method": "scripts/generate_sample_parcels.py (v2, illustrative PoC)", "source": "Synthetic PoC generator (illustrative)", "source_year": 2022, "source_url": null, "processing_method": "GEDI LiDAR + ML", "model_version": "v1.6", "created_at": "2026-09-29T10:20:13.321507Z"}}, {"type": "Feature", "geometry": {"type": "Polygon", "coordinates": [[[-0.5938536531388189, 6.970198240018536], [-0.5945579227579629, 6.970601218849484], [-0.5950982325563129, 6.971310867861413], [-0.5960330313714719, 6.9714421724082065], [-0.5967155132723507, 6.970686708103338], [-0.5967710716139586, 6.969363267387095], [-0.595930842114032, 6.968872727077639], [-0.5951676754253946, 6.968835895023553], [-0.5947278578320423, 6.969322085673486], [-0.5938536531388189, 6.970198240018536]]]}, "properties": {"id": "67a3cf65-419b-4311-9882-7515aaceccc0", "jurisdiction_code": "GH-AH", "jurisdiction_name": "Ghana Ashanti", "class_label": "agroforestry", "agroforestry_subtype": "shade_cocoa", "confidence_score": 0.638, "area_ha": 8.09, "uncertainty": 0.362, "data_origin": "synthetic", "generation_method": "scripts/generate_sample_parcels.py (v2, illustrative PoC)", "source": "Synthetic PoC generator (illustrative)", "source_year": 2021, "source_url": null, "processing_method": "Hybrid Remote Sensing", "model_version": "v2.0", "created_at": "2026-09-29T10:20:13.321535Z"}}, {"type": "Feature", "geometry": {"type": "Polygon", "coordinates": [[[-1.0331926047757152, 6.280963212090567], [-1.033950671410327, 6.282740926452569], [-1.0348512226984776, 6.283545062227631], [-1.0363513759840268, 6.282918747648615], [-1.0377026933085245, 6.282983472524778], [-1.0375424418092694, 6.281038970522362], [-1.0368599517581276, 6.2806206694634295], [-1.036189052549809, 6.279445765891773], [-1.0347087552362413, 6.279698976205327], [-1.0339204108873383, 6.279963354160818], [-1.0331926047757152, 6.280963212090567]]]}, "properties": {"id": "c1ef1541-1034-439d-9d5e-4022547b2ae6", "jurisdiction_code": "GH-AH", "jurisdiction_name": "Ghana Ashanti", "class_label": "agroforestry", "agroforestry_subtype": "shade_cocoa", "confidence_score": 0.903, "area_ha": 20.08, "uncertainty": 0.097, "data_origin": "synthetic", "generation_method": "scripts/generate_sample_parcels.py (v2, illustrative PoC)", "source": "Synthetic PoC generator (illustrative)", "source_year": 2023, "source_url": null, "processing_method": "Hybrid Remote Sensing", "model_version": "v3.6", "created_at": "2026-09-29T10:20:13.321564Z"}}, {"type": "Feature", "geometry": {"type": "Polygon", "coordinates": [[[-0.6087504348517262, 7.177876210442268], [-0.6095790575641108, 7.1791632249972315], [-0.6112071195869095, 7.178250828847621], [-0.6118787073828046, 7.176640809764106], [-0.6099404157959488, 7.176598200328026], [-0.6087504348517262, 7.177876210442268]]]}, "properties": {"id": "9069c7a8-6618-4fac-b889-4981880a50fd", "jurisdiction_code": "GH-AH", "jurisdiction_name": "Ghana Ashanti", "class_label": "agroforestry", "agroforestry_subtype": "shade_cocoa", "confidence_score": 0.585, "area_ha": 8.54, "uncertainty": 0.415, "data_origin": "synthetic", "generation_method": "scripts/generate_sample_parcels.py (v2, illustrative PoC)", "source": "Synthetic PoC generator (illustrative)", "source_year": 2021, "source_url": null, "processing_method": "GEDI LiDAR + ML", "model_version": "v1.7", "created_at": "2026-09-29T10:20:13.321587Z"}}, {"type": "Feature", "geometry": {"type": "Polygon", "coordinates": [[[-1.9885049921535685, 7.384541208771091], [-1.9893321403720332, 7.385555974338501], [-1.990045376817087, 7.385228706523311], [-1.9905150881189713, 7.384115904117961], [-1.9893799809921209, 7.383931814120431], [-1.9885049921535685, 7.384541208771091]]]}, "properties": {"id": "31feb514-8d4f-4075-b40e-d405b7aeb9b9", "jurisdiction_code": "GH-AH", "jurisdiction_name": "Ghana Ashanti", "class_label": "agroforestry", "agroforestry_subtype": "homegarden", "confidence_score": 0.591, "area_ha": 2.74, "uncertainty": 0.409, "data_origin": "synthetic", "generation_method": "scripts/generate_sample_parcels.py (v2, illustrative PoC)", "source": "Synthetic PoC generator (illustrative)", "source_year": 2020, "source_url": null, "processing_method": "Hybrid Remote Sensing", "model_version": "v1.1", "created_at": "2026-09-29T10:20:13.321611Z"}}, {"type": "Feature", "geometry": {"type": "Polygon", "coordinates": [[[-2.3369905345843325, 5.73151667528533], [-2.33812100128064, 5.73248095636018], [-2.338487512799947, 5.73280137192606], [-2.3396116079250495, 5.732971509323125], [-2.3400520141806496, 5.732367859450972], [-2.340570079368383, 5.731684070534397], [-2.340644688783631, 5.7303034359905], [-2.3395588490341046, 5.7303978665453075], [-2.3383820776249817, 5.730156121289032], [-2.3381098086612515, 5.73082169670448], [-2.3369905345843325, 5.73151667528533]]]}, "properties": {"id": "6769df69-230b-44c4-8032-db39e5c489fb", "jurisdiction_code": "GH-AH", "jurisdiction_name": "Ghana Ashanti", "class_label": "agroforestry", "agroforestry_subtype": "shade_cocoa", "confidence_score": 0.595, "area_ha": 8.36, "uncertainty": 0.405, "data_origin": "synthetic", "generation_method": "scripts/generate_sample_parcels.py (v2, illustrative PoC)", "source": "Synthetic PoC generator (illustrative)", "source_year": 2024, "source_url": null, "processing_method": "Hybrid Remote Sensing", "model_version": "v2.7", "created_at": "2026-09-29T10:20:13.321640Z"}}, {"type": "Feature", "geometry": {"type": "Polygon", "coordinates": [[[-2.2550672675258094, 6.6355392547112055], [-2.2551894474529526, 6.636283942051003], [-2.2563742086441403, 6.636489221574295], [-2.2565583665031506, 6.6357113554668405], [-2.256018577459822, 6.634875659458288], [-2.255356436204543, 6.635115103654873], [-2.2550672675258094, 6.6355392547112055]]]}, "properties": {"id": "fb65d076-18f5-40e2-8c61-6e4857f448bc", "jurisdiction_code": "GH-AH", "jurisdiction_name": "Ghana Ashanti", "class_label": "agroforestry", "agroforestry_subtype": "shade_cocoa", "confidence_score": 0.914, "area_ha": 2.18, "uncertainty": 0.086, "data_origin": "synthetic", "generation_method": "scripts/generate_sample_parcels.py (v2, illustrative PoC)", "source": "Synthetic PoC generator (illustrative)", "source_year": 2021, "source_url": null, "processing_method": "Hybrid Remote Sensing", "model_version": "v2.3", "created_at": "2026-09-29T10:20:13.321666Z"}}, {"type": "Feature", "geometry": {"type": "Polygon", "coordinates": [[[-1.0268115328698801, 6.509825839840843], [-1.0271408972298481, 6.510865552555133], [-1.0279962686429904, 6.511163688136072], [-1.0287355317896345, 6.511211953539621], [-1.0289726801151455, 6.510124236995405], [-1.0292947650170883, 6.509447786798882], [-1.0287142503460545, 6.509096827263904], [-1.0279933168032165, 6.508797280803422], [-1.0266554146106508, 6.509155024931297], [-1.0268115328698801, 6.509825839840843]]]}, "properties": {"id": "07d12fbc-63c1-42a1-8709-aef78c6ac900", "jurisdiction_code": "GH-AH", "jurisdiction_name": "Ghana Ashanti", "class_label": "agroforestry", "agroforestry_subtype": "shade_cocoa", "confidence_score": 0.555, "area_ha": 5.15, "uncertainty": 0.445, "data_origin": "synthetic", "generation_method": "scripts/generate_sample_parcels.py (v2, illustrative PoC)", "source": "Synthetic PoC generator (illustrative)", "source_year": 2023, "source_url": null, "processing_method": "Sentinel-2 + Random Forest", "model_version": "v3.0", "created_at": "2026-09-29T10:20:13.321701Z"}}, {"type": "Feature", "geometry": {"type": "Polygon", "coordinates": [[[-0.6400408488537376, 7.074250525629394], [-0.6400476609693112, 7.074653020160973], [-0.6405534298827359, 7.075126247594388], [-0.6415268957083363, 7.075093410986803], [-0.6420043272729843, 7.074553625143631], [-0.6423119218391087, 7.074031848466501], [-0.6420825101596819, 7.073271704677999], [-0.6412953700688908, 7.073303718627907], [-0.6407240475800445, 7.073040473064119], [-0.6402559824598663, 7.0734093311992], [-0.6400408488537376, 7.074250525629394]]]}, "properties": {"id": "8a1dc34f-4ef6-4848-be99-a1033b39b65f", "jurisdiction_code": "GH-AH", "jurisdiction_name": "Ghana Ashanti", "class_label": "agroforestry", "agroforestry_subtype": "shade_cocoa", "confidence_score": 0.6, "area_ha": 3.77, "uncertainty": 0.4, "data_origin": "synthetic", "generation_method": "scripts/generate_sample_parcels.py (v2, illustrative PoC)", "source": "Synthetic PoC generator (illustrative)", "source_year": 2022, "source_url": null, "processing_method": "Hybrid Remote Sensing", "model_version": "v2.9", "created_at": "2026-09-29T10:20:13.321731Z"}}, {"type": "Feature", "geometry": {"type": "Polygon", "coordinates": [[[-0.8961331354714706, 6.752360493809244], [-0.8967142870408651, 6.753339597153631], [-0.8975252154190051, 6.754684979684974], [-0.8985780913032987, 6.753566996164283], [-0.898984174906212, 6.752814518660729], [-0.8993728898875961, 6.751735241599938], [-0.8988111810443833, 6.7500842713155], [-0.8969649121137298, 6.749717296340099], [-0.8965495615013125, 6.75122081825619], [-0.8961331354714706, 6.752360493809244]]]}, "properties": {"id": "3e22ee25-9d92-4b8a-be7e-f6a25f2a9df3", "jurisdiction_code": "GH-AH", "jurisdiction_name": "Ghana Ashanti", "class_label": "agroforestry", "agroforestry_subtype": "shade_cocoa", "confidence_score": 0.604, "area_ha": 14.06, "uncertainty": 0.396, "data_origin": "synthetic", "generation_method": "scripts/generate_sample_parcels.py (v2, illustrative PoC)", "source": "Synthetic PoC generator (illustrative)", "source_year": 2022, "source_url": null, "processing_method": "Hybrid Remote Sensing", "model_version": "v1.3", "created_at": "2026-09-29T10:20:13.321760Z"}}, {"type": "Feature", "geometry": {"type": "Polygon", "coordinates": [[[-0.8863122749642224, 6.893742632034595], [-0.8867341716419339, 6.894298882589406], [-0.8876526248202827, 6.894151033266247], [-0.8873890431570961, 6.8932715459096245], [-0.8867659920327343, 6.8928780865183015], [-0.8863122749642224, 6.893742632034595]]]}, "properties": {"id": "bd0a2fb7-b187-4629-bf96-33d5c391d661", "jurisdiction_code": "GH-AH", "jurisdiction_name": "Ghana Ashanti", "class_label": "agroforestry", "agroforestry_subtype": "shade_cocoa", "confidence_score": 0.899, "area_ha": 1.46, "uncertainty": 0.101, "data_origin": "synthetic", "generation_method": "scripts/generate_sample_parcels.py (v2, illustrative PoC)", "source": "Synthetic PoC generator (illustrative)", "source_year": 2024, "source_url": null, "processing_method": "PlanetScope + CNN", "model_version": "v1.3", "created_at": "2026-09-29T10:20:13.321784Z"}}, {"type": "Feature", "geometry": {"type": "Polygon", "coordinates": [[[-0.9974224159206074, 6.259856001421528], [-0.9984658408569838, 6.262177568730474], [-1.0005065516504728, 6.261147864657617], [-1.0020083548129857, 6.260213649255357], [-1.0009818953388705, 6.257897899690551], [-0.9980088826052977, 6.2577896274579095], [-0.9974224159206074, 6.259856001421528]]]}, "properties": {"id": "1516ecd2-d5b5-4a03-b48d-1a897fe75fd1", "jurisdiction_code": "GH-AH", "jurisdiction_name": "Ghana Ashanti", "class_label": "agroforestry", "agroforestry_subtype": "alley_cropping", "confidence_score": 0.622, "area_ha": 16.68, "uncertainty": 0.378, "data_origin": "synthetic", "generation_method": "scripts/generate_sample_parcels.py (v2, illustrative PoC)", "source": "Synthetic PoC generator (illustrative)", "source_year": 2020, "source_url": null, "processing_method": "Hybrid Remote Sensing", "model_version": "v1.2", "created_at": "2026-09-29T10:20:13.321808Z"}}, {"type": "Feature", "geometry": {"type": "Polygon", "coordinates": [[[-1.3882722724063938, 7.415242952499651], [-1.3885222541333435, 7.415793021637517], [-1.3891987581069234, 7.415592924668495], [-1.3891966447830333, 7.414964602118999], [-1.3887122477660487, 7.41477920471702], [-1.3882722724063938, 7.415242952499651]]]}, "properties": {"id": "87f5c30e-f4b0-4f57-b47e-887171db68d4", "jurisdiction_code": "GH-AH", "jurisdiction_name": "Ghana Ashanti", "class_label": "agroforestry", "agroforestry_subtype": "parkland", "confidence_score": 0.872, "area_ha": 0.98, "uncertainty": 0.128, "data_origin": "synthetic", "generation_method": "scripts/generate_sample_parcels.py (v2, illustrative PoC)", "source": "Synthetic PoC generator (illustrative)", "source_year": 2024, "source_url": null, "processing_method": "Hybrid Remote Sensing", "model_version": "v1.3", "created_at": "2026-09-29T10:20:13.321832Z"}}, {"type": "Feature", "geometry": {"type": "Polygon", "coordinates": [[[-2.040743727616197, 6.093732215402969], [-2.040739851665381, 6.0941272405800095], [-2.041353453916695, 6.094872989862796], [-2.042365899558105, 6.0945386247829925], [-2.043038559310563, 6.094030389995659], [-2.0426075010544804, 6.093138193459893], [-2.0421011932824475, 6.092655352630167], [-2.041384534016564, 6.0923972464526654], [-2.04047049997517, 6.092869265707889], [-2.040743727616197, 6.093732215402969]]]}, "properties": {"id": "42460499-5388-4ab0-a179-dd86a3782039", "jurisdiction_code": "GH-AH", "jurisdiction_name": "Ghana Ashanti", "class_label": "agroforestry", "agroforestry_subtype": "shade_cocoa", "confidence_score": 0.63, "area_ha": 5.86, "uncertainty": 0.37, "data_origin": "synthetic", "generation_method": "scripts/generate_sample_parcels.py (v2, illustrative PoC)", "source": "Synthetic PoC generator (illustrative)", "source_year": 2022, "source_url": null, "processing_method": "Hybrid Remote Sensing", "model_version": "v1.8", "created_at": "2026-09-29T10:20:13.321860Z"}}, {"type": "Feature", "geometry": {"type": "Polygon", "coordinates": [[[-1.653463488251021, 7.456041994246228], [-1.654213036284907, 7.456705205539009], [-1.6553694562308436, 7.458122307077708], [-1.6566362981494274, 7.457837146636383], [-1.6577644206229927, 7.456829633032917], [-1.6581493415869861, 7.4552506946487656], [-1.657212636147502, 7.454014217069099], [-1.6554508947551387, 7.454245898121088], [-1.6539581415381877, 7.454083267808982], [-1.653463488251021, 7.456041994246228]]]}, "properties": {"id": "0fa68f12-1c46-4bd4-a9c2-abfadb4ba48e", "jurisdiction_code": "GH-AH", "jurisdiction_name": "Ghana Ashanti", "class_label": "agroforestry", "agroforestry_subtype": "shade_cocoa", "confidence_score": 0.888, "area_ha": 14.73, "uncertainty": 0.112, "data_origin": "synthetic", "generation_method": "scripts/generate_sample_parcels.py (v2, illustrative PoC)", "source": "Synthetic PoC generator (illustrative)", "source_year": 2023, "source_url": null, "processing_method": "Sentinel-2 + Random Forest", "model_version": "v3.4", "created_at": "2026-09-29T10:20:13.321888Z"}}, {"type": "Feature", "geometry": {"type": "Polygon", "coordinates": [[[-1.5681332847986447, 6.944715617988648], [-1.5683108892937914, 6.945372502419718], [-1.5686355440280892, 6.945610416416436], [-1.5695875520172453, 6.945719160727888], [-1.5701231667575335, 6.94569245266621], [-1.5699413034547052, 6.94474885110048], [-1.5702099878089881, 6.94380293891391], [-1.5693794500876068, 6.943160096269971], [-1.5689045849424672, 6.943161287410515], [-1.5684108775079635, 6.943947827434076], [-1.5681332847986447, 6.944715617988648]]]}, "properties": {"id": "0510498b-de14-4fa6-82b2-5eb8839d914e", "jurisdiction_code": "GH-AH", "jurisdiction_name": "Ghana Ashanti", "class_label": "agroforestry", "agroforestry_subtype": "shade_cocoa", "confidence_score": 0.622, "area_ha": 4.36, "uncertainty": 0.378, "data_origin": "synthetic", "generation_method": "scripts/generate_sample_parcels.py (v2, illustrative PoC)", "source": "Synthetic PoC generator (illustrative)", "source_year": 2021, "source_url": null, "processing_method": "Sentinel-2 + Random Forest", "model_version": "v2.1", "created_at": "2026-09-29T10:20:13.321917Z"}}, {"type": "Feature", "geometry": {"type": "Polygon", "coordinates": [[[-0.9970623800295707, 6.342512998465565], [-0.9979945431288219, 6.343117614923028], [-0.9984746303069131, 6.343361578006633], [-0.9995938237155505, 6.342901463112064], [-0.9994398490871905, 6.342013502697312], [-0.9987946830086952, 6.34151088555219], [-0.9976404105866566, 6.34138961512493], [-0.9970623800295707, 6.342512998465565]]]}, "properties": {"id": "f4c3a046-d6da-4732-b93d-1f486e778b98", "jurisdiction_code": "GH-AH", "jurisdiction_name": "Ghana Ashanti", "class_label": "agroforestry", "agroforestry_subtype": "shade_cocoa", "confidence_score": 0.585, "area_ha": 5.07, "uncertainty": 0.415, "data_origin": "synthetic", "generation_method": "scripts/generate_sample_parcels.py (v2, illustrative PoC)", "source": "Synthetic PoC generator (illustrative)", "source_year": 2020, "source_url": null, "processing_method": "GEDI LiDAR + ML", "model_version": "v1.3", "created_at": "2026-09-29T10:20:13.321943Z"}}, {"type": "Feature", "geometry": {"type": "Polygon", "coordinates": [[[-2.424878677297149, 6.890251116820703], [-2.4259143304557074, 6.891253611453693], [-2.427342800235938, 6.89084759051938], [-2.428233424455479, 6.889345867266432], [-2.426105682448174, 6.88830532576068], [-2.424878677297149, 6.890251116820703]]]}, "properties": {"id": "280d9855-f7be-436d-8555-d203624ee0e7", "jurisdiction_code": "GH-AH", "jurisdiction_name": "Ghana Ashanti", "class_label": "agroforestry", "agroforestry_subtype": "shade_cocoa", "confidence_score": 0.639, "area_ha": 10.88, "uncertainty": 0.361, "data_origin": "synthetic", "generation_method": "scripts/generate_sample_parcels.py (v2, illustrative PoC)", "source": "Synthetic PoC generator (illustrative)", "source_year": 2020, "source_url": null, "processing_method": "Sentinel-2 + Random Forest", "model_version": "v3.5", "created_at": "2026-09-29T10:20:13.321967Z"}}, {"type": "Feature", "geometry": {"type": "Polygon", "coordinates": [[[-2.2668494285147207, 7.2075536636592545], [-2.2672049383711546, 7.208590031564983], [-2.267577922632305, 7.209118812627559], [-2.268552687817511, 7.209187410454587], [-2.269275192640981, 7.208275329535917], [-2.269688555861931, 7.207448739417509], [-2.2693495832973376, 7.20700482884801], [-2.268489523511337, 7.20602751447874], [-2.2676286409749884, 7.206420619392911], [-2.2670548212601367, 7.206906349450853], [-2.2668494285147207, 7.2075536636592545]]]}, "properties": {"id": "b202a2ef-85f8-458d-bbcb-a79a7900f72d", "jurisdiction_code": "GH-AH", "jurisdiction_name": "Ghana Ashanti", "class_label": "agroforestry", "agroforestry_subtype": "shade_cocoa", "confidence_score": 0.641, "area_ha": 7.88, "uncertainty": 0.359, "data_origin": "synthetic", "generation_method": "scripts/generate_sample_parcels.py (v2, illustrative PoC)", "source": "Synthetic PoC generator (illustrative)", "source_year": 2022, "source_url": null, "processing_method": "Sentinel-2 + Random Forest", "model_version": "v2.0", "created_at": "2026-09-29T10:20:13.321999Z"}}, {"type": "Feature", "geometry": {"type": "Polygon", "coordinates": [[[-2.4030356340632637, 6.961274184391319], [-2.403167640694551, 6.961959886479901], [-2.4041399575552735, 6.96164213188613], [-2.404228439794142, 6.960927221789522], [-2.4031518361131616, 6.960572456036472], [-2.4030356340632637, 6.961274184391319]]]}, "properties": {"id": "05f4b303-60e8-4285-b199-6e5fdc757bf6", "jurisdiction_code": "GH-AH", "jurisdiction_name": "Ghana Ashanti", "class_label": "agroforestry", "agroforestry_subtype": "shade_cocoa", "confidence_score": 0.916, "area_ha": 1.35, "uncertainty": 0.084, "data_origin": "synthetic", "generation_method": "scripts/generate_sample_parcels.py (v2, illustrative PoC)", "source": "Synthetic PoC generator (illustrative)", "source_year": 2024, "source_url": null, "processing_method": "Sentinel-2 + Random Forest", "model_version": "v2.8", "created_at": "2026-09-29T10:20:13.322022Z"}}, {"type": "Feature", "geometry": {"type": "Polygon", "coordinates": [[[-2.1306119041545126, 7.4957158622414415], [-2.130857088850166, 7.4968799231308925], [-2.132201849700126, 7.497851075633997], [-2.1334529559722415, 7.497008680877444], [-2.133923441664937, 7.495802571972996], [-2.133430829189484, 7.494150091824406], [-2.1322287939024127, 7.494053691653793], [-2.1305582341238263, 7.4942641231082705], [-2.1306119041545126, 7.4957158622414415]]]}, "properties": {"id": "e9019a90-3252-43e4-b468-273980746139", "jurisdiction_code": "GH-AH", "jurisdiction_name": "Ghana Ashanti", "class_label": "agroforestry", "agroforestry_subtype": "shade_cocoa", "confidence_score": 0.864, "area_ha": 12.46, "uncertainty": 0.136, "data_origin": "synthetic", "generation_method": "scripts/generate_sample_parcels.py (v2, illustrative PoC)", "source": "Synthetic PoC generator (illustrative)", "source_year": 2021, "source_url": null, "processing_method": "Sentinel-2 + Random Forest", "model_version": "v3.5", "created_at": "2026-09-29T10:20:13.322079Z"}}, {"type": "Feature", "geometry": {"type": "Polygon", "coordinates": [[[-1.5081943592048603, 6.7345775070697655], [-1.5086658498716388, 6.736055010509558], [-1.5104652466484791, 6.735395282104875], [-1.509934767970845, 6.733971711098729], [-1.5087309818687942, 6.733636396012919], [-1.5081943592048603, 6.7345775070697655]]]}, "properties": {"id": "1c1e21d0-30e3-4cf4-a854-119799361bc6", "jurisdiction_code": "GH-AH", "jurisdiction_name": "Ghana Ashanti", "class_label": "agroforestry", "agroforestry_subtype": "shade_cocoa", "confidence_score": 0.626, "area_ha": 5.16, "uncertainty": 0.374, "data_origin": "synthetic", "generation_method": "scripts/generate_sample_parcels.py (v2, illustrative PoC)", "source": "Synthetic PoC generator (illustrative)", "source_year": 2021, "source_url": null, "processing_method": "Sentinel-2 + Random Forest", "model_version": "v3.5", "created_at": "2026-09-29T10:20:13.322106Z"}}, {"type": "Feature", "geometry": {"type": "Polygon", "coordinates": [[[-0.6378259143398469, 7.257870998822156], [-0.6379657341505103, 7.2584857620708165], [-0.638624626720122, 7.259086354839929], [-0.639213211475856, 7.2582798422071235], [-0.639371842613646, 7.25734824952198], [-0.638651314103963, 7.257071451681699], [-0.6380882752989029, 7.257431381913781], [-0.6378259143398469, 7.257870998822156]]]}, "properties": {"id": "b93ba3ac-8b37-4936-a14d-9c55d6d7aef8", "jurisdiction_code": "GH-AH", "jurisdiction_name": "Ghana Ashanti", "class_label": "agroforestry", "agroforestry_subtype": "shade_cocoa", "confidence_score": 0.587, "area_ha": 3.37, "uncertainty": 0.413, "data_origin": "synthetic", "generation_method": "scripts/generate_sample_parcels.py (v2, illustrative PoC)", "source": "Synthetic PoC generator (illustrative)", "source_year": 2024, "source_url": null, "processing_method": "GEDI LiDAR + ML", "model_version": "v2.3", "created_at": "2026-09-29T10:20:13.322131Z"}}, {"type": "Feature", "geometry": {"type": "Polygon", "coordinates": [[[-0.9794289915350576, 6.283910901322798], [-0.9797233029005439, 6.284236428769076], [-0.9802381709531419, 6.284352949672051], [-0.9807569463371043, 6.284256933965878], [-0.9807456732464608, 6.2837485881270245], [-0.980607486382498, 6.283198479301509], [-0.9801405032228624, 6.2832344703058345], [-0.9797280968258449, 6.283337150476132], [-0.9794289915350576, 6.283910901322798]]]}, "properties": {"id": "f8c8c2d9-a11e-4f72-a71a-c8321cdd1b5c", "jurisdiction_code": "GH-AH", "jurisdiction_name": "Ghana Ashanti", "class_label": "agroforestry", "agroforestry_subtype": "shade_cocoa", "confidence_score": 0.597, "area_ha": 1.53, "uncertainty": 0.403, "data_origin": "synthetic", "generation_method": "scripts/generate_sample_parcels.py (v2, illustrative PoC)", "source": "Synthetic PoC generator (illustrative)", "source_year": 2024, "source_url": null, "processing_method": "GEDI LiDAR + ML", "model_version": "v1.2", "created_at": "2026-09-29T10:20:13.322158Z"}}, {"type": "Feature", "geometry": {"type": "Polygon", "coordinates": [[[-1.9128605439837387, 5.781369219122888], [-1.9135537177413795, 5.7818868689006395], [-1.9139434879061403, 5.782685179289055], [-1.9147568024561779, 5.782431900799734], [-1.9149188654418188, 5.78177285678518], [-1.9157123618664307, 5.7811231807486525], [-1.915475249318055, 5.780592891212196], [-1.9144455020685396, 5.779833590147416], [-1.9140182134026182, 5.780132484936591], [-1.9132219204328966, 5.780478363345019], [-1.9128605439837387, 5.781369219122888]]]}, "properties": {"id": "135b66fb-eb3b-42ca-8af1-0c72a5735339", "jurisdiction_code": "GH-AH", "jurisdiction_name": "Ghana Ashanti", "class_label": "agroforestry", "agroforestry_subtype": "shade_cocoa", "confidence_score": 0.865, "area_ha": 7.1, "uncertainty": 0.135, "data_origin": "synthetic", "generation_method": "scripts/generate_sample_parcels.py (v2, illustrative PoC)", "source": "Synthetic PoC generator (illustrative)", "source_year": 2022, "source_url": null, "processing_method": "Hybrid Remote Sensing", "model_version": "v2.7", "created_at": "2026-09-29T10:20:13.322187Z"}}, {"type": "Feature", "geometry": {"type": "Polygon", "coordinates": [[[-1.0268317653990433, 7.173464042077051], [-1.0277395746663456, 7.174880235845173], [-1.0294954253435649, 7.17449369851017], [-1.0292057519676492, 7.173068186591016], [-1.0278448461649146, 7.172575255268013], [-1.0268317653990433, 7.173464042077051]]]}, "properties": {"id": "8f8e322a-812d-4d0e-b6e6-83596298b51c", "jurisdiction_code": "GH-AH", "jurisdiction_name": "Ghana Ashanti", "class_label": "agroforestry", "agroforestry_subtype": "shade_cocoa", "confidence_score": 0.555, "area_ha": 6.52, "uncertainty": 0.445, "data_origin": "synthetic", "generation_method": "scripts/generate_sample_parcels.py (v2, illustrative PoC)", "source": "Synthetic PoC generator (illustrative)", "source_year": 2023, "source_url": null, "processing_method": "GEDI LiDAR + ML", "model_version": "v2.6", "created_at": "2026-09-29T10:20:13.322211Z"}}, {"type": "Feature", "geometry": {"type": "Polygon", "coordinates": [[[-1.0186014105221157, 5.714480551217283], [-1.0191940783420148, 5.716010175493276], [-1.020736673672681, 5.71614931229258], [-1.0226139125928129, 5.715200643306343], [-1.0217563866156678, 5.7139468159115445], [-1.0207807506062863, 5.713241092278023], [-1.019559593086535, 5.712907281869601], [-1.0186014105221157, 5.714480551217283]]]}, "properties": {"id": "d6094829-5236-4906-b0bf-e1b6280e8f4e", "jurisdiction_code": "GH-AH", "jurisdiction_name": "Ghana Ashanti", "class_label": "agroforestry", "agroforestry_subtype": "shade_cocoa", "confidence_score": 0.592, "area_ha": 11.03, "uncertainty": 0.408, "data_origin": "synthetic", "generation_method": "scripts/generate_sample_parcels.py (v2, illustrative PoC)", "source": "Synthetic PoC generator (illustrative)", "source_year": 2023, "source_url": null, "processing_method": "PlanetScope + CNN", "model_version": "v1.9", "created_at": "2026-09-29T10:20:13.322236Z"}}, {"type": "Feature", "geometry": {"type": "Polygon", "coordinates": [[[-1.1170592974642939, 5.662846097985652], [-1.117335366772882, 5.66360267406003], [-1.1180981149332199, 5.663782478679727], [-1.1186911860003104, 5.663263421141483], [-1.118503378104698, 5.662401150931745], [-1.1181739779294406, 5.6618954347690424], [-1.1173807640288445, 5.662276526496975], [-1.1170592974642939, 5.662846097985652]]]}, "properties": {"id": "def38335-081c-4859-9501-324b0812950f", "jurisdiction_code": "GH-AH", "jurisdiction_name": "Ghana Ashanti", "class_label": "agroforestry", "agroforestry_subtype": "shade_cocoa", "confidence_score": 0.629, "area_ha": 3.19, "uncertainty": 0.371, "data_origin": "synthetic", "generation_method": "scripts/generate_sample_parcels.py (v2, illustrative PoC)", "source": "Synthetic PoC generator (illustrative)", "source_year": 2023, "source_url": null, "processing_method": "GEDI LiDAR + ML", "model_version": "v3.5", "created_at": "2026-09-29T10:20:13.322262Z"}}, {"type": "Feature", "geometry": {"type": "Polygon", "coordinates": [[[-0.6869850921826551, 5.963006259404847], [-0.6871899412015041, 5.963250243966835], [-0.6875107639360072, 5.9631449392761], [-0.6875815938847086, 5.962693429795795], [-0.6871861760334669, 5.962683218669479], [-0.6869850921826551, 5.963006259404847]]]}, "properties": {"id": "97eeb01b-372f-4382-85dd-8c095c2307ce", "jurisdiction_code": "GH-AH", "jurisdiction_name": "Ghana Ashanti", "class_label": "agroforestry", "agroforestry_subtype": "shade_cocoa", "confidence_score": 0.584, "area_ha": 0.27, "uncertainty": 0.416, "data_origin": "synthetic", "generation_method": "scripts/generate_sample_parcels.py (v2, illustrative PoC)", "source": "Synthetic PoC generator (illustrative)", "source_year": 2021, "source_url": null, "processing_method": "GEDI LiDAR + ML", "model_version": "v1.1", "created_at": "2026-09-29T10:20:13.322285Z"}}, {"type": "Feature", "geometry": {"type": "Polygon", "coordinates": [[[-1.8892349426986614, 6.88294694011276], [-1.8895064138541682, 6.884022845669583], [-1.8906987031792586, 6.883543777001695], [-1.890795916577978, 6.882337658471293], [-1.8898928987967396, 6.882066587466876], [-1.8892349426986614, 6.88294694011276]]]}, "properties": {"id": "0ce1909c-a105-4c58-b0c8-33236aae9f35", "jurisdiction_code": "GH-AH", "jurisdiction_name": "Ghana Ashanti", "class_label": "agroforestry", "agroforestry_subtype": "alley_cropping", "confidence_score": 0.909, "area_ha": 2.25, "uncertainty": 0.091, "data_origin": "synthetic", "generation_method": "scripts/generate_sample_parcels.py (v2, illustrative PoC)", "source": "Synthetic PoC generator (illustrative)", "source_year": 2024, "source_url": null, "processing_method": "Sentinel-2 + Random Forest", "model_version": "v2.4", "created_at": "2026-09-29T10:20:13.322308Z"}}, {"type": "Feature", "geometry": {"type": "Polygon", "coordinates": [[[-2.0396838169550677, 6.286300575814852], [-2.0400122678593586, 6.286593835798776], [-2.0403958681312844, 6.287037907166175], [-2.041056189922613, 6.286766149633336], [-2.041126338132527, 6.286203435353722], [-2.041013594546697, 6.285862532888585], [-2.0405952710920072, 6.285449470685458], [-2.03996137939067, 6.285677141921427], [-2.0396838169550677, 6.286300575814852]]]}, "properties": {"id": "a2d51159-2e40-4f8a-99b6-2e08aac1a30a", "jurisdiction_code": "GH-AH", "jurisdiction_name": "Ghana Ashanti", "class_label": "agroforestry", "agroforestry_subtype": "shade_cocoa", "confidence_score": 0.564, "area_ha": 2.04, "uncertainty": 0.436, "data_origin": "synthetic", "generation_method": "scripts/generate_sample_parcels.py (v2, illustrative PoC)", "source": "Synthetic PoC generator (illustrative)", "source_year": 2020, "source_url": null, "processing_method": "Hybrid Remote Sensing", "model_version": "v1.2", "created_at": "2026-09-29T10:20:13.322335Z"}}, {"type": "Feature", "geometry": {"type": "Polygon", "coordinates": [[[-1.4193358782155137, 5.987421201542833], [-1.4195139488570998, 5.988028553428222], [-1.4202882987038954, 5.988096593087279], [-1.4206611216760534, 5.987897627498233], [-1.4205375228808432, 5.987248884109498], [-1.420274465383743, 5.987024103429298], [-1.419813146502426, 5.987115362620396], [-1.4193358782155137, 5.987421201542833]]]}, "properties": {"id": "ee1003e3-2e55-4c7c-a2c3-39920e7a4878", "jurisdiction_code": "GH-AH", "jurisdiction_name": "Ghana Ashanti", "class_label": "agroforestry", "agroforestry_subtype": "shade_cocoa", "confidence_score": 0.552, "area_ha": 1.37, "uncertainty": 0.448, "data_origin": "synthetic", "generation_method": "scripts/generate_sample_parcels.py (v2, illustrative PoC)", "source": "Synthetic PoC generator (illustrative)", "source_year": 2021, "source_url": null, "processing_method": "Sentinel-2 + Random Forest", "model_version": "v2.6", "created_at": "2026-09-29T10:20:13.322360Z"}}, {"type": "Feature", "geometry": {"type": "Polygon", "coordinates": [[[-1.8001044964433692, 6.280652712419516], [-1.8005540661952746, 6.281339341854466], [-1.801218262097724, 6.281463157854163], [-1.802579254504669, 6.281725049364137], [-1.8025106002078437, 6.280890737269935], [-1.8027753817265213, 6.2803101397795364], [-1.801927261447365, 6.279392419327314], [-1.8015505600716204, 6.2792383343492935], [-1.8006974094340402, 6.280062293109148], [-1.8001044964433692, 6.280652712419516]]]}, "properties": {"id": "6e61e0d4-fc75-440c-a5fb-10957260a780", "jurisdiction_code": "GH-AH", "jurisdiction_name": "Ghana Ashanti", "class_label": "agroforestry", "agroforestry_subtype": "alley_cropping", "confidence_score": 0.611, "area_ha": 5.19, "uncertainty": 0.389, "data_origin": "synthetic", "generation_method": "scripts/generate_sample_parcels.py (v2, illustrative PoC)", "source": "Synthetic PoC generator (illustrative)", "source_year": 2021, "source_url": null, "processing_method": "Hybrid Remote Sensing", "model_version": "v3.8", "created_at": "2026-09-29T10:20:13.322389Z"}}, {"type": "Feature", "geometry": {"type": "Polygon", "coordinates": [[[-1.9551454389763845, 6.5594278346738815], [-1.9554773055477799, 6.559989135243679], [-1.9558570751231845, 6.559642831846319], [-1.9559701183604625, 6.559072678442935], [-1.95538334717065, 6.559000170606632], [-1.9551454389763845, 6.5594278346738815]]]}, "properties": {"id": "984c23e6-bf01-4470-ba32-24c3902f4bed", "jurisdiction_code": "GH-AH", "jurisdiction_name": "Ghana Ashanti", "class_label": "agroforestry", "agroforestry_subtype": "shade_cocoa", "confidence_score": 0.598, "area_ha": 0.74, "uncertainty": 0.402, "data_origin": "synthetic", "generation_method": "scripts/generate_sample_parcels.py (v2, illustrative PoC)", "source": "Synthetic PoC generator (illustrative)", "source_year": 2023, "source_url": null, "processing_method": "PlanetScope + CNN", "model_version": "v2.5", "created_at": "2026-09-29T10:20:13.322413Z"}}, {"type": "Feature", "geometry": {"type": "Polygon", "coordinates": [[[-1.6222750757556552, 6.883931683488901], [-1.6235150786834087, 6.885614508302453], [-1.6255205143496625, 6.885139048249985], [-1.6260797966185607, 6.883749729698], [-1.6253195068779416, 6.881875327638537], [-1.6236120336812723, 6.882623578347488], [-1.6222750757556552, 6.883931683488901]]]}, "properties": {"id": "d8f5aea8-3a57-4e95-8b24-631af8de2c10", "jurisdiction_code": "GH-AH", "jurisdiction_name": "Ghana Ashanti", "class_label": "agroforestry", "agroforestry_subtype": "shade_cocoa", "confidence_score": 0.585, "area_ha": 12.25, "uncertainty": 0.415, "data_origin": "synthetic", "generation_method": "scripts/generate_sample_parcels.py (v2, illustrative PoC)", "source": "Synthetic PoC generator (illustrative)", "source_year": 2023, "source_url": null, "processing_method": "GEDI LiDAR + ML", "model_version": "v1.3", "created_at": "2026-09-29T10:20:13.322438Z"}}, {"type": "Feature", "geometry": {"type": "Polygon", "coordinates": [[[-1.857487757026988, 6.302042966850977], [-1.8575339357606608, 6.302944509659096], [-1.8582441466592297, 6.303227458767466], [-1.8588750441447255, 6.302448431833689], [-1.8590824853528554, 6.3018543410006505], [-1.8583513837704007, 6.3013648296102245], [-1.8574195694740858, 6.301280660736627], [-1.857487757026988, 6.302042966850977]]]}, "properties": {"id": "96dbdc55-c86e-4b08-8055-ce9a886907fa", "jurisdiction_code": "GH-AH", "jurisdiction_name": "Ghana Ashanti", "class_label": "agroforestry", "agroforestry_subtype": "shade_cocoa", "confidence_score": 0.571, "area_ha": 2.77, "uncertainty": 0.429, "data_origin": "synthetic", "generation_method": "scripts/generate_sample_parcels.py (v2, illustrative PoC)", "source": "Synthetic PoC generator (illustrative)", "source_year": 2024, "source_url": null, "processing_method": "Sentinel-2 + Random Forest", "model_version": "v1.1", "created_at": "2026-09-29T10:20:13.322463Z"}}, {"type": "Feature", "geometry": {"type": "Polygon", "coordinates": [[[-0.5244037990325852, 6.449095592807809], [-0.525165970613976, 6.450180759710548], [-0.526530505253743, 6.449631987519366], [-0.5262830161427368, 6.448474220576657], [-0.5250649655386556, 6.448085058166868], [-0.5244037990325852, 6.449095592807809]]]}, "properties": {"id": "0695b837-3089-45ad-b949-29156bd1aa4d", "jurisdiction_code": "GH-AH", "jurisdiction_name": "Ghana Ashanti", "class_label": "agroforestry", "agroforestry_subtype": "shade_cocoa", "confidence_score": 0.62, "area_ha": 3.44, "uncertainty": 0.38, "data_origin": "synthetic", "generation_method": "scripts/generate_sample_parcels.py (v2, illustrative PoC)", "source": "Synthetic PoC generator (illustrative)", "source_year": 2024, "source_url": null, "processing_method": "GEDI LiDAR + ML", "model_version": "v3.3", "created_at": "2026-09-29T10:20:13.322487Z"}}, {"type": "Feature", "geometry": {"type": "Polygon", "coordinates": [[[-0.9476424894603328, 5.868882619615786], [-0.9478771432603823, 5.869861278942836], [-0.9490498734074547, 5.869795577993905], [-0.9494466200386356, 5.869216492076518], [-0.949314709987078, 5.86856675130304], [-0.9487403038647366, 5.867895125763219], [-0.9477901190550793, 5.8681640144926845], [-0.9476424894603328, 5.868882619615786]]]}, "properties": {"id": "168261e2-e34b-448d-a2e6-cf0bd22f07cd", "jurisdiction_code": "GH-AH", "jurisdiction_name": "Ghana Ashanti", "class_label": "agroforestry", "agroforestry_subtype": "shade_cocoa", "confidence_score": 0.625, "area_ha": 3.73, "uncertainty": 0.375, "data_origin": "synthetic", "generation_method": "scripts/generate_sample_parcels.py (v2, illustrative PoC)", "source": "Synthetic PoC generator (illustrative)", "source_year": 2024, "source_url": null, "processing_method": "PlanetScope + CNN", "model_version": "v3.2", "created_at": "2026-09-29T10:20:13.322513Z"}}, {"type": "Feature", "geometry": {"type": "Polygon", "coordinates": [[[-1.7841903380349167, 5.68697865747465], [-1.7857706789557162, 5.6881976803516325], [-1.7875927916015588, 5.687902865243811], [-1.7869575793206922, 5.686380131470388], [-1.7857283314619423, 5.685161349007357], [-1.7841903380349167, 5.68697865747465]]]}, "properties": {"id": "96e2607b-03ff-4c1d-a79f-b8acd3a2c22c", "jurisdiction_code": "GH-AH", "jurisdiction_name": "Ghana Ashanti", "class_label": "agroforestry", "agroforestry_subtype": "homegarden", "confidence_score": 0.578, "area_ha": 11.38, "uncertainty": 0.422, "data_origin": "synthetic", "generation_method": "scripts/generate_sample_parcels.py (v2, illustrative PoC)", "source": "Synthetic PoC generator (illustrative)", "source_year": 2024, "source_url": null, "processing_method": "GEDI LiDAR + ML", "model_version": "v2.4", "created_at": "2026-09-29T10:20:13.322536Z"}}, {"type": "Feature", "geometry": {"type": "Polygon", "coordinates": [[[-1.0146555088878484, 7.039691073431381], [-1.0156215228599386, 7.040568217490651], [-1.01650883968751, 7.040462553273435], [-1.0172668499304136, 7.039482115431275], [-1.0164011165862858, 7.038957410120314], [-1.0157303149429266, 7.038944209004787], [-1.0146555088878484, 7.039691073431381]]]}, "properties": {"id": "2b123c5a-a7f2-4ef5-8064-99549b7bf170", "jurisdiction_code": "GH-AH", "jurisdiction_name": "Ghana Ashanti", "class_label": "agroforestry", "agroforestry_subtype": "shade_cocoa", "confidence_score": 0.877, "area_ha": 3.98, "uncertainty": 0.123, "data_origin": "synthetic", "generation_method": "scripts/generate_sample_parcels.py (v2, illustrative PoC)", "source": "Synthetic PoC generator (illustrative)", "source_year": 2020, "source_url": null, "processing_method": "Hybrid Remote Sensing", "model_version": "v3.9", "created_at": "2026-09-29T10:20:13.322560Z"}}, {"type": "Feature", "geometry": {"type": "Polygon", "coordinates": [[[-2.3119778745640804, 5.663469204878311], [-2.3127053124648094, 5.664133710916353], [-2.313817629368816, 5.664035817408404], [-2.3140922246949405, 5.663082958707395], [-2.3137420650270744, 5.662386613297895], [-2.312635075053775, 5.662301099723251], [-2.3119778745640804, 5.663469204878311]]]}, "properties": {"id": "28c0d381-5040-468a-9f43-0c25d8b40609", "jurisdiction_code": "GH-AH", "jurisdiction_name": "Ghana Ashanti", "class_label": "agroforestry", "agroforestry_subtype": "shade_cocoa", "confidence_score": 0.61, "area_ha": 3.02, "uncertainty": 0.39, "data_origin": "synthetic", "generation_method": "scripts/generate_sample_parcels.py (v2, illustrative PoC)", "source": "Synthetic PoC generator (illustrative)", "source_year": 2023, "source_url": null, "processing_method": "PlanetScope + CNN", "model_version": "v2.9", "created_at": "2026-09-29T10:20:13.322585Z"}}, {"type": "Feature", "geometry": {"type": "Polygon", "coordinates": [[[-1.0432914743066797, 6.248050191889596], [-1.04363181760228, 6.248703487826084], [-1.0440512596753728, 6.249201552201441], [-1.0449016881292534, 6.248951963177564], [-1.0455900933211655, 6.248481152601778], [-1.0455671238960258, 6.247695524099819], [-1.0452314336731598, 6.246827644868377], [-1.0443516683334932, 6.246726661710237], [-1.0435508753261815, 6.24729206395626], [-1.0432914743066797, 6.248050191889596]]]}, "properties": {"id": "1b7ec252-c5a8-4ecf-814e-decea5f3ed53", "jurisdiction_code": "GH-AH", "jurisdiction_name": "Ghana Ashanti", "class_label": "agroforestry", "agroforestry_subtype": "shade_cocoa", "confidence_score": 0.604, "area_ha": 5.67, "uncertainty": 0.396, "data_origin": "synthetic", "generation_method": "scripts/generate_sample_parcels.py (v2, illustrative PoC)", "source": "Synthetic PoC generator (illustrative)", "source_year": 2020, "source_url": null, "processing_method": "Hybrid Remote Sensing", "model_version": "v1.2", "created_at": "2026-09-29T10:20:13.322613Z"}}, {"type": "Feature", "geometry": {"type": "Polygon", "coordinates": [[[-1.2184436777003327, 5.521080588485828], [-1.2203568865597043, 5.523162568728925], [-1.2223672848313172, 5.522408434643774], [-1.2222394107558638, 5.520058827025557], [-1.2203771855702439, 5.51960724211699], [-1.2184436777003327, 5.521080588485828]]]}, "properties": {"id": "be371cb9-7f36-4822-ab28-e4ccd92c0f9f", "jurisdiction_code": "GH-AH", "jurisdiction_name": "Ghana Ashanti", "class_label": "agroforestry", "agroforestry_subtype": "alley_cropping", "confidence_score": 0.641, "area_ha": 13.79, "uncertainty": 0.359, "data_origin": "synthetic", "generation_method": "scripts/generate_sample_parcels.py (v2, illustrative PoC)", "source": "Synthetic PoC generator (illustrative)", "source_year": 2020, "source_url": null, "processing_method": "Hybrid Remote Sensing", "model_version": "v2.5", "created_at": "2026-09-29T10:20:13.322636Z"}}, {"type": "Feature", "geometry": {"type": "Polygon", "coordinates": [[[-1.2594540095765105, 5.716732845144027], [-1.2595999268624052, 5.7174496345337635], [-1.2602433415614975, 5.718065430948613], [-1.2612256689221961, 5.71787946477039], [-1.261477034549003, 5.716796092459896], [-1.2617122022292901, 5.716246310529029], [-1.2609569511706789, 5.715783819246168], [-1.2604746228339965, 5.715526951357235], [-1.2592266226679456, 5.71581091055706], [-1.2594540095765105, 5.716732845144027]]]}, "properties": {"id": "33e0e892-2d46-424f-a55d-5b4ddf6cec21", "jurisdiction_code": "GH-AH", "jurisdiction_name": "Ghana Ashanti", "class_label": "agroforestry", "agroforestry_subtype": "shade_cocoa", "confidence_score": 0.848, "area_ha": 5.51, "uncertainty": 0.152, "data_origin": "synthetic", "generation_method": "scripts/generate_sample_parcels.py (v2, illustrative PoC)", "source": "Synthetic PoC generator (illustrative)", "source_year": 2021, "source_url": null, "processing_method": "GEDI LiDAR + ML", "model_version": "v1.6", "created_at": "2026-09-29T10:20:13.322663Z"}}, {"type": "Feature", "geometry": {"type": "Polygon", "coordinates": [[[-2.206079556948773, 7.176291556845844], [-2.2063943479016737, 7.176747251584629], [-2.206856514590785, 7.176984892147704], [-2.2074436966217097, 7.176900713647032], [-2.2075270888575385, 7.176249477795984], [-2.2072797310556798, 7.175796216737086], [-2.2069359448673853, 7.175631139423699], [-2.2063046469485745, 7.175853428045578], [-2.206079556948773, 7.176291556845844]]]}, "properties": {"id": "2be15184-f76a-438c-844f-a2e5c8189f17", "jurisdiction_code": "GH-AH", "jurisdiction_name": "Ghana Ashanti", "class_label": "agroforestry", "agroforestry_subtype": "shade_cocoa", "confidence_score": 0.613, "area_ha": 1.8, "uncertainty": 0.387, "data_origin": "synthetic", "generation_method": "scripts/generate_sample_parcels.py (v2, illustrative PoC)", "source": "Synthetic PoC generator (illustrative)", "source_year": 2022, "source_url": null, "processing_method": "GEDI LiDAR + ML", "model_version": "v1.3", "created_at": "2026-09-29T10:20:13.322697Z"}}, {"type": "Feature", "geometry": {"type": "Polygon", "coordinates": [[[-2.4867353417028375, 6.702602785078859], [-2.486664872772373, 6.703687467381212], [-2.4883783423992045, 6.704452479784208], [-2.4892403324021206, 6.704526775552733], [-2.490327978244148, 6.703708425435673], [-2.4901819204005444, 6.702470651932089], [-2.4905953708715813, 6.701216529634986], [-2.4891739582423997, 6.70029501628402], [-2.487627146091392, 6.700675733235875], [-2.4874631435322714, 6.701514934859907], [-2.4867353417028375, 6.702602785078859]]]}, "properties": {"id": "3c3cf376-d4d3-425b-a569-b2ecfa0811ce", "jurisdiction_code": "GH-AH", "jurisdiction_name": "Ghana Ashanti", "class_label": "agroforestry", "agroforestry_subtype": "alley_cropping", "confidence_score": 0.873, "area_ha": 12.47, "uncertainty": 0.127, "data_origin": "synthetic", "generation_method": "scripts/generate_sample_parcels.py (v2, illustrative PoC)", "source": "Synthetic PoC generator (illustrative)", "source_year": 2020, "source_url": null, "processing_method": "Sentinel-2 + Random Forest", "model_version": "v2.5", "created_at": "2026-09-29T10:20:13.322726Z"}}, {"type": "Feature", "geometry": {"type": "Polygon", "coordinates": [[[-2.361530109430937, 5.67013658697645], [-2.362636694729465, 5.6716895957270355], [-2.364980281877846, 5.671585592972822], [-2.364989945306242, 5.668616107429791], [-2.3625346232825435, 5.668763603629712], [-2.361530109430937, 5.67013658697645]]]}, "properties": {"id": "c56a24dc-f7fa-4401-8062-d62e95682dfe", "jurisdiction_code": "GH-AH", "jurisdiction_name": "Ghana Ashanti", "class_label": "agroforestry", "agroforestry_subtype": "alley_cropping", "confidence_score": 0.612, "area_ha": 7.95, "uncertainty": 0.388, "data_origin": "synthetic", "generation_method": "scripts/generate_sample_parcels.py (v2, illustrative PoC)", "source": "Synthetic PoC generator (illustrative)", "source_year": 2024, "source_url": null, "processing_method": "GEDI LiDAR + ML", "model_version": "v2.7", "created_at": "2026-09-29T10:20:13.322750Z"}}, {"type": "Feature", "geometry": {"type": "Polygon", "coordinates": [[[-1.1330558942221873, 5.722986281004196], [-1.1335845925702022, 5.724003842999887], [-1.135606171990205, 5.724415506962789], [-1.1366837458514751, 5.723589246906493], [-1.137017922887356, 5.721598264285025], [-1.135147470515668, 5.720779808959435], [-1.1339193484977306, 5.721426795771145], [-1.1330558942221873, 5.722986281004196]]]}, "properties": {"id": "9d0f2551-6144-4bd8-9290-79fd6636a646", "jurisdiction_code": "GH-AH", "jurisdiction_name": "Ghana Ashanti", "class_label": "agroforestry", "agroforestry_subtype": "shade_cocoa", "confidence_score": 0.915, "area_ha": 11.72, "uncertainty": 0.085, "data_origin": "synthetic", "generation_method": "scripts/generate_sample_parcels.py (v2, illustrative PoC)", "source": "Synthetic PoC generator (illustrative)", "source_year": 2022, "source_url": null, "processing_method": "GEDI LiDAR + ML", "model_version": "v1.6", "created_at": "2026-09-29T10:20:13.322776Z"}}, {"type": "Feature", "geometry": {"type": "Polygon", "coordinates": [[[-1.184292312799326, 7.3447982609211016], [-1.1849778643314848, 7.345573090124443], [-1.1857324572982242, 7.345301811131718], [-1.1855268632130977, 7.3444769667106575], [-1.1847888746222779, 7.3441272906718265], [-1.184292312799326, 7.3447982609211016]]]}, "properties": {"id": "0281c3f9-d4a1-4c78-b29f-336702ee2df5", "jurisdiction_code": "GH-AH", "jurisdiction_name": "Ghana Ashanti", "class_label": "agroforestry", "agroforestry_subtype": "homegarden", "confidence_score": 0.603, "area_ha": 2.21, "uncertainty": 0.397, "data_origin": "synthetic", "generation_method": "scripts/generate_sample_parcels.py (v2, illustrative PoC)", "source": "Synthetic PoC generator (illustrative)", "source_year": 2020, "source_url": null, "processing_method": "GEDI LiDAR + ML", "model_version": "v1.8", "created_at": "2026-09-29T10:20:13.322799Z"}}, {"type": "Feature", "geometry": {"type": "Polygon", "coordinates": [[[-0.7171330529173665, 7.414732736531087], [-0.7172041948604106, 7.415451207955829], [-0.7183064187688663, 7.415960605768861], [-0.7196045708843799, 7.415584991302453], [-0.7193928295930038, 7.414110761973969], [-0.7185685339703932, 7.413606349438664], [-0.7172184027909626, 7.41366172341667], [-0.7171330529173665, 7.414732736531087]]]}, "properties": {"id": "3041c890-0567-40a5-b387-de24c8ec007a", "jurisdiction_code": "GH-AH", "jurisdiction_name": "Ghana Ashanti", "class_label": "agroforestry", "agroforestry_subtype": "shade_cocoa", "confidence_score": 0.584, "area_ha": 6.31, "uncertainty": 0.416, "data_origin": "synthetic", "generation_method": "scripts/generate_sample_parcels.py (v2, illustrative PoC)", "source": "Synthetic PoC generator (illustrative)", "source_year": 2022, "source_url": null, "processing_method": "Sentinel-2 + Random Forest", "model_version": "v1.5", "created_at": "2026-09-29T10:20:13.322824Z"}}, {"type": "Feature", "geometry": {"type": "Polygon", "coordinates": [[[-1.378456359926979, 7.270093864739368], [-1.3789030305713426, 7.270736309158604], [-1.3795182924291802, 7.271487464911527], [-1.380533190857019, 7.271136613921887], [-1.3813037016610181, 7.270045355504381], [-1.3807817298308334, 7.269112315650466], [-1.3797533172824592, 7.268650345079814], [-1.3788361417077624, 7.2689232529775865], [-1.378456359926979, 7.270093864739368]]]}, "properties": {"id": "2dbc6c04-63fb-4b23-bfe5-20c8b991ad5c", "jurisdiction_code": "GH-AH", "jurisdiction_name": "Ghana Ashanti", "class_label": "agroforestry", "agroforestry_subtype": "shade_cocoa", "confidence_score": 0.618, "area_ha": 6.11, "uncertainty": 0.382, "data_origin": "synthetic", "generation_method": "scripts/generate_sample_parcels.py (v2, illustrative PoC)", "source": "Synthetic PoC generator (illustrative)", "source_year": 2024, "source_url": null, "processing_method": "PlanetScope + CNN", "model_version": "v1.4", "created_at": "2026-09-29T10:20:13.322851Z"}}, {"type": "Feature", "geometry": {"type": "Polygon", "coordinates": [[[-0.7919848757244424, 5.602841179931567], [-0.7925387028524995, 5.603386554615866], [-0.7929600678099078, 5.603577230638036], [-0.7936391182296416, 5.603264554085936], [-0.7935068906661285, 5.602597371183339], [-0.7931235121875895, 5.602157945730625], [-0.7925178833840096, 5.602344354395681], [-0.7919848757244424, 5.602841179931567]]]}, "properties": {"id": "9072d93f-ac4f-4ac0-9284-596ed344ed2d", "jurisdiction_code": "GH-AH", "jurisdiction_name": "Ghana Ashanti", "class_label": "agroforestry", "agroforestry_subtype": "homegarden", "confidence_score": 0.575, "area_ha": 2.34, "uncertainty": 0.425, "data_origin": "synthetic", "generation_method": "scripts/generate_sample_parcels.py (v2, illustrative PoC)", "source": "Synthetic PoC generator (illustrative)", "source_year": 2024, "source_url": null, "processing_method": "Hybrid Remote Sensing", "model_version": "v3.5", "created_at": "2026-09-29T10:20:13.322877Z"}}, {"type": "Feature", "geometry": {"type": "Polygon", "coordinates": [[[-2.3477999643046212, 6.986270189171824], [-2.3479015065818856, 6.987127335383197], [-2.349130896123984, 6.9872495824328595], [-2.3498273412121558, 6.987813746035803], [-2.3503185526597266, 6.986590567624125], [-2.3503053332934187, 6.985682089391408], [-2.349784427866786, 6.984902362544316], [-2.349082869817014, 6.984597036620902], [-2.348090461896197, 6.985344500585378], [-2.3477999643046212, 6.986270189171824]]]}, "properties": {"id": "23accdb8-b90d-425b-a851-e9e3948c333b", "jurisdiction_code": "GH-AH", "jurisdiction_name": "Ghana Ashanti", "class_label": "agroforestry", "agroforestry_subtype": "shade_cocoa", "confidence_score": 0.861, "area_ha": 8.65, "uncertainty": 0.139, "data_origin": "synthetic", "generation_method": "scripts/generate_sample_parcels.py (v2, illustrative PoC)", "source": "Synthetic PoC generator (illustrative)", "source_year": 2021, "source_url": null, "processing_method": "Hybrid Remote Sensing", "model_version": "v1.5", "created_at": "2026-09-29T10:20:13.322904Z"}}, {"type": "Feature", "geometry": {"type": "Polygon", "coordinates": [[[-1.786939805677403, 7.3509129100238555], [-1.7876641494041132, 7.351900585049627], [-1.7884349672286073, 7.351310581244868], [-1.7884413860486696, 7.350433708736277], [-1.787238036056318, 7.349799237240284], [-1.786939805677403, 7.3509129100238555]]]}, "properties": {"id": "8495611c-9e10-411b-9985-091272bebe39", "jurisdiction_code": "GH-AH", "jurisdiction_name": "Ghana Ashanti", "class_label": "agroforestry", "agroforestry_subtype": "shade_cocoa", "confidence_score": 0.595, "area_ha": 3.11, "uncertainty": 0.405, "data_origin": "synthetic", "generation_method": "scripts/generate_sample_parcels.py (v2, illustrative PoC)", "source": "Synthetic PoC generator (illustrative)", "source_year": 2020, "source_url": null, "processing_method": "GEDI LiDAR + ML", "model_version": "v1.5", "created_at": "2026-09-29T10:20:13.322927Z"}}, {"type": "Feature", "geometry": {"type": "Polygon", "coordinates": [[[-1.3572710628687235, 5.647562388549224], [-1.3575446856372104, 5.648033809714152], [-1.3578632218078106, 5.648205841803992], [-1.358218423720646, 5.6477212919347615], [-1.358232306188042, 5.647425356757941], [-1.3578011473447802, 5.647209857758365], [-1.357437642758392, 5.647267423735229], [-1.3572710628687235, 5.647562388549224]]]}, "properties": {"id": "90ccd088-ef0c-4aa8-85e6-b88624f422e5", "jurisdiction_code": "GH-AH", "jurisdiction_name": "Ghana Ashanti", "class_label": "agroforestry", "agroforestry_subtype": "shade_cocoa", "confidence_score": 0.608, "area_ha": 0.77, "uncertainty": 0.392, "data_origin": "synthetic", "generation_method": "scripts/generate_sample_parcels.py (v2, illustrative PoC)", "source": "Synthetic PoC generator (illustrative)", "source_year": 2020, "source_url": null, "processing_method": "Hybrid Remote Sensing", "model_version": "v2.6", "created_at": "2026-09-29T10:20:13.322953Z"}}, {"type": "Feature", "geometry": {"type": "Polygon", "coordinates": [[[-0.864145789937246, 6.583625590070616], [-0.8650635518916968, 6.584490620064859], [-0.865606829895466, 6.584856176387514], [-0.8664961341962583, 6.584166342031997], [-0.8671443678807568, 6.583859378455993], [-0.8663213103131849, 6.582708137424331], [-0.8659387515465684, 6.582027284056192], [-0.864711597416076, 6.582238837242773], [-0.864145789937246, 6.583625590070616]]]}, "properties": {"id": "afb56413-b7e4-4446-9519-3eb50b514d75", "jurisdiction_code": "GH-AH", "jurisdiction_name": "Ghana Ashanti", "class_label": "agroforestry", "agroforestry_subtype": "shade_cocoa", "confidence_score": 0.621, "area_ha": 9.17, "uncertainty": 0.379, "data_origin": "synthetic", "generation_method": "scripts/generate_sample_parcels.py (v2, illustrative PoC)", "source": "Synthetic PoC generator (illustrative)", "source_year": 2022, "source_url": null, "processing_method": "Hybrid Remote Sensing", "model_version": "v1.9", "created_at": "2026-09-29T10:20:13.322980Z"}}, {"type": "Feature", "geometry": {"type": "Polygon", "coordinates": [[[-1.0675156194517215, 6.618743305548819], [-1.067937354940527, 6.620030011417823], [-1.0693537965230775, 6.6193316514989275], [-1.069877997009567, 6.6180963834119195], [-1.0682989221288868, 6.617976145632609], [-1.0675156194517215, 6.618743305548819]]]}, "properties": {"id": "f4184b5e-5b52-470b-b319-92808c405ce3", "jurisdiction_code": "GH-AH", "jurisdiction_name": "Ghana Ashanti", "class_label": "agroforestry", "agroforestry_subtype": "shade_cocoa", "confidence_score": 0.919, "area_ha": 3.8, "uncertainty": 0.081, "data_origin": "synthetic", "generation_method": "scripts/generate_sample_parcels.py (v2, illustrative PoC)", "source": "Synthetic PoC generator (illustrative)", "source_year": 2021, "source_url": null, "processing_method": "GEDI LiDAR + ML", "model_version": "v2.1", "created_at": "2026-09-29T10:20:13.323003Z"}}, {"type": "Feature", "geometry": {"type": "Polygon", "coordinates": [[[-1.1002344612175357, 5.793972095041149], [-1.1003987310536751, 5.794626045673818], [-1.101364064971795, 5.794771884587963], [-1.102167586791331, 5.79449226858053], [-1.1028595116541713, 5.793364109094725], [-1.1012806435470792, 5.79277492797936], [-1.1005383286036585, 5.7926451786306865], [-1.1002344612175357, 5.793972095041149]]]}, "properties": {"id": "be881d27-05c4-45da-a1ef-e31faea43f31", "jurisdiction_code": "GH-AH", "jurisdiction_name": "Ghana Ashanti", "class_label": "agroforestry", "agroforestry_subtype": "shade_cocoa", "confidence_score": 0.853, "area_ha": 4.65, "uncertainty": 0.147, "data_origin": "synthetic", "generation_method": "scripts/generate_sample_parcels.py (v2, illustrative PoC)", "source": "Synthetic PoC generator (illustrative)", "source_year": 2024, "source_url": null, "processing_method": "GEDI LiDAR + ML", "model_version": "v2.1", "created_at": "2026-09-29T10:20:13.323029Z"}}, {"type": "Feature", "geometry": {"type": "Polygon", "coordinates": [[[-0.8348502656906163, 6.117226965479578], [-0.8355319701158326, 6.1180071392205635], [-0.8363675779506804, 6.118174906323863], [-0.8370383289067729, 6.1179021031962835], [-0.837177573602732, 6.117180755478214], [-0.8371331782354184, 6.116342127871685], [-0.836146599852453, 6.115772411877667], [-0.8352326730796013, 6.116437861379853], [-0.8348502656906163, 6.117226965479578]]]}, "properties": {"id": "7ca10c9d-f166-420e-a75e-0ba24b646f3f", "jurisdiction_code": "GH-AH", "jurisdiction_name": "Ghana Ashanti", "class_label": "agroforestry", "agroforestry_subtype": "homegarden", "confidence_score": 0.906, "area_ha": 5.87, "uncertainty": 0.094, "data_origin": "synthetic", "generation_method": "scripts/generate_sample_parcels.py (v2, illustrative PoC)", "source": "Synthetic PoC generator (illustrative)", "source_year": 2021, "source_url": null, "processing_method": "GEDI LiDAR + ML", "model_version": "v2.3", "created_at": "2026-09-29T10:20:13.323056Z"}}, {"type": "Feature", "geometry": {"type": "Polygon", "coordinates": [[[-1.1530787975114365, 5.713083361758456], [-1.153978854581557, 5.714552501157344], [-1.1554595166753094, 5.714150139063435], [-1.156876368864237, 5.712490082138833], [-1.1555544218923433, 5.711322015795601], [-1.1539898176792251, 5.710876308468036], [-1.1530787975114365, 5.713083361758456]]]}, "properties": {"id": "cc6f26d8-7e9f-4d26-b025-380ce61f982f", "jurisdiction_code": "GH-AH", "jurisdiction_name": "Ghana Ashanti", "class_label": "agroforestry", "agroforestry_subtype": "alley_cropping", "confidence_score": 0.566, "area_ha": 12.79, "uncertainty": 0.434, "data_origin": "synthetic", "generation_method": "scripts/generate_sample_parcels.py (v2, illustrative PoC)", "source": "Synthetic PoC generator (illustrative)", "source_year": 2021, "source_url": null, "processing_method": "Sentinel-2 + Random Forest", "model_version": "v1.6", "created_at": "2026-09-29T10:20:13.323080Z"}}, {"type": "Feature", "geometry": {"type": "Polygon", "coordinates": [[[-0.7569616914980741, 5.936221679506208], [-0.7574131389112065, 5.937468864608643], [-0.7584830411986359, 5.938446927860615], [-0.7602820408603561, 5.938068192597801], [-0.760478152596204, 5.9367745542919055], [-0.7607771936208972, 5.93480718676767], [-0.758996452219829, 5.934887305881741], [-0.7578769915284023, 5.935054022800141], [-0.7569616914980741, 5.936221679506208]]]}, "properties": {"id": "90c67c5b-2757-4366-828e-48f8079c9b04", "jurisdiction_code": "GH-AH", "jurisdiction_name": "Ghana Ashanti", "class_label": "agroforestry", "agroforestry_subtype": "shade_cocoa", "confidence_score": 0.581, "area_ha": 11.61, "uncertainty": 0.419, "data_origin": "synthetic", "generation_method": "scripts/generate_sample_parcels.py (v2, illustrative PoC)", "source": "Synthetic PoC generator (illustrative)", "source_year": 2020, "source_url": null, "processing_method": "Hybrid Remote Sensing", "model_version": "v1.3", "created_at": "2026-09-29T10:20:13.323107Z"}}, {"type": "Feature", "geometry": {"type": "Polygon", "coordinates": [[[-1.752531367196489, 5.950323647785714], [-1.7532891450605366, 5.951307719860824], [-1.7540344631163314, 5.951025642489302], [-1.7544815126712638, 5.950032997544984], [-1.753152822678852, 5.949631211387378], [-1.752531367196489, 5.950323647785714]]]}, "properties": {"id": "e061ef70-c5ea-438c-878d-162aab00fe78", "jurisdiction_code": "GH-AH", "jurisdiction_name": "Ghana Ashanti", "class_label": "agroforestry", "agroforestry_subtype": "homegarden", "confidence_score": 0.875, "area_ha": 3.47, "uncertainty": 0.125, "data_origin": "synthetic", "generation_method": "scripts/generate_sample_parcels.py (v2, illustrative PoC)", "source": "Synthetic PoC generator (illustrative)", "source_year": 2023, "source_url": null, "processing_method": "Sentinel-2 + Random Forest", "model_version": "v2.9", "created_at": "2026-09-29T10:20:13.323130Z"}}, {"type": "Feature", "geometry": {"type": "Polygon", "coordinates": [[[-0.9272695089417239, 6.076226501419224], [-0.9277341460007684, 6.076591426167862], [-0.928477823416873, 6.076490285543003], [-0.9284178858610526, 6.075688712774908], [-0.9276266146747956, 6.075628896192377], [-0.9272695089417239, 6.076226501419224]]]}, "properties": {"id": "da28f299-5b49-460c-bb32-7c673da44bc7", "jurisdiction_code": "GH-AH", "jurisdiction_name": "Ghana Ashanti", "class_label": "agroforestry", "agroforestry_subtype": "shade_cocoa", "confidence_score": 0.867, "area_ha": 1.17, "uncertainty": 0.133, "data_origin": "synthetic", "generation_method": "scripts/generate_sample_parcels.py (v2, illustrative PoC)", "source": "Synthetic PoC generator (illustrative)", "source_year": 2021, "source_url": null, "processing_method": "GEDI LiDAR + ML", "model_version": "v2.4", "created_at": "2026-09-29T10:20:13.323154Z"}}, {"type": "Feature", "geometry": {"type": "Polygon", "coordinates": [[[-0.6429577642740414, 6.37539192573813], [-0.6437134628346113, 6.377362014048633], [-0.6452115411752083, 6.376904643177413], [-0.6464928409159667, 6.3755594376159195], [-0.6452101672316024, 6.373665030114169], [-0.6433937989122613, 6.3737406091102], [-0.6429577642740414, 6.37539192573813]]]}, "properties": {"id": "3f8aa49f-fed0-4563-9ccf-a4a91259149b", "jurisdiction_code": "GH-AH", "jurisdiction_name": "Ghana Ashanti", "class_label": "agroforestry", "agroforestry_subtype": "alley_cropping", "confidence_score": 0.571, "area_ha": 13.99, "uncertainty": 0.429, "data_origin": "synthetic", "generation_method": "scripts/generate_sample_parcels.py (v2, illustrative PoC)", "source": "Synthetic PoC generator (illustrative)", "source_year": 2021, "source_url": null, "processing_method": "Hybrid Remote Sensing", "model_version": "v2.3", "created_at": "2026-09-29T10:20:13.323178Z"}}, {"type": "Feature", "geometry": {"type": "Polygon", "coordinates": [[[-1.5575321946868617, 5.741984819866467], [-1.5587773996776524, 5.743369114679845], [-1.5601105560783668, 5.743197323951825], [-1.55989390959798, 5.741411470035596], [-1.5587392582582045, 5.741152252413708], [-1.5575321946868617, 5.741984819866467]]]}, "properties": {"id": "e9fa8539-38b0-41f6-84c4-19db17992905", "jurisdiction_code": "GH-AH", "jurisdiction_name": "Ghana Ashanti", "class_label": "agroforestry", "agroforestry_subtype": "shade_cocoa", "confidence_score": 0.574, "area_ha": 5.66, "uncertainty": 0.426, "data_origin": "synthetic", "generation_method": "scripts/generate_sample_parcels.py (v2, illustrative PoC)", "source": "Synthetic PoC generator (illustrative)", "source_year": 2023, "source_url": null, "processing_method": "Sentinel-2 + Random Forest", "model_version": "v2.3", "created_at": "2026-09-29T10:20:13.323201Z"}}, {"type": "Feature", "geometry": {"type": "Polygon", "coordinates": [[[-1.787716744582854, 7.182220371137715], [-1.7882206250405814, 7.183605801365534], [-1.7895222111552227, 7.183719035540699], [-1.7906632386934844, 7.183435141896598], [-1.7902753190591334, 7.182639510037206], [-1.7899732570502522, 7.181483303081286], [-1.7890207123313324, 7.1809426355570105], [-1.7879007949997308, 7.181501797921363], [-1.787716744582854, 7.182220371137715]]]}, "properties": {"id": "06d03e97-3d46-4f9a-b0ef-4858edb7af37", "jurisdiction_code": "GH-AH", "jurisdiction_name": "Ghana Ashanti", "class_label": "agroforestry", "agroforestry_subtype": "shade_cocoa", "confidence_score": 0.87, "area_ha": 7.02, "uncertainty": 0.13, "data_origin": "synthetic", "generation_method": "scripts/generate_sample_parcels.py (v2, illustrative PoC)", "source": "Synthetic PoC generator (illustrative)", "source_year": 2023, "source_url": null, "processing_method": "Hybrid Remote Sensing", "model_version": "v1.2", "created_at": "2026-09-29T10:20:13.323228Z"}}, {"type": "Feature", "geometry": {"type": "Polygon", "coordinates": [[[-0.9005269127111311, 6.574776722344455], [-0.9004681851443336, 6.575078769067973], [-0.9008627529226538, 6.575156883098231], [-0.9012853859091554, 6.5749959187409885], [-0.9012562616788106, 6.57476638716304], [-0.9011640952008798, 6.574453681980072], [-0.90092279983611, 6.574423147469858], [-0.9005854383437578, 6.574516722814664], [-0.9005269127111311, 6.574776722344455]]]}, "properties": {"id": "fe510731-75bc-4a05-a6b1-b440dacac2fe", "jurisdiction_code": "GH-AH", "jurisdiction_name": "Ghana Ashanti", "class_label": "agroforestry", "agroforestry_subtype": "shade_cocoa", "confidence_score": 0.641, "area_ha": 0.54, "uncertainty": 0.359, "data_origin": "synthetic", "generation_method": "scripts/generate_sample_parcels.py (v2, illustrative PoC)", "source": "Synthetic PoC generator (illustrative)", "source_year": 2023, "source_url": null, "processing_method": "PlanetScope + CNN", "model_version": "v2.5", "created_at": "2026-09-29T10:20:13.323255Z"}}, {"type": "Feature", "geometry": {"type": "Polygon", "coordinates": [[[-2.129423112508523, 6.29148833585827], [-2.1297274851735595, 6.292446496174121], [-2.130848057474231, 6.292133296929991], [-2.1309479009122207, 6.291146798006808], [-2.129920494456234, 6.29086870248924], [-2.129423112508523, 6.29148833585827]]]}, "properties": {"id": "17f8d75f-626a-4feb-b499-d9551f93965e", "jurisdiction_code": "GH-AH", "jurisdiction_name": "Ghana Ashanti", "class_label": "agroforestry", "agroforestry_subtype": "shade_cocoa", "confidence_score": 0.918, "area_ha": 2.55, "uncertainty": 0.082, "data_origin": "synthetic", "generation_method": "scripts/generate_sample_parcels.py (v2, illustrative PoC)", "source": "Synthetic PoC generator (illustrative)", "source_year": 2023, "source_url": null, "processing_method": "Sentinel-2 + Random Forest", "model_version": "v2.1", "created_at": "2026-09-29T10:20:13.323278Z"}}, {"type": "Feature", "geometry": {"type": "Polygon", "coordinates": [[[-1.1369525419853688, 5.978176835290824], [-1.1372407524690373, 5.978393430760773], [-1.1376120340754658, 5.97860982768814], [-1.1379342230961549, 5.978303785671984], [-1.1378688622545718, 5.97800766432403], [-1.1375344731839114, 5.977752629471862], [-1.1370547103139483, 5.977795477858438], [-1.1369525419853688, 5.978176835290824]]]}, "properties": {"id": "d1f007bc-51a2-4fb2-857c-43a9fb6bea70", "jurisdiction_code": "GH-AH", "jurisdiction_name": "Ghana Ashanti", "class_label": "agroforestry", "agroforestry_subtype": "shade_cocoa", "confidence_score": 0.642, "area_ha": 0.69, "uncertainty": 0.358, "data_origin": "synthetic", "generation_method": "scripts/generate_sample_parcels.py (v2, illustrative PoC)", "source": "Synthetic PoC generator (illustrative)", "source_year": 2022, "source_url": null, "processing_method": "PlanetScope + CNN", "model_version": "v3.1", "created_at": "2026-09-29T10:20:13.323304Z"}}, {"type": "Feature", "geometry": {"type": "Polygon", "coordinates": [[[-1.0429746443536592, 7.054388601092378], [-1.0432275016027484, 7.054791060129587], [-1.043643275835155, 7.054855680868286], [-1.0440608819932546, 7.054585003275465], [-1.0440931564143703, 7.054165888582444], [-1.043695844902217, 7.05382500393721], [-1.043327666946524, 7.053991424800948], [-1.0429746443536592, 7.054388601092378]]]}, "properties": {"id": "c4b6b992-7d25-43f6-9e06-ef48d3c9b7ed", "jurisdiction_code": "GH-AH", "jurisdiction_name": "Ghana Ashanti", "class_label": "agroforestry", "agroforestry_subtype": "alley_cropping", "confidence_score": 0.595, "area_ha": 0.99, "uncertainty": 0.405, "data_origin": "synthetic", "generation_method": "scripts/generate_sample_parcels.py (v2, illustrative PoC)", "source": "Synthetic PoC generator (illustrative)", "source_year": 2024, "source_url": null, "processing_method": "GEDI LiDAR + ML", "model_version": "v3.7", "created_at": "2026-09-29T10:20:13.323329Z"}}, {"type": "Feature", "geometry": {"type": "Polygon", "coordinates": [[[-1.9234943726571778, 6.895859627085782], [-1.9235330861653708, 6.896482743254844], [-1.9240048939777519, 6.896810988765152], [-1.924583636022891, 6.896855072440613], [-1.9246971120619298, 6.896502868412985], [-1.925138198932199, 6.89605767549947], [-1.9248488519231985, 6.895484336528752], [-1.924279890823461, 6.895207911005755], [-1.923975720817463, 6.8950335486784855], [-1.9235817921310807, 6.89563554855302], [-1.9234943726571778, 6.895859627085782]]]}, "properties": {"id": "ecb91270-e119-4c80-8c36-4d161c0f8112", "jurisdiction_code": "GH-AH", "jurisdiction_name": "Ghana Ashanti", "class_label": "agroforestry", "agroforestry_subtype": "shade_cocoa", "confidence_score": 0.571, "area_ha": 3.18, "uncertainty": 0.429, "data_origin": "synthetic", "generation_method": "scripts/generate_sample_parcels.py (v2, illustrative PoC)", "source": "Synthetic PoC generator (illustrative)", "source_year": 2023, "source_url": null, "processing_method": "GEDI LiDAR + ML", "model_version": "v3.0", "created_at": "2026-09-29T10:20:13.323358Z"}}, {"type": "Feature", "geometry": {"type": "Polygon", "coordinates": [[[-1.442662568424067, 6.0789710071756256], [-1.4428395207820952, 6.079960412056201], [-1.4434519637530163, 6.080447864628795], [-1.444569109360855, 6.080742803285175], [-1.4450721731689162, 6.079471115578956], [-1.445106602836765, 6.078873652768668], [-1.4448195995159006, 6.077673121572121], [-1.4437586041771715, 6.078045732543977], [-1.4427046575374651, 6.078209995684305], [-1.442662568424067, 6.0789710071756256]]]}, "properties": {"id": "88e1832e-5d1b-4ab0-b969-09db0e4449db", "jurisdiction_code": "GH-AH", "jurisdiction_name": "Ghana Ashanti", "class_label": "agroforestry", "agroforestry_subtype": "shade_cocoa", "confidence_score": 0.558, "area_ha": 7.91, "uncertainty": 0.442, "data_origin": "synthetic", "generation_method": "scripts/generate_sample_parcels.py (v2, illustrative PoC)", "source": "Synthetic PoC generator (illustrative)", "source_year": 2020, "source_url": null, "processing_method": "Sentinel-2 + Random Forest", "model_version": "v2.2", "created_at": "2026-09-29T10:20:13.323386Z"}}, {"type": "Feature", "geometry": {"type": "Polygon", "coordinates": [[[-1.9408649374703064, 6.778752730892499], [-1.9422756325755828, 6.7802495805239715], [-1.9443372268418695, 6.779885642882275], [-1.9439859415292653, 6.777586243081971], [-1.9424215170631658, 6.776685894280104], [-1.9408649374703064, 6.778752730892499]]]}, "properties": {"id": "1fc42c13-d973-4f41-8ec8-22115d7574ed", "jurisdiction_code": "GH-AH", "jurisdiction_name": "Ghana Ashanti", "class_label": "agroforestry", "agroforestry_subtype": "alley_cropping", "confidence_score": 0.592, "area_ha": 10.84, "uncertainty": 0.408, "data_origin": "synthetic", "generation_method": "scripts/generate_sample_parcels.py (v2, illustrative PoC)", "source": "Synthetic PoC generator (illustrative)", "source_year": 2023, "source_url": null, "processing_method": "GEDI LiDAR + ML", "model_version": "v1.0", "created_at": "2026-09-29T10:20:13.323409Z"}}, {"type": "Feature", "geometry": {"type": "Polygon", "coordinates": [[[-0.9829026491830242, 6.674485500487311], [-0.98279444788493, 6.675260378208827], [-0.9837864308080165, 6.6757814362895616], [-0.9845631042683767, 6.675223568755966], [-0.9852547542381163, 6.674821634494379], [-0.9848576842811844, 6.673778088975465], [-0.984344939143363, 6.6735326733084595], [-0.9837430241659503, 6.673149202163328], [-0.9829579252610543, 6.6732897377047795], [-0.9829026491830242, 6.674485500487311]]]}, "properties": {"id": "8189f78c-1a96-4484-8e64-7b5ab30494e6", "jurisdiction_code": "GH-AH", "jurisdiction_name": "Ghana Ashanti", "class_label": "agroforestry", "agroforestry_subtype": "shade_cocoa", "confidence_score": 0.563, "area_ha": 5.5, "uncertainty": 0.437, "data_origin": "synthetic", "generation_method": "scripts/generate_sample_parcels.py (v2, illustrative PoC)", "source": "Synthetic PoC generator (illustrative)", "source_year": 2021, "source_url": null, "processing_method": "GEDI LiDAR + ML", "model_version": "v1.5", "created_at": "2026-09-29T10:20:13.323438Z"}}, {"type": "Feature", "geometry": {"type": "Polygon", "coordinates": [[[-2.1089245203386002, 5.911084588349169], [-2.108736069501437, 5.912506115620356], [-2.1102149831599797, 5.91284311060267], [-2.11127612378458, 5.9131155440021095], [-2.1119789355742777, 5.912112830678204], [-2.1115049597607767, 5.910739455395601], [-2.1112800691227416, 5.909518071194149], [-2.109706969904105, 5.90942159313608], [-2.1091957577114484, 5.910671216982791], [-2.1089245203386002, 5.911084588349169]]]}, "properties": {"id": "ca9e251f-4a24-4fb7-9d02-2eed150ac5a0", "jurisdiction_code": "GH-AH", "jurisdiction_name": "Ghana Ashanti", "class_label": "agroforestry", "agroforestry_subtype": "shade_cocoa", "confidence_score": 0.613, "area_ha": 9.47, "uncertainty": 0.387, "data_origin": "synthetic", "generation_method": "scripts/generate_sample_parcels.py (v2, illustrative PoC)", "source": "Synthetic PoC generator (illustrative)", "source_year": 2023, "source_url": null, "processing_method": "PlanetScope + CNN", "model_version": "v3.0", "created_at": "2026-09-29T10:20:13.323465Z"}}, {"type": "Feature", "geometry": {"type": "Polygon", "coordinates": [[[-0.5920528515805338, 5.892692148011629], [-0.5927388344833335, 5.894128890994245], [-0.5939522531304124, 5.893936325769273], [-0.5953320991795195, 5.893587420499071], [-0.5954508806842996, 5.891966252359566], [-0.593936015661513, 5.891071351552418], [-0.5929639204038395, 5.892009060281152], [-0.5920528515805338, 5.892692148011629]]]}, "properties": {"id": "bf455a7e-ba07-4046-b846-135eb4ae4a6e", "jurisdiction_code": "GH-AH", "jurisdiction_name": "Ghana Ashanti", "class_label": "agroforestry", "agroforestry_subtype": "shade_cocoa", "confidence_score": 0.578, "area_ha": 7.71, "uncertainty": 0.422, "data_origin": "synthetic", "generation_method": "scripts/generate_sample_parcels.py (v2, illustrative PoC)", "source": "Synthetic PoC generator (illustrative)", "source_year": 2023, "source_url": null, "processing_method": "GEDI LiDAR + ML", "model_version": "v1.0", "created_at": "2026-09-29T10:20:13.323492Z"}}, {"type": "Feature", "geometry": {"type": "Polygon", "coordinates": [[[-1.4743620586118593, 6.173281534279155], [-1.4751022603665087, 6.174158315954976], [-1.476025099674867, 6.173979651473857], [-1.476524357033019, 6.172534433358427], [-1.474716752031625, 6.172093669150371], [-1.4743620586118593, 6.173281534279155]]]}, "properties": {"id": "77d2bb42-83db-4de6-8638-0008039a73d7", "jurisdiction_code": "GH-AH", "jurisdiction_name": "Ghana Ashanti", "class_label": "agroforestry", "agroforestry_subtype": "shade_cocoa", "confidence_score": 0.632, "area_ha": 4.45, "uncertainty": 0.368, "data_origin": "synthetic", "generation_method": "scripts/generate_sample_parcels.py (v2, illustrative PoC)", "source": "Synthetic PoC generator (illustrative)", "source_year": 2022, "source_url": null, "processing_method": "Hybrid Remote Sensing", "model_version": "v3.0", "created_at": "2026-09-29T10:20:13.323515Z"}}, {"type": "Feature", "geometry": {"type": "Polygon", "coordinates": [[[-1.6355822163150517, 5.998172053350989], [-1.6365121292917266, 5.999063607253755], [-1.6368438251362112, 5.999920510538838], [-1.6379877756510641, 5.999411938000007], [-1.638991286967053, 5.999121893860983], [-1.639524688711348, 5.998435637666159], [-1.6391639633577093, 5.997566501093451], [-1.6377148121074545, 5.996705013674724], [-1.6369607188582274, 5.997000487086567], [-1.6364943318657406, 5.997640696577194], [-1.6355822163150517, 5.998172053350989]]]}, "properties": {"id": "a92ae2f7-c299-4804-a5c9-781bae48480c", "jurisdiction_code": "GH-AH", "jurisdiction_name": "Ghana Ashanti", "class_label": "agroforestry", "agroforestry_subtype": "shade_cocoa", "confidence_score": 0.601, "area_ha": 9.45, "uncertainty": 0.399, "data_origin": "synthetic", "generation_method": "scripts/generate_sample_parcels.py (v2, illustrative PoC)", "source": "Synthetic PoC generator (illustrative)", "source_year": 2024, "source_url": null, "processing_method": "GEDI LiDAR + ML", "model_version": "v1.1", "created_at": "2026-09-29T10:20:13.323543Z"}}, {"type": "Feature", "geometry": {"type": "Polygon", "coordinates": [[[-1.99292520953266, 7.417428979409225], [-1.9936957225332108, 7.41785765617557], [-1.9946074662735076, 7.4188833058843615], [-1.9954390549778431, 7.418905412092851], [-1.9964203975785968, 7.417681331596665], [-1.995741703867474, 7.416654846441156], [-1.9954497773129138, 7.415606413661898], [-1.9942166691100025, 7.415712860654784], [-1.9933072797640945, 7.415929624075349], [-1.99292520953266, 7.417428979409225]]]}, "properties": {"id": "32d1b07a-f8da-4ffb-af22-8979fa9a6fed", "jurisdiction_code": "GH-AH", "jurisdiction_name": "Ghana Ashanti", "class_label": "agroforestry", "agroforestry_subtype": "alley_cropping", "confidence_score": 0.635, "area_ha": 12.53, "uncertainty": 0.365, "data_origin": "synthetic", "generation_method": "scripts/generate_sample_parcels.py (v2, illustrative PoC)", "source": "Synthetic PoC generator (illustrative)", "source_year": 2020, "source_url": null, "processing_method": "Hybrid Remote Sensing", "model_version": "v3.7", "created_at": "2026-09-29T10:20:13.323571Z"}}, {"type": "Feature", "geometry": {"type": "Polygon", "coordinates": [[[-2.299871719952856, 5.932516341189983], [-2.300507456131779, 5.934488856298752], [-2.3014783254526123, 5.934409733273595], [-2.30341609919302, 5.934312294703608], [-2.3036845278538682, 5.932613330503122], [-2.3031374712597974, 5.931417915636193], [-2.3016631196216784, 5.930994420687655], [-2.300487424786442, 5.931778635915788], [-2.299871719952856, 5.932516341189983]]]}, "properties": {"id": "fc415b27-34d3-4d72-aeba-d23348d3879c", "jurisdiction_code": "GH-AH", "jurisdiction_name": "Ghana Ashanti", "class_label": "agroforestry", "agroforestry_subtype": "shade_cocoa", "confidence_score": 0.915, "area_ha": 10.69, "uncertainty": 0.085, "data_origin": "synthetic", "generation_method": "scripts/generate_sample_parcels.py (v2, illustrative PoC)", "source": "Synthetic PoC generator (illustrative)", "source_year": 2020, "source_url": null, "processing_method": "PlanetScope + CNN", "model_version": "v3.8", "created_at": "2026-09-29T10:20:13.323598Z"}}, {"type": "Feature", "geometry": {"type": "Polygon", "coordinates": [[[-1.659391005008771, 6.550800815624117], [-1.6599830292476503, 6.5517703775823914], [-1.660892929886664, 6.551286368778193], [-1.661767245201726, 6.550421394181054], [-1.6608584350520512, 6.549950225926768], [-1.659781207254896, 6.549782698210975], [-1.659391005008771, 6.550800815624117]]]}, "properties": {"id": "edf00a5f-d67f-4c8f-ab0f-8b8c1fcb417f", "jurisdiction_code": "GH-AH", "jurisdiction_name": "Ghana Ashanti", "class_label": "agroforestry", "agroforestry_subtype": "alley_cropping", "confidence_score": 0.87, "area_ha": 5.02, "uncertainty": 0.13, "data_origin": "synthetic", "generation_method": "scripts/generate_sample_parcels.py (v2, illustrative PoC)", "source": "Synthetic PoC generator (illustrative)", "source_year": 2022, "source_url": null, "processing_method": "GEDI LiDAR + ML", "model_version": "v1.9", "created_at": "2026-09-29T10:20:13.323623Z"}}, {"type": "Feature", "geometry": {"type": "Polygon", "coordinates": [[[-0.5145953305178302, 5.94663868076776], [-0.5150942165523142, 5.947280749054564], [-0.5164318499953092, 5.947840641736876], [-0.5173312719962725, 5.9463220171985345], [-0.5165084349921688, 5.945413375986396], [-0.5148931333752893, 5.945378109126293], [-0.5145953305178302, 5.94663868076776]]]}, "properties": {"id": "449e3834-d0a6-47c8-81bf-9b744f26a0fd", "jurisdiction_code": "GH-AH", "jurisdiction_name": "Ghana Ashanti", "class_label": "agroforestry", "agroforestry_subtype": "shade_cocoa", "confidence_score": 0.908, "area_ha": 7.22, "uncertainty": 0.092, "data_origin": "synthetic", "generation_method": "scripts/generate_sample_parcels.py (v2, illustrative PoC)", "source": "Synthetic PoC generator (illustrative)", "source_year": 2024, "source_url": null, "processing_method": "Hybrid Remote Sensing", "model_version": "v1.5", "created_at": "2026-09-29T10:20:13.323648Z"}}, {"type": "Feature", "geometry": {"type": "Polygon", "coordinates": [[[-0.5175653076420683, 7.122629552081877], [-0.5175873534325435, 7.1228535648817575], [-0.5177629528068192, 7.122975260015644], [-0.5180798139001684, 7.122981694341442], [-0.5184217210344461, 7.122876915161139], [-0.5183326901920827, 7.122642529927361], [-0.5183186089547376, 7.122236610916334], [-0.518083364849407, 7.122117864872281], [-0.5178115497300334, 7.122295335599141], [-0.5175418613778952, 7.122304830186064], [-0.5175653076420683, 7.122629552081877]]]}, "properties": {"id": "71973718-da2e-4ebf-868b-7a5cbd7db0a7", "jurisdiction_code": "GH-AH", "jurisdiction_name": "Ghana Ashanti", "class_label": "agroforestry", "agroforestry_subtype": "shade_cocoa", "confidence_score": 0.559, "area_ha": 0.73, "uncertainty": 0.441, "data_origin": "synthetic", "generation_method": "scripts/generate_sample_parcels.py (v2, illustrative PoC)", "source": "Synthetic PoC generator (illustrative)", "source_year": 2021, "source_url": null, "processing_method": "Hybrid Remote Sensing", "model_version": "v1.2", "created_at": "2026-09-29T10:20:13.323677Z"}}, {"type": "Feature", "geometry": {"type": "Polygon", "coordinates": [[[-2.1292750599986006, 7.187915208552931], [-2.1305904115905863, 7.1892742403621295], [-2.1319684647707615, 7.189222903456894], [-2.1327809861356215, 7.1879151296260435], [-2.1321451364669053, 7.186852215651094], [-2.129971404693868, 7.186530600640804], [-2.1292750599986006, 7.187915208552931]]]}, "properties": {"id": "24884ec8-dc8d-41b3-8eea-0976b4f416e4", "jurisdiction_code": "GH-AH", "jurisdiction_name": "Ghana Ashanti", "class_label": "agroforestry", "agroforestry_subtype": "shade_cocoa", "confidence_score": 0.568, "area_ha": 9.39, "uncertainty": 0.432, "data_origin": "synthetic", "generation_method": "scripts/generate_sample_parcels.py (v2, illustrative PoC)", "source": "Synthetic PoC generator (illustrative)", "source_year": 2022, "source_url": null, "processing_method": "Hybrid Remote Sensing", "model_version": "v3.1", "created_at": "2026-09-29T10:20:13.323707Z"}}, {"type": "Feature", "geometry": {"type": "Polygon", "coordinates": [[[-1.5660819367083598, 6.994495690583959], [-1.5658107653097864, 6.995197274608648], [-1.5666950957634003, 6.995664540518369], [-1.5673820982259548, 6.99520625724653], [-1.568157574655363, 6.994432946771586], [-1.5674412672289237, 6.994103557786194], [-1.5670114147401841, 6.993256504946153], [-1.5662578800693063, 6.994002847613468], [-1.5660819367083598, 6.994495690583959]]]}, "properties": {"id": "f69d45dc-8b80-46a4-846d-6974d5ab4ec2", "jurisdiction_code": "GH-AH", "jurisdiction_name": "Ghana Ashanti", "class_label": "agroforestry", "agroforestry_subtype": "alley_cropping", "confidence_score": 0.562, "area_ha": 5.94, "uncertainty": 0.438, "data_origin": "synthetic", "generation_method": "scripts/generate_sample_parcels.py (v2, illustrative PoC)", "source": "Synthetic PoC generator (illustrative)", "source_year": 2021, "source_url": null, "processing_method": "Sentinel-2 + Random Forest", "model_version": "v3.9", "created_at": "2026-09-29T10:20:13.323763Z"}}, {"type": "Feature", "geometry": {"type": "Polygon", "coordinates": [[[-2.196474045574841, 6.267110032597711], [-2.197553106594036, 6.26869574132354], [-2.1985673578176157, 6.269872265563203], [-2.199387116832897, 6.268617269560653], [-2.1999607598031283, 6.267380491433246], [-2.2000694930659277, 6.265930954034414], [-2.1986604553110403, 6.265738789966594], [-2.1970661315266478, 6.265620155759907], [-2.196474045574841, 6.267110032597711]]]}, "properties": {"id": "ca3b45ed-3c8d-459a-b965-a3f094d20052", "jurisdiction_code": "GH-AH", "jurisdiction_name": "Ghana Ashanti", "class_label": "agroforestry", "agroforestry_subtype": "shade_cocoa", "confidence_score": 0.865, "area_ha": 14.13, "uncertainty": 0.135, "data_origin": "synthetic", "generation_method": "scripts/generate_sample_parcels.py (v2, illustrative PoC)", "source": "Synthetic PoC generator (illustrative)", "source_year": 2024, "source_url": null, "processing_method": "GEDI LiDAR + ML", "model_version": "v3.1", "created_at": "2026-09-29T10:20:13.323790Z"}}, {"type": "Feature", "geometry": {"type": "Polygon", "coordinates": [[[-2.102401534683609, 6.679396594368618], [-2.1037157956211248, 6.680625993862038], [-2.105825490456852, 6.680663706585605], [-2.1058824910758265, 6.679415535574286], [-2.1055205922555253, 6.6780207715706466], [-2.1039033052574148, 6.67738236350061], [-2.102401534683609, 6.679396594368618]]]}, "properties": {"id": "7de2b075-cb9b-4dd0-98ef-3448bac450ee", "jurisdiction_code": "GH-AH", "jurisdiction_name": "Ghana Ashanti", "class_label": "agroforestry", "agroforestry_subtype": "shade_cocoa", "confidence_score": 0.873, "area_ha": 11.42, "uncertainty": 0.127, "data_origin": "synthetic", "generation_method": "scripts/generate_sample_parcels.py (v2, illustrative PoC)", "source": "Synthetic PoC generator (illustrative)", "source_year": 2023, "source_url": null, "processing_method": "GEDI LiDAR + ML", "model_version": "v2.9", "created_at": "2026-09-29T10:20:13.323814Z"}}, {"type": "Feature", "geometry": {"type": "Polygon", "coordinates": [[[-1.5661490848587765, 6.9202504727748595], [-1.566471861526647, 6.921390235425987], [-1.56785291831568, 6.921354149202005], [-1.5693788733569822, 6.921493639361827], [-1.5697295296638407, 6.919855780059004], [-1.5693104378165061, 6.91905874571227], [-1.5676409005388998, 6.917822821465371], [-1.5667229373999068, 6.9186442272231865], [-1.5661490848587765, 6.9202504727748595]]]}, "properties": {"id": "718eb8c7-858c-4e8a-8c47-60aef5b58eaa", "jurisdiction_code": "GH-AH", "jurisdiction_name": "Ghana Ashanti", "class_label": "agroforestry", "agroforestry_subtype": "alley_cropping", "confidence_score": 0.619, "area_ha": 9.91, "uncertainty": 0.381, "data_origin": "synthetic", "generation_method": "scripts/generate_sample_parcels.py (v2, illustrative PoC)", "source": "Synthetic PoC generator (illustrative)", "source_year": 2022, "source_url": null, "processing_method": "GEDI LiDAR + ML", "model_version": "v1.1", "created_at": "2026-09-29T10:20:13.323841Z"}}, {"type": "Feature", "geometry": {"type": "Polygon", "coordinates": [[[-2.194519674453935, 6.100922841842369], [-2.1955008921690804, 6.102945853463355], [-2.1972409605655097, 6.10217988005906], [-2.1971425441681887, 6.100210169789695], [-2.195553655509925, 6.099604658373037], [-2.194519674453935, 6.100922841842369]]]}, "properties": {"id": "369700de-3654-45ec-8d62-4d1a0fb9211b", "jurisdiction_code": "GH-AH", "jurisdiction_name": "Ghana Ashanti", "class_label": "agroforestry", "agroforestry_subtype": "shade_cocoa", "confidence_score": 0.615, "area_ha": 8.03, "uncertainty": 0.385, "data_origin": "synthetic", "generation_method": "scripts/generate_sample_parcels.py (v2, illustrative PoC)", "source": "Synthetic PoC generator (illustrative)", "source_year": 2021, "source_url": null, "processing_method": "Hybrid Remote Sensing", "model_version": "v2.7", "created_at": "2026-09-29T10:20:13.323864Z"}}, {"type": "Feature", "geometry": {"type": "Polygon", "coordinates": [[[-0.7176416909144955, 5.930106575777022], [-0.7186295106597955, 5.931795768616315], [-0.7204410143970196, 5.930952623623773], [-0.7203909408141548, 5.9286682160944], [-0.7186180679991004, 5.928229559321208], [-0.7176416909144955, 5.930106575777022]]]}, "properties": {"id": "6e223714-b74b-4cb8-9d3d-e158797d16db", "jurisdiction_code": "GH-AH", "jurisdiction_name": "Ghana Ashanti", "class_label": "agroforestry", "agroforestry_subtype": "shade_cocoa", "confidence_score": 0.859, "area_ha": 8.36, "uncertainty": 0.141, "data_origin": "synthetic", "generation_method": "scripts/generate_sample_parcels.py (v2, illustrative PoC)", "source": "Synthetic PoC generator (illustrative)", "source_year": 2020, "source_url": null, "processing_method": "Sentinel-2 + Random Forest", "model_version": "v3.7", "created_at": "2026-09-29T10:20:13.323888Z"}}, {"type": "Feature", "geometry": {"type": "Polygon", "coordinates": [[[-1.4346317378269093, 5.504434135052543], [-1.4344481946719811, 5.505116396180971], [-1.4351525912140315, 5.505665408835159], [-1.4360860263679962, 5.505902429482957], [-1.4371875065324649, 5.505199421433569], [-1.4368548300183317, 5.504544003061443], [-1.4370011545919856, 5.503588286977071], [-1.436029186749851, 5.502981539669714], [-1.4354391861791729, 5.503060345697028], [-1.4351230670547166, 5.503584260843145], [-1.4346317378269093, 5.504434135052543]]]}, "properties": {"id": "ac7b4566-366c-4484-8b59-fae30f1e49e0", "jurisdiction_code": "GH-AH", "jurisdiction_name": "Ghana Ashanti", "class_label": "agroforestry", "agroforestry_subtype": "shade_cocoa", "confidence_score": 0.866, "area_ha": 7.56, "uncertainty": 0.134, "data_origin": "synthetic", "generation_method": "scripts/generate_sample_parcels.py (v2, illustrative PoC)", "source": "Synthetic PoC generator (illustrative)", "source_year": 2021, "source_url": null, "processing_method": "GEDI LiDAR + ML", "model_version": "v1.7", "created_at": "2026-09-29T10:20:13.323917Z"}}, {"type": "Feature", "geometry": {"type": "Polygon", "coordinates": [[[-2.095905701269821, 7.087423731406797], [-2.0973246254974076, 7.089025172950213], [-2.0989629701898167, 7.088450464664496], [-2.0989279961299063, 7.086594487460801], [-2.0971373363191588, 7.086449649487067], [-2.095905701269821, 7.087423731406797]]]}, "properties": {"id": "88aec13b-84ba-4962-8b39-5aedde0d8b1c", "jurisdiction_code": "GH-AH", "jurisdiction_name": "Ghana Ashanti", "class_label": "agroforestry", "agroforestry_subtype": "shade_cocoa", "confidence_score": 0.598, "area_ha": 7.46, "uncertainty": 0.402, "data_origin": "synthetic", "generation_method": "scripts/generate_sample_parcels.py (v2, illustrative PoC)", "source": "Synthetic PoC generator (illustrative)", "source_year": 2024, "source_url": null, "processing_method": "Sentinel-2 + Random Forest", "model_version": "v2.7", "created_at": "2026-09-29T10:20:13.323940Z"}}, {"type": "Feature", "geometry": {"type": "Polygon", "coordinates": [[[-0.6642276539279613, 6.620150114219737], [-0.6644807081206798, 6.620588268180865], [-0.6648342395067536, 6.620587327949348], [-0.6650175227052838, 6.620549817365972], [-0.6652704638939677, 6.62015455916898], [-0.6650525087800293, 6.619963614693139], [-0.6647000801642499, 6.619787811735098], [-0.6645657159436333, 6.619950370826719], [-0.6642276539279613, 6.620150114219737]]]}, "properties": {"id": "b855f099-8667-4242-a7de-b06af37c9f72", "jurisdiction_code": "GH-AH", "jurisdiction_name": "Ghana Ashanti", "class_label": "agroforestry", "agroforestry_subtype": "shade_cocoa", "confidence_score": 0.9, "area_ha": 0.75, "uncertainty": 0.1, "data_origin": "synthetic", "generation_method": "scripts/generate_sample_parcels.py (v2, illustrative PoC)", "source": "Synthetic PoC generator (illustrative)", "source_year": 2020, "source_url": null, "processing_method": "Hybrid Remote Sensing", "model_version": "v3.7", "created_at": "2026-09-29T10:20:13.323968Z"}}, {"type": "Feature", "geometry": {"type": "Polygon", "coordinates": [[[-1.6944653449681184, 6.604791474263129], [-1.6954538627294866, 6.605533019767539], [-1.696612135368467, 6.605357886386577], [-1.6963148802613526, 6.6040288644782335], [-1.6952874668446496, 6.603570766389957], [-1.6944653449681184, 6.604791474263129]]]}, "properties": {"id": "4b52d812-9cbe-48b9-8a69-1949c7aeb2df", "jurisdiction_code": "GH-AH", "jurisdiction_name": "Ghana Ashanti", "class_label": "agroforestry", "agroforestry_subtype": "shade_cocoa", "confidence_score": 0.557, "area_ha": 3.26, "uncertainty": 0.443, "data_origin": "synthetic", "generation_method": "scripts/generate_sample_parcels.py (v2, illustrative PoC)", "source": "Synthetic PoC generator (illustrative)", "source_year": 2023, "source_url": null, "processing_method": "Sentinel-2 + Random Forest", "model_version": "v2.8", "created_at": "2026-09-29T10:20:13.323991Z"}}, {"type": "Feature", "geometry": {"type": "Polygon", "coordinates": [[[-1.500144579587496, 5.687318906218794], [-1.5004394868572957, 5.687649496924132], [-1.5008660265389564, 5.68755874549919], [-1.500824401996151, 5.687023518661393], [-1.5004193261102488, 5.686952317225513], [-1.500144579587496, 5.687318906218794]]]}, "properties": {"id": "6a7c49d4-4349-4b39-a15c-7f2cd766d57f", "jurisdiction_code": "GH-AH", "jurisdiction_name": "Ghana Ashanti", "class_label": "agroforestry", "agroforestry_subtype": "shade_cocoa", "confidence_score": 0.606, "area_ha": 0.44, "uncertainty": 0.394, "data_origin": "synthetic", "generation_method": "scripts/generate_sample_parcels.py (v2, illustrative PoC)", "source": "Synthetic PoC generator (illustrative)", "source_year": 2021, "source_url": null, "processing_method": "Hybrid Remote Sensing", "model_version": "v3.3", "created_at": "2026-09-29T10:20:13.324014Z"}}, {"type": "Feature", "geometry": {"type": "Polygon", "coordinates": [[[-1.2916554517869134, 5.786015511053327], [-1.2917420862328237, 5.786885514714271], [-1.2924933945047579, 5.7868755675675345], [-1.2936882431067003, 5.787054757750211], [-1.2939389621980877, 5.786544672784625], [-1.2940500139775424, 5.785741512463244], [-1.2936411047544736, 5.784721967406225], [-1.2926694927991818, 5.784629388619805], [-1.2917952474822103, 5.785252715499209], [-1.2916554517869134, 5.786015511053327]]]}, "properties": {"id": "2248ba46-27d7-4ca5-867b-a0370402092b", "jurisdiction_code": "GH-AH", "jurisdiction_name": "Ghana Ashanti", "class_label": "agroforestry", "agroforestry_subtype": "shade_cocoa", "confidence_score": 0.568, "area_ha": 5.25, "uncertainty": 0.432, "data_origin": "synthetic", "generation_method": "scripts/generate_sample_parcels.py (v2, illustrative PoC)", "source": "Synthetic PoC generator (illustrative)", "source_year": 2024, "source_url": null, "processing_method": "Sentinel-2 + Random Forest", "model_version": "v1.2", "created_at": "2026-09-29T10:20:13.324042Z"}}, {"type": "Feature", "geometry": {"type": "Polygon", "coordinates": [[[-0.913929637726556, 5.993239206754227], [-0.9152233690418133, 5.994935584550619], [-0.9173712175642714, 5.994834580796598], [-0.918613258977853, 5.992650037766409], [-0.9167514540456169, 5.9916039901628455], [-0.915151306785709, 5.991761437036551], [-0.913929637726556, 5.993239206754227]]]}, "properties": {"id": "6785dfd2-7394-47be-82a6-05ef9fc8a2a6", "jurisdiction_code": "GH-AH", "jurisdiction_name": "Ghana Ashanti", "class_label": "agroforestry", "agroforestry_subtype": "alley_cropping", "confidence_score": 0.585, "area_ha": 14.85, "uncertainty": 0.415, "data_origin": "synthetic", "generation_method": "scripts/generate_sample_parcels.py (v2, illustrative PoC)", "source": "Synthetic PoC generator (illustrative)", "source_year": 2021, "source_url": null, "processing_method": "Sentinel-2 + Random Forest", "model_version": "v1.3", "created_at": "2026-09-29T10:20:13.324066Z"}}, {"type": "Feature", "geometry": {"type": "Polygon", "coordinates": [[[-1.4048832864680305, 6.332286311925714], [-1.4055574410711382, 6.333004594468483], [-1.4061163327945618, 6.333651219313735], [-1.4067928406546752, 6.334143330518145], [-1.4082541408320854, 6.3328993562677995], [-1.4079160758637148, 6.332246414700014], [-1.4080316783307134, 6.330390721824037], [-1.407057998834292, 6.330291680314495], [-1.4059276419939715, 6.330739780451771], [-1.4049380627798755, 6.3306136421312695], [-1.4048832864680305, 6.332286311925714]]]}, "properties": {"id": "ae4fcde9-3bc8-4ed4-a153-069768472fc0", "jurisdiction_code": "GH-AH", "jurisdiction_name": "Ghana Ashanti", "class_label": "agroforestry", "agroforestry_subtype": "shade_cocoa", "confidence_score": 0.623, "area_ha": 12.76, "uncertainty": 0.377, "data_origin": "synthetic", "generation_method": "scripts/generate_sample_parcels.py (v2, illustrative PoC)", "source": "Synthetic PoC generator (illustrative)", "source_year": 2020, "source_url": null, "processing_method": "Hybrid Remote Sensing", "model_version": "v1.8", "created_at": "2026-09-29T10:20:13.324095Z"}}, {"type": "Feature", "geometry": {"type": "Polygon", "coordinates": [[[-1.6905200011609773, 5.864320202410281], [-1.6911578679941504, 5.865077330593898], [-1.6918388478002657, 5.8649897669907105], [-1.6917882558873265, 5.864100953728564], [-1.6910138116844362, 5.863623363784433], [-1.6905200011609773, 5.864320202410281]]]}, "properties": {"id": "22403aea-37c2-4f76-b7aa-a40370544d93", "jurisdiction_code": "GH-AH", "jurisdiction_name": "Ghana Ashanti", "class_label": "agroforestry", "agroforestry_subtype": "homegarden", "confidence_score": 0.602, "area_ha": 1.54, "uncertainty": 0.398, "data_origin": "synthetic", "generation_method": "scripts/generate_sample_parcels.py (v2, illustrative PoC)", "source": "Synthetic PoC generator (illustrative)", "source_year": 2024, "source_url": null, "processing_method": "Sentinel-2 + Random Forest", "model_version": "v3.9", "created_at": "2026-09-29T10:20:13.324159Z"}}, {"type": "Feature", "geometry": {"type": "Polygon", "coordinates": [[[-2.220484352558289, 7.2772099371322145], [-2.22115880494366, 7.278068977891], [-2.221671364202915, 7.277663559277365], [-2.2216492951844544, 7.276951780048289], [-2.221135111866788, 7.276565678487339], [-2.220484352558289, 7.2772099371322145]]]}, "properties": {"id": "f9905fbb-9c41-4418-9ae8-fbe7de575bd5", "jurisdiction_code": "GH-AH", "jurisdiction_name": "Ghana Ashanti", "class_label": "agroforestry", "agroforestry_subtype": "shade_cocoa", "confidence_score": 0.605, "area_ha": 1.87, "uncertainty": 0.395, "data_origin": "synthetic", "generation_method": "scripts/generate_sample_parcels.py (v2, illustrative PoC)", "source": "Synthetic PoC generator (illustrative)", "source_year": 2024, "source_url": null, "processing_method": "PlanetScope + CNN", "model_version": "v1.5", "created_at": "2026-09-29T10:20:13.324182Z"}}, {"type": "Feature", "geometry": {"type": "Polygon", "coordinates": [[[-1.0510746365724901, 6.9860982953734405], [-1.0514026740284632, 6.986547609034099], [-1.0518687843057701, 6.98661657619815], [-1.0521538076673478, 6.986141111650579], [-1.0518548662219664, 6.985768729436642], [-1.0513739554038215, 6.985586095023067], [-1.0510746365724901, 6.9860982953734405]]]}, "properties": {"id": "85fa82b8-0aa9-4448-8315-de0886f55e12", "jurisdiction_code": "GH-AH", "jurisdiction_name": "Ghana Ashanti", "class_label": "agroforestry", "agroforestry_subtype": "shade_cocoa", "confidence_score": 0.628, "area_ha": 1.09, "uncertainty": 0.372, "data_origin": "synthetic", "generation_method": "scripts/generate_sample_parcels.py (v2, illustrative PoC)", "source": "Synthetic PoC generator (illustrative)", "source_year": 2022, "source_url": null, "processing_method": "PlanetScope + CNN", "model_version": "v3.4", "created_at": "2026-09-29T10:20:13.324207Z"}}, {"type": "Feature", "geometry": {"type": "Polygon", "coordinates": [[[-2.0287090382818924, 5.91443188648026], [-2.0290672019317797, 5.915283514031361], [-2.0297750854592898, 5.915490420974988], [-2.0310423020843738, 5.916010891970924], [-2.0321298990956045, 5.9147573125032125], [-2.0321064962316795, 5.913936702411625], [-2.030923565133087, 5.912603065118205], [-2.030200191818519, 5.91283063794922], [-2.0292323673549744, 5.913265381755269], [-2.0287090382818924, 5.91443188648026]]]}, "properties": {"id": "a38234e8-82cc-4fd5-a9a9-cd26e089c006", "jurisdiction_code": "GH-AH", "jurisdiction_name": "Ghana Ashanti", "class_label": "agroforestry", "agroforestry_subtype": "shade_cocoa", "confidence_score": 0.574, "area_ha": 9.4, "uncertainty": 0.426, "data_origin": "synthetic", "generation_method": "scripts/generate_sample_parcels.py (v2, illustrative PoC)", "source": "Synthetic PoC generator (illustrative)", "source_year": 2021, "source_url": null, "processing_method": "PlanetScope + CNN", "model_version": "v2.6", "created_at": "2026-09-29T10:20:13.324235Z"}}, {"type": "Feature", "geometry": {"type": "Polygon", "coordinates": [[[-1.764200025438358, 6.563951036381655], [-1.7647232572438678, 6.564945923330272], [-1.7655966131727128, 6.565535192172804], [-1.7662864898823436, 6.564536941574463], [-1.7662898569436913, 6.563598246630998], [-1.7655103617995167, 6.56323129225466], [-1.7647697347424118, 6.563549017601351], [-1.764200025438358, 6.563951036381655]]]}, "properties": {"id": "513c9842-8fcf-4b64-aea1-60db06d159ce", "jurisdiction_code": "GH-AH", "jurisdiction_name": "Ghana Ashanti", "class_label": "agroforestry", "agroforestry_subtype": "shade_cocoa", "confidence_score": 0.608, "area_ha": 4.81, "uncertainty": 0.392, "data_origin": "synthetic", "generation_method": "scripts/generate_sample_parcels.py (v2, illustrative PoC)", "source": "Synthetic PoC generator (illustrative)", "source_year": 2023, "source_url": null, "processing_method": "Sentinel-2 + Random Forest", "model_version": "v3.6", "created_at": "2026-09-29T10:20:13.324260Z"}}, {"type": "Feature", "geometry": {"type": "Polygon", "coordinates": [[[-1.4819093433324872, 5.905783976281994], [-1.482496467942508, 5.90747755004327], [-1.4851087148174638, 5.9081176138924265], [-1.485309127544428, 5.906183657785426], [-1.4846396528439048, 5.904288634717983], [-1.4820989033968297, 5.904305817857504], [-1.4819093433324872, 5.905783976281994]]]}, "properties": {"id": "9e248ecb-a673-4c88-addc-1ac053cc6a1c", "jurisdiction_code": "GH-AH", "jurisdiction_name": "Ghana Ashanti", "class_label": "agroforestry", "agroforestry_subtype": "shade_cocoa", "confidence_score": 0.616, "area_ha": 11.0, "uncertainty": 0.384, "data_origin": "synthetic", "generation_method": "scripts/generate_sample_parcels.py (v2, illustrative PoC)", "source": "Synthetic PoC generator (illustrative)", "source_year": 2020, "source_url": null, "processing_method": "Sentinel-2 + Random Forest", "model_version": "v2.9", "created_at": "2026-09-29T10:20:13.324285Z"}}, {"type": "Feature", "geometry": {"type": "Polygon", "coordinates": [[[36.0790824100211, 7.5192660458936285], [36.07749259465366, 7.52189852923503], [36.07542349245079, 7.521069315824107], [36.07555280886999, 7.518637231909121], [36.07762948225985, 7.517558692000432], [36.0790824100211, 7.5192660458936285]]]}, "properties": {"id": "871dda50-1ca6-4f66-8699-554ffc20517e", "jurisdiction_code": "ET-OR", "jurisdiction_name": "Ethiopia Oromia", "class_label": "agroforestry", "agroforestry_subtype": "shade_coffee", "confidence_score": 0.906, "area_ha": 16.49, "uncertainty": 0.094, "data_origin": "synthetic", "generation_method": "scripts/generate_sample_parcels.py (v2, illustrative PoC)", "source": "Synthetic PoC generator (illustrative)", "source_year": 2020, "source_url": null, "processing_method": "PlanetScope + CNN", "model_version": "v2.3", "created_at": "2026-09-29T10:20:13.324320Z"}}, {"type": "Feature", "geometry": {"type": "Polygon", "coordinates": [[[37.08713603929746, 8.348657753035305], [37.08532682402247, 8.35049436868844], [37.0840813129539, 8.351361519491974], [37.082752615654115, 8.351234191090363], [37.081604127659595, 8.349604634293655], [37.08177667032304, 8.34767181736686], [37.08324717153478, 8.346923907502404], [37.08454619923303, 8.346209640470146], [37.086184361859246, 8.347098681718409], [37.08713603929746, 8.348657753035305]]]}, "properties": {"id": "bc30613c-9563-4845-aadf-4931b3fb11fa", "jurisdiction_code": "ET-OR", "jurisdiction_name": "Ethiopia Oromia", "class_label": "agroforestry", "agroforestry_subtype": "shade_coffee", "confidence_score": 0.725, "area_ha": 21.55, "uncertainty": 0.275, "data_origin": "synthetic", "generation_method": "scripts/generate_sample_parcels.py (v2, illustrative PoC)", "source": "Synthetic PoC generator (illustrative)", "source_year": 2024, "source_url": null, "processing_method": "GEDI LiDAR + ML", "model_version": "v3.2", "created_at": "2026-09-29T10:20:13.324349Z"}}, {"type": "Feature", "geometry": {"type": "Polygon", "coordinates": [[[35.3925626889095, 8.532635725787689], [35.39152511342982, 8.533666571529489], [35.39065652277699, 8.534258069856667], [35.38941343073403, 8.533869853272035], [35.38910625275838, 8.53258158541699], [35.38959911761021, 8.53175924418876], [35.39061457286911, 8.531245634506153], [35.39179685689894, 8.531915787444765], [35.3925626889095, 8.532635725787689]]]}, "properties": {"id": "b60644a0-b7f3-40f6-83ed-7d2f0cc8875b", "jurisdiction_code": "ET-OR", "jurisdiction_name": "Ethiopia Oromia", "class_label": "agroforestry", "agroforestry_subtype": "forest_farming", "confidence_score": 0.921, "area_ha": 11.25, "uncertainty": 0.079, "data_origin": "synthetic", "generation_method": "scripts/generate_sample_parcels.py (v2, illustrative PoC)", "source": "Synthetic PoC generator (illustrative)", "source_year": 2024, "source_url": null, "processing_method": "Hybrid Remote Sensing", "model_version": "v1.5", "created_at": "2026-09-29T10:20:13.324376Z"}}, {"type": "Feature", "geometry": {"type": "Polygon", "coordinates": [[[38.42896000180355, 7.281113363250633], [38.42811658520133, 7.28287817997077], [38.426911793570916, 7.282482598446406], [38.42605713424013, 7.282764775107994], [38.42516831887936, 7.281036847938415], [38.42581334923957, 7.28007877710886], [38.42678297868576, 7.280178209285254], [38.42813389638184, 7.280588223270773], [38.42896000180355, 7.281113363250633]]]}, "properties": {"id": "51471495-42b7-4f6c-850c-a1c40c60d8b4", "jurisdiction_code": "ET-OR", "jurisdiction_name": "Ethiopia Oromia", "class_label": "agroforestry", "agroforestry_subtype": "forest_farming", "confidence_score": 0.904, "area_ha": 11.42, "uncertainty": 0.096, "data_origin": "synthetic", "generation_method": "scripts/generate_sample_parcels.py (v2, illustrative PoC)", "source": "Synthetic PoC generator (illustrative)", "source_year": 2022, "source_url": null, "processing_method": "Sentinel-2 + Random Forest", "model_version": "v1.9", "created_at": "2026-09-29T10:20:13.324402Z"}}, {"type": "Feature", "geometry": {"type": "Polygon", "coordinates": [[[38.526076317305225, 7.036207281261106], [38.525346238043696, 7.038014581544074], [38.5229320229189, 7.036980333196727], [38.522576464242825, 7.034815430050709], [38.52473943934014, 7.034341447164392], [38.526076317305225, 7.036207281261106]]]}, "properties": {"id": "1785b071-7399-4e61-8a7e-1bdb2eff0b6f", "jurisdiction_code": "ET-OR", "jurisdiction_name": "Ethiopia Oromia", "class_label": "agroforestry", "agroforestry_subtype": "forest_farming", "confidence_score": 0.729, "area_ha": 9.45, "uncertainty": 0.271, "data_origin": "synthetic", "generation_method": "scripts/generate_sample_parcels.py (v2, illustrative PoC)", "source": "Synthetic PoC generator (illustrative)", "source_year": 2022, "source_url": null, "processing_method": "Hybrid Remote Sensing", "model_version": "v3.7", "created_at": "2026-09-29T10:20:13.324425Z"}}, {"type": "Feature", "geometry": {"type": "Polygon", "coordinates": [[[37.099098268563466, 8.895413534347336], [37.09772138926533, 8.897259251334265], [37.095275525144956, 8.896229712142748], [37.095240316293605, 8.893938031550137], [37.09805566183751, 8.893022766179369], [37.099098268563466, 8.895413534347336]]]}, "properties": {"id": "603ab41a-e4a0-4cac-9774-cdb5daf18d9a", "jurisdiction_code": "ET-OR", "jurisdiction_name": "Ethiopia Oromia", "class_label": "agroforestry", "agroforestry_subtype": "shade_coffee", "confidence_score": 0.717, "area_ha": 15.39, "uncertainty": 0.283, "data_origin": "synthetic", "generation_method": "scripts/generate_sample_parcels.py (v2, illustrative PoC)", "source": "Synthetic PoC generator (illustrative)", "source_year": 2020, "source_url": null, "processing_method": "Hybrid Remote Sensing", "model_version": "v3.9", "created_at": "2026-09-29T10:20:13.324448Z"}}, {"type": "Feature", "geometry": {"type": "Polygon", "coordinates": [[[36.040953815722794, 7.239376204557159], [36.04109221802216, 7.240739754783269], [36.039981152212846, 7.240671881561653], [36.0387528110809, 7.2414147150095145], [36.037907142991266, 7.240078646401464], [36.03762452937491, 7.238849988878109], [36.037973436800876, 7.237591973232232], [36.03983864749042, 7.2376057253763175], [36.04092771939974, 7.238336114989913], [36.040953815722794, 7.239376204557159]]]}, "properties": {"id": "49673afd-79bb-42cb-91bc-2e3aa598d79e", "jurisdiction_code": "ET-OR", "jurisdiction_name": "Ethiopia Oromia", "class_label": "agroforestry", "agroforestry_subtype": "forest_farming", "confidence_score": 0.753, "area_ha": 10.47, "uncertainty": 0.247, "data_origin": "synthetic", "generation_method": "scripts/generate_sample_parcels.py (v2, illustrative PoC)", "source": "Synthetic PoC generator (illustrative)", "source_year": 2024, "source_url": null, "processing_method": "Hybrid Remote Sensing", "model_version": "v2.1", "created_at": "2026-09-29T10:20:13.324476Z"}}, {"type": "Feature", "geometry": {"type": "Polygon", "coordinates": [[[38.123255437497946, 6.653167626036576], [38.12318433375674, 6.653327011407501], [38.12297322043316, 6.65344654383915], [38.122714781114894, 6.653471235949777], [38.12264803535478, 6.653286418451328], [38.12262783693017, 6.653192813037506], [38.12256198784418, 6.652896503774894], [38.12272000779026, 6.652800955805753], [38.122978609504145, 6.6527600331978345], [38.123116214667675, 6.652924266565709], [38.123255437497946, 6.653167626036576]]]}, "properties": {"id": "ea51e235-47ca-4e5a-8963-128f083a9941", "jurisdiction_code": "ET-OR", "jurisdiction_name": "Ethiopia Oromia", "class_label": "agroforestry", "agroforestry_subtype": "forest_farming", "confidence_score": 0.71, "area_ha": 0.44, "uncertainty": 0.29, "data_origin": "synthetic", "generation_method": "scripts/generate_sample_parcels.py (v2, illustrative PoC)", "source": "Synthetic PoC generator (illustrative)", "source_year": 2021, "source_url": null, "processing_method": "Sentinel-2 + Random Forest", "model_version": "v2.3", "created_at": "2026-09-29T10:20:13.324505Z"}}, {"type": "Feature", "geometry": {"type": "Polygon", "coordinates": [[[39.34489511202746, 8.538756408730704], [39.34478554942364, 8.539669110800622], [39.34302265245064, 8.540746332121431], [39.34108744388832, 8.540161162885124], [39.34116684995061, 8.53845811654537], [39.34197735287295, 8.53726960372952], [39.343117293003566, 8.537015837845217], [39.3449586740344, 8.537058251552372], [39.34489511202746, 8.538756408730704]]]}, "properties": {"id": "2b4483ee-d229-41ad-b88d-ee56960e77ac", "jurisdiction_code": "ET-OR", "jurisdiction_name": "Ethiopia Oromia", "class_label": "agroforestry", "agroforestry_subtype": "shade_coffee", "confidence_score": 0.738, "area_ha": 14.45, "uncertainty": 0.262, "data_origin": "synthetic", "generation_method": "scripts/generate_sample_parcels.py (v2, illustrative PoC)", "source": "Synthetic PoC generator (illustrative)", "source_year": 2021, "source_url": null, "processing_method": "GEDI LiDAR + ML", "model_version": "v3.6", "created_at": "2026-09-29T10:20:13.324532Z"}}, {"type": "Feature", "geometry": {"type": "Polygon", "coordinates": [[[37.65914581425308, 7.697599968719433], [37.65641551694408, 7.6995224973254475], [37.65357538674231, 7.698672932715437], [37.65405621903663, 7.696042994783024], [37.65646725306658, 7.69541785135821], [37.65914581425308, 7.697599968719433]]]}, "properties": {"id": "ada39636-ac65-4d63-85e7-904657bbf960", "jurisdiction_code": "ET-OR", "jurisdiction_name": "Ethiopia Oromia", "class_label": "agroforestry", "agroforestry_subtype": "forest_farming", "confidence_score": 0.71, "area_ha": 16.95, "uncertainty": 0.29, "data_origin": "synthetic", "generation_method": "scripts/generate_sample_parcels.py (v2, illustrative PoC)", "source": "Synthetic PoC generator (illustrative)", "source_year": 2022, "source_url": null, "processing_method": "PlanetScope + CNN", "model_version": "v2.1", "created_at": "2026-09-29T10:20:13.324556Z"}}, {"type": "Feature", "geometry": {"type": "Polygon", "coordinates": [[[37.57789199724246, 6.6020149007171955], [37.57769479479932, 6.602872158973604], [37.576826673014686, 6.6035143656647755], [37.5762000969769, 6.603473043138266], [37.575636057370964, 6.602588242239529], [37.57606074228536, 6.601741643794084], [37.57636648978927, 6.601050492864982], [37.57694801348458, 6.601107186749045], [37.57765829548831, 6.601132385020771], [37.57789199724246, 6.6020149007171955]]]}, "properties": {"id": "e5f3ae89-19bc-4d8c-b899-b179ed6af121", "jurisdiction_code": "ET-OR", "jurisdiction_name": "Ethiopia Oromia", "class_label": "agroforestry", "agroforestry_subtype": "shade_coffee", "confidence_score": 0.723, "area_ha": 4.84, "uncertainty": 0.277, "data_origin": "synthetic", "generation_method": "scripts/generate_sample_parcels.py (v2, illustrative PoC)", "source": "Synthetic PoC generator (illustrative)", "source_year": 2020, "source_url": null, "processing_method": "Sentinel-2 + Random Forest", "model_version": "v2.7", "created_at": "2026-09-29T10:20:13.324584Z"}}, {"type": "Feature", "geometry": {"type": "Polygon", "coordinates": [[[35.09239057125016, 8.021378144212866], [35.09141598746655, 8.022444022297325], [35.090417513901635, 8.022563310508392], [35.08954957859037, 8.022080120302418], [35.08944749042973, 8.021014298297713], [35.08995151101089, 8.019624473739132], [35.09190867525002, 8.01986149955904], [35.09239057125016, 8.021378144212866]]]}, "properties": {"id": "2517a363-af80-42d6-8d94-d96f76d7a227", "jurisdiction_code": "ET-OR", "jurisdiction_name": "Ethiopia Oromia", "class_label": "agroforestry", "agroforestry_subtype": "shade_coffee", "confidence_score": 0.924, "area_ha": 6.59, "uncertainty": 0.076, "data_origin": "synthetic", "generation_method": "scripts/generate_sample_parcels.py (v2, illustrative PoC)", "source": "Synthetic PoC generator (illustrative)", "source_year": 2021, "source_url": null, "processing_method": "Hybrid Remote Sensing", "model_version": "v2.9", "created_at": "2026-09-29T10:20:13.324609Z"}}, {"type": "Feature", "geometry": {"type": "Polygon", "coordinates": [[[38.064872242144126, 8.015307991864544], [38.06415665494075, 8.01707656002457], [38.06333045663557, 8.01869847518317], [38.061046404999, 8.018113613240189], [38.06048299079183, 8.017737275188578], [38.05948636436151, 8.015789158315625], [38.0606992968521, 8.014114973743396], [38.06099599642543, 8.012924899061609], [38.063800227367295, 8.0128222656084], [38.06491451347568, 8.01432660317102], [38.064872242144126, 8.015307991864544]]]}, "properties": {"id": "cbe702be-e38e-4979-8b5c-78246f13e879", "jurisdiction_code": "ET-OR", "jurisdiction_name": "Ethiopia Oromia", "class_label": "agroforestry", "agroforestry_subtype": "shade_coffee", "confidence_score": 0.733, "area_ha": 31.4, "uncertainty": 0.267, "data_origin": "synthetic", "generation_method": "scripts/generate_sample_parcels.py (v2, illustrative PoC)", "source": "Synthetic PoC generator (illustrative)", "source_year": 2021, "source_url": null, "processing_method": "PlanetScope + CNN", "model_version": "v1.9", "created_at": "2026-09-29T10:20:13.324638Z"}}, {"type": "Feature", "geometry": {"type": "Polygon", "coordinates": [[[35.21549970538799, 9.403396643434492], [35.214661680880866, 9.4043743305488], [35.21337446170361, 9.404612267635635], [35.21284292451926, 9.404041713072885], [35.21173270327765, 9.403035944954514], [35.21227203554581, 9.401788718651899], [35.21342874548193, 9.401149029120624], [35.21470555532326, 9.40233141435909], [35.21549970538799, 9.403396643434492]]]}, "properties": {"id": "36d52a36-b9d1-4c47-ab98-ddae1b3ebede", "jurisdiction_code": "ET-OR", "jurisdiction_name": "Ethiopia Oromia", "class_label": "agroforestry", "agroforestry_subtype": "shade_coffee", "confidence_score": 0.942, "area_ha": 13.35, "uncertainty": 0.058, "data_origin": "synthetic", "generation_method": "scripts/generate_sample_parcels.py (v2, illustrative PoC)", "source": "Synthetic PoC generator (illustrative)", "source_year": 2023, "source_url": null, "processing_method": "Hybrid Remote Sensing", "model_version": "v3.5", "created_at": "2026-09-29T10:20:13.324665Z"}}, {"type": "Feature", "geometry": {"type": "Polygon", "coordinates": [[[38.99229377705962, 7.125681676919845], [38.991587498391716, 7.127365578082417], [38.98914473409122, 7.127221465118194], [38.98924102543426, 7.1249215509653725], [38.991199128024554, 7.124082717612342], [38.99229377705962, 7.125681676919845]]]}, "properties": {"id": "54d3d76b-f1bc-4c97-ba19-cff13364d502", "jurisdiction_code": "ET-OR", "jurisdiction_name": "Ethiopia Oromia", "class_label": "agroforestry", "agroforestry_subtype": "woodlot", "confidence_score": 0.716, "area_ha": 8.82, "uncertainty": 0.284, "data_origin": "synthetic", "generation_method": "scripts/generate_sample_parcels.py (v2, illustrative PoC)", "source": "Synthetic PoC generator (illustrative)", "source_year": 2020, "source_url": null, "processing_method": "Hybrid Remote Sensing", "model_version": "v1.2", "created_at": "2026-09-29T10:20:13.324688Z"}}, {"type": "Feature", "geometry": {"type": "Polygon", "coordinates": [[[38.707820507903726, 8.632356207114562], [38.70694974416133, 8.633394641115348], [38.70592943577715, 8.633785474506281], [38.70564422608687, 8.632290043914137], [38.70627415039017, 8.631569190364495], [38.70745451099333, 8.631299658188489], [38.707820507903726, 8.632356207114562]]]}, "properties": {"id": "5e805a92-c977-4b9a-b6aa-35b023654d4b", "jurisdiction_code": "ET-OR", "jurisdiction_name": "Ethiopia Oromia", "class_label": "agroforestry", "agroforestry_subtype": "shade_coffee", "confidence_score": 0.931, "area_ha": 5.29, "uncertainty": 0.069, "data_origin": "synthetic", "generation_method": "scripts/generate_sample_parcels.py (v2, illustrative PoC)", "source": "Synthetic PoC generator (illustrative)", "source_year": 2020, "source_url": null, "processing_method": "Hybrid Remote Sensing", "model_version": "v3.0", "created_at": "2026-09-29T10:20:13.324718Z"}}, {"type": "Feature", "geometry": {"type": "Polygon", "coordinates": [[[38.31838208101654, 8.599976257456712], [38.31848402277404, 8.601126751075741], [38.31739785554185, 8.601892769272348], [38.3166169624628, 8.602029868248412], [38.31552159369576, 8.601403861149654], [38.31502903575675, 8.599936432329022], [38.3159167822672, 8.599347877130194], [38.31641132752472, 8.598723269759642], [38.31740142052208, 8.599038495156032], [38.31840492576093, 8.599120365894505], [38.31838208101654, 8.599976257456712]]]}, "properties": {"id": "b9e75fed-2534-45fd-9f4d-9c00c653abd7", "jurisdiction_code": "ET-OR", "jurisdiction_name": "Ethiopia Oromia", "class_label": "agroforestry", "agroforestry_subtype": "shade_coffee", "confidence_score": 0.71, "area_ha": 11.58, "uncertainty": 0.29, "data_origin": "synthetic", "generation_method": "scripts/generate_sample_parcels.py (v2, illustrative PoC)", "source": "Synthetic PoC generator (illustrative)", "source_year": 2023, "source_url": null, "processing_method": "GEDI LiDAR + ML", "model_version": "v1.1", "created_at": "2026-09-29T10:20:13.324747Z"}}, {"type": "Feature", "geometry": {"type": "Polygon", "coordinates": [[[39.499789559383586, 8.85628122531037], [39.49870567331257, 8.857366814617862], [39.49752651477703, 8.859056720251598], [39.495937126982966, 8.858536572013193], [39.49483679201911, 8.85805502255741], [39.49427189255003, 8.856554183741247], [39.49562847841927, 8.85469352104466], [39.496319820616996, 8.853992772082798], [39.49860489129358, 8.853292372890696], [39.49936249615639, 8.85423012093126], [39.499789559383586, 8.85628122531037]]]}, "properties": {"id": "3de18c0b-52d1-42bc-947c-42a36815734c", "jurisdiction_code": "ET-OR", "jurisdiction_name": "Ethiopia Oromia", "class_label": "agroforestry", "agroforestry_subtype": "shade_coffee", "confidence_score": 0.714, "area_ha": 26.97, "uncertainty": 0.286, "data_origin": "synthetic", "generation_method": "scripts/generate_sample_parcels.py (v2, illustrative PoC)", "source": "Synthetic PoC generator (illustrative)", "source_year": 2022, "source_url": null, "processing_method": "PlanetScope + CNN", "model_version": "v2.7", "created_at": "2026-09-29T10:20:13.324776Z"}}, {"type": "Feature", "geometry": {"type": "Polygon", "coordinates": [[[36.85463011148541, 8.552745236692422], [36.85317781302817, 8.555643930195428], [36.850318145996184, 8.553987277985302], [36.85094986331466, 8.551229602238347], [36.85345068164374, 8.549750348720515], [36.85463011148541, 8.552745236692422]]]}, "properties": {"id": "8b6f800f-5b1b-41d5-893a-e58ac9f365fa", "jurisdiction_code": "ET-OR", "jurisdiction_name": "Ethiopia Oromia", "class_label": "agroforestry", "agroforestry_subtype": "shade_coffee", "confidence_score": 0.735, "area_ha": 24.53, "uncertainty": 0.265, "data_origin": "synthetic", "generation_method": "scripts/generate_sample_parcels.py (v2, illustrative PoC)", "source": "Synthetic PoC generator (illustrative)", "source_year": 2023, "source_url": null, "processing_method": "GEDI LiDAR + ML", "model_version": "v2.2", "created_at": "2026-09-29T10:20:13.324800Z"}}, {"type": "Feature", "geometry": {"type": "Polygon", "coordinates": [[[38.354797962348435, 8.259651834091036], [38.35412965197177, 8.260439068331829], [38.35283348073675, 8.261577805032136], [38.35214277214382, 8.260532336216501], [38.35093765518852, 8.260337591485946], [38.35097165104108, 8.258784834206235], [38.351576999135986, 8.25770947332967], [38.35297468859501, 8.257803683870906], [38.354513201804465, 8.258301117455137], [38.354797962348435, 8.259651834091036]]]}, "properties": {"id": "0ef9c8ad-4d67-42a2-832e-b2e7e526883d", "jurisdiction_code": "ET-OR", "jurisdiction_name": "Ethiopia Oromia", "class_label": "agroforestry", "agroforestry_subtype": "shade_coffee", "confidence_score": 0.71, "area_ha": 15.98, "uncertainty": 0.29, "data_origin": "synthetic", "generation_method": "scripts/generate_sample_parcels.py (v2, illustrative PoC)", "source": "Synthetic PoC generator (illustrative)", "source_year": 2022, "source_url": null, "processing_method": "Hybrid Remote Sensing", "model_version": "v1.0", "created_at": "2026-09-29T10:20:13.324828Z"}}, {"type": "Feature", "geometry": {"type": "Polygon", "coordinates": [[[35.345482858069374, 7.928369679711119], [35.344495109672614, 7.930038581595303], [35.343124920549165, 7.93119987059431], [35.34152160996588, 7.929832829902353], [35.34076350040238, 7.929104500001721], [35.3411649064428, 7.926796208279829], [35.343256262361464, 7.927187395826915], [35.34460175420848, 7.92708034637148], [35.345482858069374, 7.928369679711119]]]}, "properties": {"id": "367fba27-8441-45e7-9834-7157446bd943", "jurisdiction_code": "ET-OR", "jurisdiction_name": "Ethiopia Oromia", "class_label": "agroforestry", "agroforestry_subtype": "shade_coffee", "confidence_score": 0.74, "area_ha": 21.29, "uncertainty": 0.26, "data_origin": "synthetic", "generation_method": "scripts/generate_sample_parcels.py (v2, illustrative PoC)", "source": "Synthetic PoC generator (illustrative)", "source_year": 2024, "source_url": null, "processing_method": "Hybrid Remote Sensing", "model_version": "v3.8", "created_at": "2026-09-29T10:20:13.324855Z"}}, {"type": "Feature", "geometry": {"type": "Polygon", "coordinates": [[[35.40494384046329, 8.740805304071133], [35.40320164040062, 8.742771052268896], [35.400354553761424, 8.742455068420218], [35.40066603817187, 8.739402514057812], [35.403462675634486, 8.738278419832005], [35.40494384046329, 8.740805304071133]]]}, "properties": {"id": "02709e74-cbd5-4085-b878-b0450ce9c93e", "jurisdiction_code": "ET-OR", "jurisdiction_name": "Ethiopia Oromia", "class_label": "agroforestry", "agroforestry_subtype": "parkland", "confidence_score": 0.702, "area_ha": 16.14, "uncertainty": 0.298, "data_origin": "synthetic", "generation_method": "scripts/generate_sample_parcels.py (v2, illustrative PoC)", "source": "Synthetic PoC generator (illustrative)", "source_year": 2024, "source_url": null, "processing_method": "GEDI LiDAR + ML", "model_version": "v2.9", "created_at": "2026-09-29T10:20:13.324878Z"}}, {"type": "Feature", "geometry": {"type": "Polygon", "coordinates": [[[35.25159193085986, 7.902699681172147], [35.25071213700484, 7.903736510363291], [35.249632099119175, 7.904003809023507], [35.24851470465197, 7.904072149307731], [35.248250538135906, 7.90281073124621], [35.24869008764938, 7.901732261489264], [35.24931947863979, 7.901082670946561], [35.250838951650486, 7.901642286458272], [35.25159193085986, 7.902699681172147]]]}, "properties": {"id": "8af53a0b-ed2f-42eb-83d9-52a5da1a9316", "jurisdiction_code": "ET-OR", "jurisdiction_name": "Ethiopia Oromia", "class_label": "agroforestry", "agroforestry_subtype": "forest_farming", "confidence_score": 0.712, "area_ha": 7.62, "uncertainty": 0.288, "data_origin": "synthetic", "generation_method": "scripts/generate_sample_parcels.py (v2, illustrative PoC)", "source": "Synthetic PoC generator (illustrative)", "source_year": 2024, "source_url": null, "processing_method": "Hybrid Remote Sensing", "model_version": "v2.5", "created_at": "2026-09-29T10:20:13.324905Z"}}, {"type": "Feature", "geometry": {"type": "Polygon", "coordinates": [[[39.32929492588873, 9.169298513071634], [39.32870038586142, 9.171618681795685], [39.32644777270458, 9.17105307214987], [39.32513018332323, 9.169747059596922], [39.32667198902687, 9.167282624896808], [39.328974722833536, 9.167852513737664], [39.32929492588873, 9.169298513071634]]]}, "properties": {"id": "f1eab12a-ce9c-4787-ab14-9704ce359a1d", "jurisdiction_code": "ET-OR", "jurisdiction_name": "Ethiopia Oromia", "class_label": "agroforestry", "agroforestry_subtype": "forest_farming", "confidence_score": 0.949, "area_ha": 13.49, "uncertainty": 0.051, "data_origin": "synthetic", "generation_method": "scripts/generate_sample_parcels.py (v2, illustrative PoC)", "source": "Synthetic PoC generator (illustrative)", "source_year": 2020, "source_url": null, "processing_method": "Sentinel-2 + Random Forest", "model_version": "v2.4", "created_at": "2026-09-29T10:20:13.324930Z"}}, {"type": "Feature", "geometry": {"type": "Polygon", "coordinates": [[[35.73975371315069, 8.988746804621746], [35.73860715021373, 8.991630308561511], [35.736381496402636, 8.99209087665271], [35.734684790594784, 8.990622388992515], [35.732724374403546, 8.988693371046626], [35.73356594458689, 8.987352404317487], [35.73589985459024, 8.986501041918334], [35.73817910758748, 8.987156502769368], [35.73975371315069, 8.988746804621746]]]}, "properties": {"id": "817fed43-585c-46e0-8fc8-fe560979876a", "jurisdiction_code": "ET-OR", "jurisdiction_name": "Ethiopia Oromia", "class_label": "agroforestry", "agroforestry_subtype": "forest_farming", "confidence_score": 0.743, "area_ha": 30.32, "uncertainty": 0.257, "data_origin": "synthetic", "generation_method": "scripts/generate_sample_parcels.py (v2, illustrative PoC)", "source": "Synthetic PoC generator (illustrative)", "source_year": 2023, "source_url": null, "processing_method": "GEDI LiDAR + ML", "model_version": "v1.9", "created_at": "2026-09-29T10:20:13.324957Z"}}, {"type": "Feature", "geometry": {"type": "Polygon", "coordinates": [[[36.791998669927516, 6.5992791404607605], [36.79073238285917, 6.601584791929291], [36.78932449035083, 6.601701718811551], [36.78686301658149, 6.601573866818102], [36.786298563713615, 6.599639089438555], [36.78758220567301, 6.598176064713493], [36.788768281071754, 6.596238530021852], [36.79034997500507, 6.597722276750205], [36.791998669927516, 6.5992791404607605]]]}, "properties": {"id": "789755af-613d-4867-929d-8c74b8c03c61", "jurisdiction_code": "ET-OR", "jurisdiction_name": "Ethiopia Oromia", "class_label": "agroforestry", "agroforestry_subtype": "woodlot", "confidence_score": 0.715, "area_ha": 26.74, "uncertainty": 0.285, "data_origin": "synthetic", "generation_method": "scripts/generate_sample_parcels.py (v2, illustrative PoC)", "source": "Synthetic PoC generator (illustrative)", "source_year": 2024, "source_url": null, "processing_method": "PlanetScope + CNN", "model_version": "v3.2", "created_at": "2026-09-29T10:20:13.324984Z"}}, {"type": "Feature", "geometry": {"type": "Polygon", "coordinates": [[[36.82432881216701, 7.8023634933143216], [36.824348068991426, 7.803954602795619], [36.8230154630275, 7.8045317743484866], [36.82189338861833, 7.804455456345756], [36.821184670186405, 7.8028345175833955], [36.82057406618727, 7.801463541528382], [36.82161485446806, 7.800678362387229], [36.82293328521336, 7.800419114052569], [36.82357677071394, 7.801454413297926], [36.82432881216701, 7.8023634933143216]]]}, "properties": {"id": "c2c3494f-11c6-46e4-9a44-0722eed63c4d", "jurisdiction_code": "ET-OR", "jurisdiction_name": "Ethiopia Oromia", "class_label": "agroforestry", "agroforestry_subtype": "shade_coffee", "confidence_score": 0.947, "area_ha": 13.64, "uncertainty": 0.053, "data_origin": "synthetic", "generation_method": "scripts/generate_sample_parcels.py (v2, illustrative PoC)", "source": "Synthetic PoC generator (illustrative)", "source_year": 2024, "source_url": null, "processing_method": "GEDI LiDAR + ML", "model_version": "v3.7", "created_at": "2026-09-29T10:20:13.325012Z"}}, {"type": "Feature", "geometry": {"type": "Polygon", "coordinates": [[[35.24924447462454, 9.351979448416346], [35.24834870609929, 9.35381787003775], [35.24673023748829, 9.355029192109239], [35.24484651223277, 9.354491422389124], [35.244194389578745, 9.351975145256114], [35.24489061799638, 9.350035705172026], [35.24704031530099, 9.349104799244435], [35.24831661329908, 9.350182879259204], [35.24924447462454, 9.351979448416346]]]}, "properties": {"id": "7eacdd45-7be1-49ad-bcee-4a9d57207564", "jurisdiction_code": "ET-OR", "jurisdiction_name": "Ethiopia Oromia", "class_label": "agroforestry", "agroforestry_subtype": "shade_coffee", "confidence_score": 0.754, "area_ha": 24.64, "uncertainty": 0.246, "data_origin": "synthetic", "generation_method": "scripts/generate_sample_parcels.py (v2, illustrative PoC)", "source": "Synthetic PoC generator (illustrative)", "source_year": 2022, "source_url": null, "processing_method": "Hybrid Remote Sensing", "model_version": "v2.4", "created_at": "2026-09-29T10:20:13.325039Z"}}, {"type": "Feature", "geometry": {"type": "Polygon", "coordinates": [[[36.83062690638368, 8.419531616574119], [36.82914762405451, 8.420942448003101], [36.826195588443724, 8.42046962166593], [36.82675723765926, 8.418493262723825], [36.82905545621038, 8.417489002815202], [36.83062690638368, 8.419531616574119]]]}, "properties": {"id": "3b45368b-e164-44f0-b26c-ca63b7a11fc9", "jurisdiction_code": "ET-OR", "jurisdiction_name": "Ethiopia Oromia", "class_label": "agroforestry", "agroforestry_subtype": "shade_coffee", "confidence_score": 0.728, "area_ha": 12.51, "uncertainty": 0.272, "data_origin": "synthetic", "generation_method": "scripts/generate_sample_parcels.py (v2, illustrative PoC)", "source": "Synthetic PoC generator (illustrative)", "source_year": 2020, "source_url": null, "processing_method": "Hybrid Remote Sensing", "model_version": "v3.5", "created_at": "2026-09-29T10:20:13.325062Z"}}, {"type": "Feature", "geometry": {"type": "Polygon", "coordinates": [[[35.58905052470839, 8.50574639626121], [35.58873445064289, 8.506997069520585], [35.5873623826912, 8.506890860324544], [35.58610665993226, 8.506007876619398], [35.58618726872283, 8.50446273078848], [35.587488262741644, 8.50408568575137], [35.58827330829812, 8.504412284987898], [35.58905052470839, 8.50574639626121]]]}, "properties": {"id": "2c96814e-63f1-4ad7-b029-0f6960a10e75", "jurisdiction_code": "ET-OR", "jurisdiction_name": "Ethiopia Oromia", "class_label": "agroforestry", "agroforestry_subtype": "shade_coffee", "confidence_score": 0.732, "area_ha": 7.43, "uncertainty": 0.268, "data_origin": "synthetic", "generation_method": "scripts/generate_sample_parcels.py (v2, illustrative PoC)", "source": "Synthetic PoC generator (illustrative)", "source_year": 2024, "source_url": null, "processing_method": "GEDI LiDAR + ML", "model_version": "v2.5", "created_at": "2026-09-29T10:20:13.325087Z"}}, {"type": "Feature", "geometry": {"type": "Polygon", "coordinates": [[[37.55084061020513, 7.767867421790608], [37.55056164024783, 7.76943232801508], [37.54853721436641, 7.770747094097992], [37.54668895974699, 7.769025232356996], [37.54685868825094, 7.766634239557728], [37.548627202417926, 7.766596420684789], [37.550775753343025, 7.76674563711759], [37.55084061020513, 7.767867421790608]]]}, "properties": {"id": "8e3cdb96-9cf6-4672-b01b-d8c8a00a62f9", "jurisdiction_code": "ET-OR", "jurisdiction_name": "Ethiopia Oromia", "class_label": "agroforestry", "agroforestry_subtype": "forest_farming", "confidence_score": 0.914, "area_ha": 12.83, "uncertainty": 0.086, "data_origin": "synthetic", "generation_method": "scripts/generate_sample_parcels.py (v2, illustrative PoC)", "source": "Synthetic PoC generator (illustrative)", "source_year": 2021, "source_url": null, "processing_method": "GEDI LiDAR + ML", "model_version": "v2.2", "created_at": "2026-09-29T10:20:13.325114Z"}}, {"type": "Feature", "geometry": {"type": "Polygon", "coordinates": [[[38.448029891015295, 7.752133625646728], [38.44737718062279, 7.753426707357881], [38.446575041841, 7.754115142320298], [38.44498140633925, 7.753857648356154], [38.44411105198475, 7.753582758797485], [38.44415870957476, 7.752564473734699], [38.444204494020745, 7.751331643791795], [38.44551937446638, 7.750253258727125], [38.44627927437477, 7.7503713342754885], [38.44748987464608, 7.751269816715269], [38.448029891015295, 7.752133625646728]]]}, "properties": {"id": "d2c34466-449c-49c0-9b78-05c08cf5ad33", "jurisdiction_code": "ET-OR", "jurisdiction_name": "Ethiopia Oromia", "class_label": "agroforestry", "agroforestry_subtype": "shade_coffee", "confidence_score": 0.708, "area_ha": 13.6, "uncertainty": 0.292, "data_origin": "synthetic", "generation_method": "scripts/generate_sample_parcels.py (v2, illustrative PoC)", "source": "Synthetic PoC generator (illustrative)", "source_year": 2023, "source_url": null, "processing_method": "GEDI LiDAR + ML", "model_version": "v1.5", "created_at": "2026-09-29T10:20:13.325153Z"}}, {"type": "Feature", "geometry": {"type": "Polygon", "coordinates": [[[39.15662094891978, 6.915104817735907], [39.15664820613427, 6.9161525834113755], [39.15536141603633, 6.9165789097207], [39.154424490776044, 6.9156202740347785], [39.154359441145495, 6.914307972836892], [39.155188561809, 6.913575912800171], [39.15630883630392, 6.913648579533144], [39.15662094891978, 6.915104817735907]]]}, "properties": {"id": "d9698a26-f677-47ac-bff8-ee12adb50502", "jurisdiction_code": "ET-OR", "jurisdiction_name": "Ethiopia Oromia", "class_label": "agroforestry", "agroforestry_subtype": "shade_coffee", "confidence_score": 0.703, "area_ha": 7.22, "uncertainty": 0.297, "data_origin": "synthetic", "generation_method": "scripts/generate_sample_parcels.py (v2, illustrative PoC)", "source": "Synthetic PoC generator (illustrative)", "source_year": 2022, "source_url": null, "processing_method": "Sentinel-2 + Random Forest", "model_version": "v1.3", "created_at": "2026-09-29T10:20:13.325178Z"}}, {"type": "Feature", "geometry": {"type": "Polygon", "coordinates": [[[38.397482707696746, 7.587917128989583], [38.397152219798386, 7.588281482892458], [38.396624202323956, 7.5891277217787625], [38.395985391783, 7.588839960778329], [38.395425295530494, 7.588646047428541], [38.39526855236784, 7.587794326120017], [38.39573920915609, 7.587192994962112], [38.39609050989323, 7.586617480159657], [38.396574132544366, 7.586791110613208], [38.397346161400385, 7.587130490853742], [38.397482707696746, 7.587917128989583]]]}, "properties": {"id": "af4ad4ef-f13d-49e0-8946-f5779c545e47", "jurisdiction_code": "ET-OR", "jurisdiction_name": "Ethiopia Oromia", "class_label": "agroforestry", "agroforestry_subtype": "woodlot", "confidence_score": 0.909, "area_ha": 5.37, "uncertainty": 0.091, "data_origin": "synthetic", "generation_method": "scripts/generate_sample_parcels.py (v2, illustrative PoC)", "source": "Synthetic PoC generator (illustrative)", "source_year": 2021, "source_url": null, "processing_method": "Sentinel-2 + Random Forest", "model_version": "v3.4", "created_at": "2026-09-29T10:20:13.325208Z"}}, {"type": "Feature", "geometry": {"type": "Polygon", "coordinates": [[[38.7286009154436, 9.201989264264878], [38.72808322141078, 9.203244473522492], [38.72641413233154, 9.204148262168328], [38.72558177655533, 9.203655481444256], [38.72445513912251, 9.20228717606707], [38.725229519500196, 9.200829047045413], [38.72679287206753, 9.200450920763732], [38.72887104318903, 9.20055774851282], [38.7286009154436, 9.201989264264878]]]}, "properties": {"id": "4e00f6a9-e565-42f8-9b23-e619ceba3bed", "jurisdiction_code": "ET-OR", "jurisdiction_name": "Ethiopia Oromia", "class_label": "agroforestry", "agroforestry_subtype": "shade_coffee", "confidence_score": 0.759, "area_ha": 14.42, "uncertainty": 0.241, "data_origin": "synthetic", "generation_method": "scripts/generate_sample_parcels.py (v2, illustrative PoC)", "source": "Synthetic PoC generator (illustrative)", "source_year": 2020, "source_url": null, "processing_method": "Sentinel-2 + Random Forest", "model_version": "v2.0", "created_at": "2026-09-29T10:20:13.325234Z"}}, {"type": "Feature", "geometry": {"type": "Polygon", "coordinates": [[[36.21619602820885, 6.60110720513432], [36.21636801837531, 6.601671190970569], [36.21529340743251, 6.602507127775926], [36.21400915226934, 6.602683691271137], [36.21334878340541, 6.602022652629376], [36.212037012720984, 6.600605623223252], [36.213168848829376, 6.599777725920991], [36.21373155964652, 6.598403807119585], [36.215035137719816, 6.598910994119344], [36.216196310860944, 6.599256224901424], [36.21619602820885, 6.60110720513432]]]}, "properties": {"id": "49d467ac-e4bc-4e68-b943-4597349e8696", "jurisdiction_code": "ET-OR", "jurisdiction_name": "Ethiopia Oromia", "class_label": "agroforestry", "agroforestry_subtype": "forest_farming", "confidence_score": 0.736, "area_ha": 15.9, "uncertainty": 0.264, "data_origin": "synthetic", "generation_method": "scripts/generate_sample_parcels.py (v2, illustrative PoC)", "source": "Synthetic PoC generator (illustrative)", "source_year": 2020, "source_url": null, "processing_method": "Hybrid Remote Sensing", "model_version": "v1.1", "created_at": "2026-09-29T10:20:13.325263Z"}}, {"type": "Feature", "geometry": {"type": "Polygon", "coordinates": [[[37.91348681746361, 7.3133946092976565], [37.91340584252758, 7.314710790545816], [37.91244964929623, 7.314740910727641], [37.91117410139901, 7.31517169829765], [37.910243775237845, 7.313933189816357], [37.91027561708523, 7.312817880110393], [37.91163815313476, 7.312144512525192], [37.912224482709206, 7.311303464310223], [37.913868975575056, 7.3124265756992255], [37.91348681746361, 7.3133946092976565]]]}, "properties": {"id": "1d3a9e98-e098-4762-9863-f9a00b5deed7", "jurisdiction_code": "ET-OR", "jurisdiction_name": "Ethiopia Oromia", "class_label": "agroforestry", "agroforestry_subtype": "forest_farming", "confidence_score": 0.716, "area_ha": 14.53, "uncertainty": 0.284, "data_origin": "synthetic", "generation_method": "scripts/generate_sample_parcels.py (v2, illustrative PoC)", "source": "Synthetic PoC generator (illustrative)", "source_year": 2020, "source_url": null, "processing_method": "PlanetScope + CNN", "model_version": "v1.9", "created_at": "2026-09-29T10:20:13.325292Z"}}, {"type": "Feature", "geometry": {"type": "Polygon", "coordinates": [[[36.92359533211634, 8.98605385352797], [36.92327923991772, 8.986898768781959], [36.92203427872076, 8.986764629478962], [36.921444218035205, 8.985919434311626], [36.921841679436575, 8.985043784479501], [36.9229370861721, 8.985006323203889], [36.92359533211634, 8.98605385352797]]]}, "properties": {"id": "1c2c5813-90c0-4e2a-a17b-77b2fc6c64e3", "jurisdiction_code": "ET-OR", "jurisdiction_name": "Ethiopia Oromia", "class_label": "agroforestry", "agroforestry_subtype": "shade_coffee", "confidence_score": 0.926, "area_ha": 3.15, "uncertainty": 0.074, "data_origin": "synthetic", "generation_method": "scripts/generate_sample_parcels.py (v2, illustrative PoC)", "source": "Synthetic PoC generator (illustrative)", "source_year": 2023, "source_url": null, "processing_method": "PlanetScope + CNN", "model_version": "v1.6", "created_at": "2026-09-29T10:20:13.325316Z"}}, {"type": "Feature", "geometry": {"type": "Polygon", "coordinates": [[[39.29444393476219, 8.446473270360825], [39.29416218635622, 8.446741885183082], [39.29397882553285, 8.44689455803526], [39.293616029589785, 8.44710636597093], [39.29333694956351, 8.446738742739916], [39.29303761486181, 8.446264583653734], [39.29319808904681, 8.445954815717196], [39.293619119832485, 8.445566889938851], [39.29415610644531, 8.445552540238195], [39.29421874796383, 8.445984744166037], [39.29444393476219, 8.446473270360825]]]}, "properties": {"id": "a781e258-8c5b-40f6-873b-0e291e04f9ba", "jurisdiction_code": "ET-OR", "jurisdiction_name": "Ethiopia Oromia", "class_label": "agroforestry", "agroforestry_subtype": "shade_coffee", "confidence_score": 0.762, "area_ha": 1.69, "uncertainty": 0.238, "data_origin": "synthetic", "generation_method": "scripts/generate_sample_parcels.py (v2, illustrative PoC)", "source": "Synthetic PoC generator (illustrative)", "source_year": 2020, "source_url": null, "processing_method": "Sentinel-2 + Random Forest", "model_version": "v2.4", "created_at": "2026-09-29T10:20:13.325345Z"}}, {"type": "Feature", "geometry": {"type": "Polygon", "coordinates": [[[39.293661854606746, 7.617503832288846], [39.292643693025376, 7.618886103590582], [39.29177796185989, 7.620671112017976], [39.28954845218024, 7.6205781832583455], [39.289269637864514, 7.619289859884076], [39.288148877092205, 7.617310881713287], [39.2887273238966, 7.616559652955837], [39.29033597202417, 7.614713599854634], [39.29151053309721, 7.615599857251623], [39.292414371238365, 7.616523625047423], [39.293661854606746, 7.617503832288846]]]}, "properties": {"id": "2a44f9b2-1dea-4f47-a629-044e450e24bf", "jurisdiction_code": "ET-OR", "jurisdiction_name": "Ethiopia Oromia", "class_label": "agroforestry", "agroforestry_subtype": "shade_coffee", "confidence_score": 0.722, "area_ha": 28.19, "uncertainty": 0.278, "data_origin": "synthetic", "generation_method": "scripts/generate_sample_parcels.py (v2, illustrative PoC)", "source": "Synthetic PoC generator (illustrative)", "source_year": 2020, "source_url": null, "processing_method": "Sentinel-2 + Random Forest", "model_version": "v1.4", "created_at": "2026-09-29T10:20:13.325374Z"}}, {"type": "Feature", "geometry": {"type": "Polygon", "coordinates": [[[38.65825077055234, 7.362081261622059], [38.65817560668904, 7.362280100781694], [38.657894682906104, 7.3623760423884885], [38.6576101443333, 7.362257499110269], [38.657481638569855, 7.362008153515437], [38.65766621159804, 7.361713241965928], [38.65788651887883, 7.3615378636992475], [38.65820959214918, 7.3617369217880535], [38.65825077055234, 7.362081261622059]]]}, "properties": {"id": "f80b37e3-e10c-48d2-ba04-703a5f944621", "jurisdiction_code": "ET-OR", "jurisdiction_name": "Ethiopia Oromia", "class_label": "agroforestry", "agroforestry_subtype": "shade_coffee", "confidence_score": 0.737, "area_ha": 0.7, "uncertainty": 0.263, "data_origin": "synthetic", "generation_method": "scripts/generate_sample_parcels.py (v2, illustrative PoC)", "source": "Synthetic PoC generator (illustrative)", "source_year": 2024, "source_url": null, "processing_method": "GEDI LiDAR + ML", "model_version": "v3.8", "created_at": "2026-09-29T10:20:13.325401Z"}}, {"type": "Feature", "geometry": {"type": "Polygon", "coordinates": [[[36.31245685581553, 9.051165624122818], [36.31183377802309, 9.052949313394466], [36.31052750732357, 9.0527218804076], [36.308584426522394, 9.052735640589542], [36.30877513773853, 9.051722010238363], [36.30935470910461, 9.050651140558228], [36.310516401199294, 9.049987054862525], [36.3117789519893, 9.050128038729536], [36.31245685581553, 9.051165624122818]]]}, "properties": {"id": "49528a3e-e51e-4289-b9a9-6d191fbf346a", "jurisdiction_code": "ET-OR", "jurisdiction_name": "Ethiopia Oromia", "class_label": "agroforestry", "agroforestry_subtype": "shade_coffee", "confidence_score": 0.935, "area_ha": 12.43, "uncertainty": 0.065, "data_origin": "synthetic", "generation_method": "scripts/generate_sample_parcels.py (v2, illustrative PoC)", "source": "Synthetic PoC generator (illustrative)", "source_year": 2024, "source_url": null, "processing_method": "GEDI LiDAR + ML", "model_version": "v3.3", "created_at": "2026-09-29T10:20:13.325455Z"}}, {"type": "Feature", "geometry": {"type": "Polygon", "coordinates": [[[35.36190288538289, 9.298247642906443], [35.360914445955366, 9.298924819884444], [35.360266697371095, 9.299230155984196], [35.358933587827615, 9.298988478776709], [35.35949180255358, 9.297556712470424], [35.36031494499794, 9.29675171961202], [35.361282997135866, 9.296916423074943], [35.36190288538289, 9.298247642906443]]]}, "properties": {"id": "f138f414-4cb3-4a21-961d-15e0f01cabe2", "jurisdiction_code": "ET-OR", "jurisdiction_name": "Ethiopia Oromia", "class_label": "agroforestry", "agroforestry_subtype": "shade_coffee", "confidence_score": 0.712, "area_ha": 6.2, "uncertainty": 0.288, "data_origin": "synthetic", "generation_method": "scripts/generate_sample_parcels.py (v2, illustrative PoC)", "source": "Synthetic PoC generator (illustrative)", "source_year": 2023, "source_url": null, "processing_method": "PlanetScope + CNN", "model_version": "v1.0", "created_at": "2026-09-29T10:20:13.325481Z"}}, {"type": "Feature", "geometry": {"type": "Polygon", "coordinates": [[[36.19018531989285, 8.157276756692836], [36.1890777621594, 8.158540003746705], [36.18786280567461, 8.159320622758136], [36.186483044096846, 8.157868589137255], [36.18667116884298, 8.15669621437973], [36.187615775835575, 8.15587740206008], [36.18971949710911, 8.155493491805037], [36.19018531989285, 8.157276756692836]]]}, "properties": {"id": "b0dc340a-d1a9-457a-a905-e8aee0f64d85", "jurisdiction_code": "ET-OR", "jurisdiction_name": "Ethiopia Oromia", "class_label": "agroforestry", "agroforestry_subtype": "shade_coffee", "confidence_score": 0.71, "area_ha": 14.41, "uncertainty": 0.29, "data_origin": "synthetic", "generation_method": "scripts/generate_sample_parcels.py (v2, illustrative PoC)", "source": "Synthetic PoC generator (illustrative)", "source_year": 2021, "source_url": null, "processing_method": "GEDI LiDAR + ML", "model_version": "v3.2", "created_at": "2026-09-29T10:20:13.325507Z"}}, {"type": "Feature", "geometry": {"type": "Polygon", "coordinates": [[[35.745499906525914, 9.260399508660791], [35.745577328484515, 9.262018687116521], [35.74418476174622, 9.26245785249021], [35.74284976943119, 9.26213079974292], [35.74221787019298, 9.262126335011668], [35.741352669481024, 9.261036025093032], [35.74209501238319, 9.259315839844284], [35.74320474243672, 9.259527607995476], [35.74415476044049, 9.258753846279282], [35.74460359526364, 9.25978152280958], [35.745499906525914, 9.260399508660791]]]}, "properties": {"id": "85866ae4-8442-416c-91e3-62138441382c", "jurisdiction_code": "ET-OR", "jurisdiction_name": "Ethiopia Oromia", "class_label": "agroforestry", "agroforestry_subtype": "shade_coffee", "confidence_score": 0.738, "area_ha": 12.83, "uncertainty": 0.262, "data_origin": "synthetic", "generation_method": "scripts/generate_sample_parcels.py (v2, illustrative PoC)", "source": "Synthetic PoC generator (illustrative)", "source_year": 2022, "source_url": null, "processing_method": "Sentinel-2 + Random Forest", "model_version": "v3.1", "created_at": "2026-09-29T10:20:13.325536Z"}}, {"type": "Feature", "geometry": {"type": "Polygon", "coordinates": [[[38.67059729251342, 8.431885121693757], [38.670567349084706, 8.432634402256499], [38.66989145869552, 8.433323492366963], [38.66923953527047, 8.43338334890977], [38.66864171016911, 8.4329517011495], [38.668478983205375, 8.432173954819453], [38.66856180195002, 8.431301800627065], [38.66915653431064, 8.430915071452317], [38.6700789151399, 8.430699674110024], [38.67073016573878, 8.431562068630742], [38.67059729251342, 8.431885121693757]]]}, "properties": {"id": "0c26083a-73f7-4b3a-9a5d-39caf6f05aa2", "jurisdiction_code": "ET-OR", "jurisdiction_name": "Ethiopia Oromia", "class_label": "agroforestry", "agroforestry_subtype": "shade_coffee", "confidence_score": 0.758, "area_ha": 6.15, "uncertainty": 0.242, "data_origin": "synthetic", "generation_method": "scripts/generate_sample_parcels.py (v2, illustrative PoC)", "source": "Synthetic PoC generator (illustrative)", "source_year": 2020, "source_url": null, "processing_method": "GEDI LiDAR + ML", "model_version": "v3.7", "created_at": "2026-09-29T10:20:13.325565Z"}}, {"type": "Feature", "geometry": {"type": "Polygon", "coordinates": [[[38.18699361283485, 8.98450384742321], [38.186426155734566, 8.986106543467235], [38.1855787251973, 8.986910582761082], [38.184228037767774, 8.985910398522746], [38.18308052034398, 8.985722820633075], [38.18294650354687, 8.984827249238426], [38.18329388635702, 8.983549768902819], [38.18437151155197, 8.98239807177627], [38.1859181353864, 8.98236797210356], [38.18605653465596, 8.983551205336042], [38.18699361283485, 8.98450384742321]]]}, "properties": {"id": "2eac2d4a-602f-42dd-a94e-857aa903aef9", "jurisdiction_code": "ET-OR", "jurisdiction_name": "Ethiopia Oromia", "class_label": "agroforestry", "agroforestry_subtype": "shade_coffee", "confidence_score": 0.744, "area_ha": 19.26, "uncertainty": 0.256, "data_origin": "synthetic", "generation_method": "scripts/generate_sample_parcels.py (v2, illustrative PoC)", "source": "Synthetic PoC generator (illustrative)", "source_year": 2024, "source_url": null, "processing_method": "PlanetScope + CNN", "model_version": "v3.8", "created_at": "2026-09-29T10:20:13.325595Z"}}, {"type": "Feature", "geometry": {"type": "Polygon", "coordinates": [[[36.02981201633448, 7.688042662465939], [36.02992846950443, 7.6884033466955195], [36.02937598942473, 7.688678793016705], [36.02886501711155, 7.688736402433244], [36.028493233053005, 7.688605671824058], [36.02834588183671, 7.688026534476407], [36.02848866552807, 7.687499716628509], [36.029006043139894, 7.687344854219903], [36.029493551060376, 7.687259732328836], [36.02998144298742, 7.687496732371232], [36.02981201633448, 7.688042662465939]]]}, "properties": {"id": "c7982035-a0a3-498e-a3cb-b286f83f5be5", "jurisdiction_code": "ET-OR", "jurisdiction_name": "Ethiopia Oromia", "class_label": "agroforestry", "agroforestry_subtype": "shade_coffee", "confidence_score": 0.702, "area_ha": 1.95, "uncertainty": 0.298, "data_origin": "synthetic", "generation_method": "scripts/generate_sample_parcels.py (v2, illustrative PoC)", "source": "Synthetic PoC generator (illustrative)", "source_year": 2021, "source_url": null, "processing_method": "Hybrid Remote Sensing", "model_version": "v1.0", "created_at": "2026-09-29T10:20:13.325624Z"}}, {"type": "Feature", "geometry": {"type": "Polygon", "coordinates": [[[35.74761878604415, 8.912457475558066], [35.74754931082085, 8.914984974242504], [35.74553894606324, 8.915034390695324], [35.744213370687994, 8.913948843252147], [35.74289560887332, 8.912759341166286], [35.74333938037861, 8.910426385308421], [35.745816537075065, 8.908947829731721], [35.747224080813105, 8.91133567969406], [35.74761878604415, 8.912457475558066]]]}, "properties": {"id": "e6f2fddf-33ab-4c99-bbe0-dd5cb5bb2f42", "jurisdiction_code": "ET-OR", "jurisdiction_name": "Ethiopia Oromia", "class_label": "agroforestry", "agroforestry_subtype": "parkland", "confidence_score": 0.748, "area_ha": 24.66, "uncertainty": 0.252, "data_origin": "synthetic", "generation_method": "scripts/generate_sample_parcels.py (v2, illustrative PoC)", "source": "Synthetic PoC generator (illustrative)", "source_year": 2022, "source_url": null, "processing_method": "Sentinel-2 + Random Forest", "model_version": "v3.4", "created_at": "2026-09-29T10:20:13.325651Z"}}, {"type": "Feature", "geometry": {"type": "Polygon", "coordinates": [[[36.29392324981354, 7.299668876931966], [36.29279006744222, 7.300857482241683], [36.29085178334451, 7.301086568550967], [36.28888990687018, 7.299956571042911], [36.28964041949647, 7.298747401648239], [36.2901251221618, 7.296130792427624], [36.29363784127477, 7.296726301812094], [36.29392324981354, 7.299668876931966]]]}, "properties": {"id": "6859a81f-c8e1-4b0d-8e75-0d5144785362", "jurisdiction_code": "ET-OR", "jurisdiction_name": "Ethiopia Oromia", "class_label": "agroforestry", "agroforestry_subtype": "shade_coffee", "confidence_score": 0.7, "area_ha": 26.6, "uncertainty": 0.3, "data_origin": "synthetic", "generation_method": "scripts/generate_sample_parcels.py (v2, illustrative PoC)", "source": "Synthetic PoC generator (illustrative)", "source_year": 2024, "source_url": null, "processing_method": "GEDI LiDAR + ML", "model_version": "v1.6", "created_at": "2026-09-29T10:20:13.325678Z"}}, {"type": "Feature", "geometry": {"type": "Polygon", "coordinates": [[[38.19300599747398, 9.34018519737916], [38.192507543844926, 9.340845015389176], [38.19190522887501, 9.340350850468123], [38.19159496760232, 9.339581402789282], [38.19258284107418, 9.339577561410696], [38.19300599747398, 9.34018519737916]]]}, "properties": {"id": "c7e466db-29de-4b56-8981-db2f2f4b4bdf", "jurisdiction_code": "ET-OR", "jurisdiction_name": "Ethiopia Oromia", "class_label": "agroforestry", "agroforestry_subtype": "shade_coffee", "confidence_score": 0.754, "area_ha": 1.92, "uncertainty": 0.246, "data_origin": "synthetic", "generation_method": "scripts/generate_sample_parcels.py (v2, illustrative PoC)", "source": "Synthetic PoC generator (illustrative)", "source_year": 2020, "source_url": null, "processing_method": "Sentinel-2 + Random Forest", "model_version": "v3.2", "created_at": "2026-09-29T10:20:13.325711Z"}}, {"type": "Feature", "geometry": {"type": "Polygon", "coordinates": [[[36.02095965312077, 8.52033327399073], [36.02092689506568, 8.520529353470469], [36.02064984780089, 8.520424614721758], [36.02066787052319, 8.520237575572034], [36.02091839245325, 8.520128171921572], [36.02095965312077, 8.52033327399073]]]}, "properties": {"id": "706f7923-24b1-4c0e-8286-22c2ef6afeae", "jurisdiction_code": "ET-OR", "jurisdiction_name": "Ethiopia Oromia", "class_label": "agroforestry", "agroforestry_subtype": "woodlot", "confidence_score": 0.71, "area_ha": 0.1, "uncertainty": 0.29, "data_origin": "synthetic", "generation_method": "scripts/generate_sample_parcels.py (v2, illustrative PoC)", "source": "Synthetic PoC generator (illustrative)", "source_year": 2023, "source_url": null, "processing_method": "PlanetScope + CNN", "model_version": "v2.0", "created_at": "2026-09-29T10:20:13.325734Z"}}, {"type": "Feature", "geometry": {"type": "Polygon", "coordinates": [[[35.33475195023957, 8.715300253753332], [35.33480310065942, 8.71582476902446], [35.33415985317109, 8.716095198307986], [35.333802832719726, 8.71561173305127], [35.33352741586218, 8.715160591686814], [35.33397966100998, 8.714759463960707], [35.33468784355162, 8.714748478005564], [35.33475195023957, 8.715300253753332]]]}, "properties": {"id": "fbd34492-cd1b-41e5-8ec8-3503e0ed445c", "jurisdiction_code": "ET-OR", "jurisdiction_name": "Ethiopia Oromia", "class_label": "agroforestry", "agroforestry_subtype": "shade_coffee", "confidence_score": 0.734, "area_ha": 1.61, "uncertainty": 0.266, "data_origin": "synthetic", "generation_method": "scripts/generate_sample_parcels.py (v2, illustrative PoC)", "source": "Synthetic PoC generator (illustrative)", "source_year": 2022, "source_url": null, "processing_method": "Hybrid Remote Sensing", "model_version": "v3.4", "created_at": "2026-09-29T10:20:13.325761Z"}}, {"type": "Feature", "geometry": {"type": "Polygon", "coordinates": [[[35.828784026594114, 8.059505999117244], [35.82748936677968, 8.060902398926887], [35.825775687779256, 8.062375066312233], [35.82301187266325, 8.06223612139958], [35.822082207335875, 8.05909657177909], [35.82405567583283, 8.057570446653616], [35.82550923151554, 8.056924116453056], [35.8277621664088, 8.057333065912216], [35.828784026594114, 8.059505999117244]]]}, "properties": {"id": "459bea71-2ebd-4874-b97a-99edbe2a6c46", "jurisdiction_code": "ET-OR", "jurisdiction_name": "Ethiopia Oromia", "class_label": "agroforestry", "agroforestry_subtype": "shade_coffee", "confidence_score": 0.908, "area_ha": 31.54, "uncertainty": 0.092, "data_origin": "synthetic", "generation_method": "scripts/generate_sample_parcels.py (v2, illustrative PoC)", "source": "Synthetic PoC generator (illustrative)", "source_year": 2021, "source_url": null, "processing_method": "Sentinel-2 + Random Forest", "model_version": "v3.1", "created_at": "2026-09-29T10:20:13.325792Z"}}, {"type": "Feature", "geometry": {"type": "Polygon", "coordinates": [[[36.48766280209614, 8.815712288816844], [36.48744072317062, 8.816094644602975], [36.48682687808864, 8.816275659303914], [36.486466222055974, 8.816343962107798], [36.486083137662774, 8.81603378236088], [36.48612560332322, 8.815574011966758], [36.48643632962914, 8.81519020334149], [36.486878204044096, 8.815032242323209], [36.487292507751285, 8.81528973987929], [36.48766280209614, 8.815712288816844]]]}, "properties": {"id": "d6996625-2a5e-47d5-9ccc-e4ecffca6ba6", "jurisdiction_code": "ET-OR", "jurisdiction_name": "Ethiopia Oromia", "class_label": "agroforestry", "agroforestry_subtype": "forest_farming", "confidence_score": 0.711, "area_ha": 1.96, "uncertainty": 0.289, "data_origin": "synthetic", "generation_method": "scripts/generate_sample_parcels.py (v2, illustrative PoC)", "source": "Synthetic PoC generator (illustrative)", "source_year": 2024, "source_url": null, "processing_method": "Sentinel-2 + Random Forest", "model_version": "v3.8", "created_at": "2026-09-29T10:20:13.325821Z"}}, {"type": "Feature", "geometry": {"type": "Polygon", "coordinates": [[[37.12655388965904, 8.023279250356929], [37.12649260012953, 8.024691852317753], [37.125397198908864, 8.025151794878097], [37.124214512933506, 8.024205008476715], [37.12401502009924, 8.023360103699332], [37.124413705715966, 8.02217475958177], [37.12531078049459, 8.022038878464675], [37.12639186226469, 8.021811543119783], [37.12655388965904, 8.023279250356929]]]}, "properties": {"id": "d8baa611-4d6c-4b71-8637-e0679188d957", "jurisdiction_code": "ET-OR", "jurisdiction_name": "Ethiopia Oromia", "class_label": "agroforestry", "agroforestry_subtype": "shade_coffee", "confidence_score": 0.71, "area_ha": 9.09, "uncertainty": 0.29, "data_origin": "synthetic", "generation_method": "scripts/generate_sample_parcels.py (v2, illustrative PoC)", "source": "Synthetic PoC generator (illustrative)", "source_year": 2021, "source_url": null, "processing_method": "Hybrid Remote Sensing", "model_version": "v1.4", "created_at": "2026-09-29T10:20:13.325848Z"}}, {"type": "Feature", "geometry": {"type": "Polygon", "coordinates": [[[37.92915579568567, 6.584190496975621], [37.928165901788184, 6.586353042774755], [37.926096531215, 6.587106571175106], [37.924994044760126, 6.585087056592614], [37.92503906272604, 6.583139944363149], [37.92616495905402, 6.582485631649051], [37.928048678361726, 6.582716496613972], [37.92915579568567, 6.584190496975621]]]}, "properties": {"id": "adf67a14-50da-45da-9ed3-094930d5e24b", "jurisdiction_code": "ET-OR", "jurisdiction_name": "Ethiopia Oromia", "class_label": "agroforestry", "agroforestry_subtype": "woodlot", "confidence_score": 0.75, "area_ha": 17.98, "uncertainty": 0.25, "data_origin": "synthetic", "generation_method": "scripts/generate_sample_parcels.py (v2, illustrative PoC)", "source": "Synthetic PoC generator (illustrative)", "source_year": 2023, "source_url": null, "processing_method": "Hybrid Remote Sensing", "model_version": "v2.0", "created_at": "2026-09-29T10:20:13.325874Z"}}, {"type": "Feature", "geometry": {"type": "Polygon", "coordinates": [[[38.57142999970173, 8.119769951076439], [38.571528682920075, 8.121877014060923], [38.570352659195194, 8.121823729028453], [38.56837158014376, 8.12214265109118], [38.56805451484761, 8.121340420103948], [38.56705475491623, 8.119996954808627], [38.56808894094677, 8.118733805321325], [38.56860995091718, 8.117476340731898], [38.56976974382155, 8.118068795468911], [38.57147968717597, 8.11875342710381], [38.57142999970173, 8.119769951076439]]]}, "properties": {"id": "3947c401-dd6d-45a2-9bd3-a538308be755", "jurisdiction_code": "ET-OR", "jurisdiction_name": "Ethiopia Oromia", "class_label": "agroforestry", "agroforestry_subtype": "shade_coffee", "confidence_score": 0.733, "area_ha": 19.32, "uncertainty": 0.267, "data_origin": "synthetic", "generation_method": "scripts/generate_sample_parcels.py (v2, illustrative PoC)", "source": "Synthetic PoC generator (illustrative)", "source_year": 2023, "source_url": null, "processing_method": "Hybrid Remote Sensing", "model_version": "v1.9", "created_at": "2026-09-29T10:20:13.325903Z"}}, {"type": "Feature", "geometry": {"type": "Polygon", "coordinates": [[[35.748620157108206, 9.358232059239564], [35.74840522125051, 9.359217629280765], [35.746746070169195, 9.360009267358086], [35.74473359694834, 9.360028576465439], [35.74499909948824, 9.35785097625295], [35.74495683811274, 9.355798419655674], [35.747027417175666, 9.355694777269813], [35.74822957918269, 9.35699589655071], [35.748620157108206, 9.358232059239564]]]}, "properties": {"id": "82556d75-7bf4-4437-add4-92e0d2987b22", "jurisdiction_code": "ET-OR", "jurisdiction_name": "Ethiopia Oromia", "class_label": "agroforestry", "agroforestry_subtype": "shade_coffee", "confidence_score": 0.71, "area_ha": 16.46, "uncertainty": 0.29, "data_origin": "synthetic", "generation_method": "scripts/generate_sample_parcels.py (v2, illustrative PoC)", "source": "Synthetic PoC generator (illustrative)", "source_year": 2020, "source_url": null, "processing_method": "GEDI LiDAR + ML", "model_version": "v2.7", "created_at": "2026-09-29T10:20:13.325930Z"}}, {"type": "Feature", "geometry": {"type": "Polygon", "coordinates": [[[38.76533654147897, 9.30924422522987], [38.764295170179615, 9.310719424469937], [38.76112082716912, 9.310220302794418], [38.76149227593464, 9.307890593808574], [38.76398632428975, 9.306703603867216], [38.76533654147897, 9.30924422522987]]]}, "properties": {"id": "5b9762a2-6089-415c-a92d-7a6ee6ea65fa", "jurisdiction_code": "ET-OR", "jurisdiction_name": "Ethiopia Oromia", "class_label": "agroforestry", "agroforestry_subtype": "shade_coffee", "confidence_score": 0.729, "area_ha": 13.5, "uncertainty": 0.271, "data_origin": "synthetic", "generation_method": "scripts/generate_sample_parcels.py (v2, illustrative PoC)", "source": "Synthetic PoC generator (illustrative)", "source_year": 2020, "source_url": null, "processing_method": "PlanetScope + CNN", "model_version": "v3.2", "created_at": "2026-09-29T10:20:13.325954Z"}}, {"type": "Feature", "geometry": {"type": "Polygon", "coordinates": [[[38.21997144917819, 7.764144378610339], [38.219263768725845, 7.765914620556275], [38.21746664655185, 7.766669608897168], [38.21564445270522, 7.765728416515738], [38.21610204016968, 7.76359061871385], [38.217432176488835, 7.762769799147015], [38.21921531510171, 7.763200871422498], [38.21997144917819, 7.764144378610339]]]}, "properties": {"id": "a17cc971-fd87-43a4-9f27-3ba05c315a27", "jurisdiction_code": "ET-OR", "jurisdiction_name": "Ethiopia Oromia", "class_label": "agroforestry", "agroforestry_subtype": "shade_coffee", "confidence_score": 0.759, "area_ha": 13.63, "uncertainty": 0.241, "data_origin": "synthetic", "generation_method": "scripts/generate_sample_parcels.py (v2, illustrative PoC)", "source": "Synthetic PoC generator (illustrative)", "source_year": 2024, "source_url": null, "processing_method": "PlanetScope + CNN", "model_version": "v3.5", "created_at": "2026-09-29T10:20:13.325980Z"}}, {"type": "Feature", "geometry": {"type": "Polygon", "coordinates": [[[35.712894675118015, 7.039165298791401], [35.711911835351565, 7.040356916289893], [35.71055177575337, 7.040200494275764], [35.71033477404629, 7.038247112851473], [35.71229307031937, 7.037959780683065], [35.712894675118015, 7.039165298791401]]]}, "properties": {"id": "1448e604-a773-4cb2-8683-6e961d6348a9", "jurisdiction_code": "ET-OR", "jurisdiction_name": "Ethiopia Oromia", "class_label": "agroforestry", "agroforestry_subtype": "forest_farming", "confidence_score": 0.702, "area_ha": 5.81, "uncertainty": 0.298, "data_origin": "synthetic", "generation_method": "scripts/generate_sample_parcels.py (v2, illustrative PoC)", "source": "Synthetic PoC generator (illustrative)", "source_year": 2021, "source_url": null, "processing_method": "Sentinel-2 + Random Forest", "model_version": "v2.3", "created_at": "2026-09-29T10:20:13.326003Z"}}, {"type": "Feature", "geometry": {"type": "Polygon", "coordinates": [[[39.49833591894391, 8.58839206964287], [39.497025681021405, 8.589716087918799], [39.49513351888009, 8.58945966762782], [39.49481786058101, 8.586446897392952], [39.49768603712232, 8.586388016598484], [39.49833591894391, 8.58839206964287]]]}, "properties": {"id": "7284af01-1463-4874-bfdf-98699f3ff108", "jurisdiction_code": "ET-OR", "jurisdiction_name": "Ethiopia Oromia", "class_label": "agroforestry", "agroforestry_subtype": "shade_coffee", "confidence_score": 0.738, "area_ha": 9.11, "uncertainty": 0.262, "data_origin": "synthetic", "generation_method": "scripts/generate_sample_parcels.py (v2, illustrative PoC)", "source": "Synthetic PoC generator (illustrative)", "source_year": 2023, "source_url": null, "processing_method": "GEDI LiDAR + ML", "model_version": "v1.1", "created_at": "2026-09-29T10:20:13.326027Z"}}, {"type": "Feature", "geometry": {"type": "Polygon", "coordinates": [[[37.98912572723292, 8.384699519857133], [37.98865989632865, 8.385916122518864], [37.98736148158857, 8.38586516992076], [37.98673541279588, 8.38432199296903], [37.98774755695716, 8.383470985656723], [37.98883217805736, 8.383551347449202], [37.98912572723292, 8.384699519857133]]]}, "properties": {"id": "e57137f4-eb0f-442e-a0d3-fa9404f78211", "jurisdiction_code": "ET-OR", "jurisdiction_name": "Ethiopia Oromia", "class_label": "agroforestry", "agroforestry_subtype": "shade_coffee", "confidence_score": 0.714, "area_ha": 5.66, "uncertainty": 0.286, "data_origin": "synthetic", "generation_method": "scripts/generate_sample_parcels.py (v2, illustrative PoC)", "source": "Synthetic PoC generator (illustrative)", "source_year": 2022, "source_url": null, "processing_method": "PlanetScope + CNN", "model_version": "v3.6", "created_at": "2026-09-29T10:20:13.326051Z"}}, {"type": "Feature", "geometry": {"type": "Polygon", "coordinates": [[[35.51319401884926, 8.011120976356999], [35.51083403014199, 8.014211434007713], [35.508560020993166, 8.013155985974747], [35.50731186806432, 8.011868966328546], [35.50854526452193, 8.009859965494687], [35.51197349898105, 8.00910956287261], [35.51319401884926, 8.011120976356999]]]}, "properties": {"id": "3f0cda6d-6ba6-4371-8ce9-2aaa6ef549eb", "jurisdiction_code": "ET-OR", "jurisdiction_name": "Ethiopia Oromia", "class_label": "agroforestry", "agroforestry_subtype": "shade_coffee", "confidence_score": 0.945, "area_ha": 25.53, "uncertainty": 0.055, "data_origin": "synthetic", "generation_method": "scripts/generate_sample_parcels.py (v2, illustrative PoC)", "source": "Synthetic PoC generator (illustrative)", "source_year": 2020, "source_url": null, "processing_method": "GEDI LiDAR + ML", "model_version": "v3.1", "created_at": "2026-09-29T10:20:13.326076Z"}}, {"type": "Feature", "geometry": {"type": "Polygon", "coordinates": [[[35.558762923135625, 6.509846519959238], [35.558096721368464, 6.510832545310448], [35.55741538695695, 6.511013504710328], [35.5560391729777, 6.51100698154614], [35.556119666061534, 6.510188776571698], [35.55552117790742, 6.509089585149854], [35.556361575519624, 6.508756157410894], [35.557106798351356, 6.507874778813982], [35.55827951424163, 6.508499474553507], [35.558762923135625, 6.509846519959238]]]}, "properties": {"id": "b069a204-fb47-4d7e-a6fd-49aa85769c17", "jurisdiction_code": "ET-OR", "jurisdiction_name": "Ethiopia Oromia", "class_label": "agroforestry", "agroforestry_subtype": "forest_farming", "confidence_score": 0.707, "area_ha": 8.77, "uncertainty": 0.293, "data_origin": "synthetic", "generation_method": "scripts/generate_sample_parcels.py (v2, illustrative PoC)", "source": "Synthetic PoC generator (illustrative)", "source_year": 2024, "source_url": null, "processing_method": "Sentinel-2 + Random Forest", "model_version": "v1.0", "created_at": "2026-09-29T10:20:13.326104Z"}}, {"type": "Feature", "geometry": {"type": "Polygon", "coordinates": [[[37.416321466174985, 8.783152690818712], [37.41630301044786, 8.784563385765777], [37.41484835511282, 8.784227180984749], [37.414274955700044, 8.783908047405601], [37.41394628613806, 8.783041197761204], [37.41401206324277, 8.782159979083678], [37.414941995942456, 8.781816796962705], [37.41625167004734, 8.782062502915304], [37.416321466174985, 8.783152690818712]]]}, "properties": {"id": "10088e21-65e7-466b-876f-8238d24eb6ed", "jurisdiction_code": "ET-OR", "jurisdiction_name": "Ethiopia Oromia", "class_label": "agroforestry", "agroforestry_subtype": "shade_coffee", "confidence_score": 0.746, "area_ha": 6.04, "uncertainty": 0.254, "data_origin": "synthetic", "generation_method": "scripts/generate_sample_parcels.py (v2, illustrative PoC)", "source": "Synthetic PoC generator (illustrative)", "source_year": 2023, "source_url": null, "processing_method": "PlanetScope + CNN", "model_version": "v3.8", "created_at": "2026-09-29T10:20:13.326130Z"}}, {"type": "Feature", "geometry": {"type": "Polygon", "coordinates": [[[35.187592490387715, 7.624412605135087], [35.18702754077418, 7.626192638998317], [35.18450452957221, 7.625927403935391], [35.18490597468784, 7.624023346129512], [35.186716478122335, 7.623050825352469], [35.187592490387715, 7.624412605135087]]]}, "properties": {"id": "06dafeba-af8d-4325-9e75-4053d24e6430", "jurisdiction_code": "ET-OR", "jurisdiction_name": "Ethiopia Oromia", "class_label": "agroforestry", "agroforestry_subtype": "shade_coffee", "confidence_score": 0.729, "area_ha": 7.89, "uncertainty": 0.271, "data_origin": "synthetic", "generation_method": "scripts/generate_sample_parcels.py (v2, illustrative PoC)", "source": "Synthetic PoC generator (illustrative)", "source_year": 2022, "source_url": null, "processing_method": "GEDI LiDAR + ML", "model_version": "v1.7", "created_at": "2026-09-29T10:20:13.326153Z"}}, {"type": "Feature", "geometry": {"type": "Polygon", "coordinates": [[[37.271469197607594, 6.822942943106945], [37.27100997363482, 6.824156188257374], [37.26856742400876, 6.8245487315012845], [37.26823523927976, 6.822805955829138], [37.26909026670864, 6.821691838740502], [37.27065854513454, 6.82160511446904], [37.271469197607594, 6.822942943106945]]]}, "properties": {"id": "a6c5fa07-e0cd-4139-866c-752efa5a1f30", "jurisdiction_code": "ET-OR", "jurisdiction_name": "Ethiopia Oromia", "class_label": "agroforestry", "agroforestry_subtype": "forest_farming", "confidence_score": 0.751, "area_ha": 9.62, "uncertainty": 0.249, "data_origin": "synthetic", "generation_method": "scripts/generate_sample_parcels.py (v2, illustrative PoC)", "source": "Synthetic PoC generator (illustrative)", "source_year": 2020, "source_url": null, "processing_method": "GEDI LiDAR + ML", "model_version": "v3.3", "created_at": "2026-09-29T10:20:13.326178Z"}}, {"type": "Feature", "geometry": {"type": "Polygon", "coordinates": [[[37.053664715069154, 7.137481384370547], [37.05211709201887, 7.1389184018208915], [37.050095393328256, 7.139458703105931], [37.049842879376826, 7.136837596870898], [37.05043883605538, 7.135174772195871], [37.05222480333381, 7.135068677705578], [37.053664715069154, 7.137481384370547]]]}, "properties": {"id": "7e40e003-46c5-4637-aaa1-954a56d148a3", "jurisdiction_code": "ET-OR", "jurisdiction_name": "Ethiopia Oromia", "class_label": "agroforestry", "agroforestry_subtype": "shade_coffee", "confidence_score": 0.703, "area_ha": 12.33, "uncertainty": 0.297, "data_origin": "synthetic", "generation_method": "scripts/generate_sample_parcels.py (v2, illustrative PoC)", "source": "Synthetic PoC generator (illustrative)", "source_year": 2023, "source_url": null, "processing_method": "GEDI LiDAR + ML", "model_version": "v3.5", "created_at": "2026-09-29T10:20:13.326202Z"}}, {"type": "Feature", "geometry": {"type": "Polygon", "coordinates": [[[35.21601597251165, 8.339953709329228], [35.21505922472562, 8.34046104576479], [35.214675112554204, 8.340598823394673], [35.214002592576115, 8.340929220378678], [35.21303374314495, 8.340738660033844], [35.212680957528846, 8.339530094510508], [35.21331974490984, 8.338858566656176], [35.21398798573773, 8.338690111999073], [35.21472059520197, 8.338241985363343], [35.21547105589032, 8.338975190203536], [35.21601597251165, 8.339953709329228]]]}, "properties": {"id": "bba0b2a2-6f95-490c-843c-fade81dcf27d", "jurisdiction_code": "ET-OR", "jurisdiction_name": "Ethiopia Oromia", "class_label": "agroforestry", "agroforestry_subtype": "shade_coffee", "confidence_score": 0.747, "area_ha": 8.82, "uncertainty": 0.253, "data_origin": "synthetic", "generation_method": "scripts/generate_sample_parcels.py (v2, illustrative PoC)", "source": "Synthetic PoC generator (illustrative)", "source_year": 2022, "source_url": null, "processing_method": "PlanetScope + CNN", "model_version": "v2.0", "created_at": "2026-09-29T10:20:13.326231Z"}}, {"type": "Feature", "geometry": {"type": "Polygon", "coordinates": [[[36.070230240201326, 8.600359897346383], [36.069979346608484, 8.601531069372312], [36.069490884805276, 8.602581513031634], [36.067777629336994, 8.601967179733975], [36.066357551089894, 8.601351452745904], [36.065400486437625, 8.599725309197382], [36.065770041519244, 8.598610342578079], [36.067471691315234, 8.598067939335502], [36.06868509609071, 8.598279384278534], [36.07015157824111, 8.598690859932837], [36.070230240201326, 8.600359897346383]]]}, "properties": {"id": "ca33c659-6218-482c-99eb-8cb134bce023", "jurisdiction_code": "ET-OR", "jurisdiction_name": "Ethiopia Oromia", "class_label": "agroforestry", "agroforestry_subtype": "forest_farming", "confidence_score": 0.731, "area_ha": 22.97, "uncertainty": 0.269, "data_origin": "synthetic", "generation_method": "scripts/generate_sample_parcels.py (v2, illustrative PoC)", "source": "Synthetic PoC generator (illustrative)", "source_year": 2024, "source_url": null, "processing_method": "Sentinel-2 + Random Forest", "model_version": "v1.6", "created_at": "2026-09-29T10:20:13.326260Z"}}, {"type": "Feature", "geometry": {"type": "Polygon", "coordinates": [[[36.16619810111396, 8.295346172408708], [36.16532899603628, 8.296875191308898], [36.1640814370763, 8.296991604181555], [36.16333269129084, 8.297408811337194], [36.16194994190889, 8.296688746298335], [36.162002126958036, 8.295086496709496], [36.16200721024727, 8.293529715808205], [36.16325001636615, 8.293176213295173], [36.16418139342918, 8.293675151671684], [36.16527098159337, 8.294444358966455], [36.16619810111396, 8.295346172408708]]]}, "properties": {"id": "e5c71903-d3eb-45b4-ae31-9c2d3917433c", "jurisdiction_code": "ET-OR", "jurisdiction_name": "Ethiopia Oromia", "class_label": "agroforestry", "agroforestry_subtype": "shade_coffee", "confidence_score": 0.736, "area_ha": 18.65, "uncertainty": 0.264, "data_origin": "synthetic", "generation_method": "scripts/generate_sample_parcels.py (v2, illustrative PoC)", "source": "Synthetic PoC generator (illustrative)", "source_year": 2022, "source_url": null, "processing_method": "PlanetScope + CNN", "model_version": "v2.3", "created_at": "2026-09-29T10:20:13.326289Z"}}, {"type": "Feature", "geometry": {"type": "Polygon", "coordinates": [[[37.572097719912975, 9.366961565019956], [37.57122754271686, 9.368729223283044], [37.569446960319674, 9.369580820538317], [37.5676100596419, 9.36898932560121], [37.56729579441541, 9.367229089995499], [37.567419660884234, 9.36493130063337], [37.569697735571836, 9.36440169474709], [37.571168427166356, 9.3652086414134], [37.572097719912975, 9.366961565019956]]]}, "properties": {"id": "edbf440e-4ffc-4a09-a7fa-9a84037777e3", "jurisdiction_code": "ET-OR", "jurisdiction_name": "Ethiopia Oromia", "class_label": "agroforestry", "agroforestry_subtype": "woodlot", "confidence_score": 0.73, "area_ha": 23.75, "uncertainty": 0.27, "data_origin": "synthetic", "generation_method": "scripts/generate_sample_parcels.py (v2, illustrative PoC)", "source": "Synthetic PoC generator (illustrative)", "source_year": 2022, "source_url": null, "processing_method": "GEDI LiDAR + ML", "model_version": "v3.6", "created_at": "2026-09-29T10:20:13.326316Z"}}, {"type": "Feature", "geometry": {"type": "Polygon", "coordinates": [[[39.210896590126325, 7.425578048567904], [39.20941221131915, 7.427925799086599], [39.208169624548226, 7.427781213532179], [39.20619292737084, 7.427497347821909], [39.20574721954707, 7.426199975889463], [39.20633729526448, 7.424205166266793], [39.20740753408406, 7.423377788977459], [39.209466953973276, 7.423906614118353], [39.210896590126325, 7.425578048567904]]]}, "properties": {"id": "877975b9-feaa-4aed-84b9-2d2b1f520b39", "jurisdiction_code": "ET-OR", "jurisdiction_name": "Ethiopia Oromia", "class_label": "agroforestry", "agroforestry_subtype": "woodlot", "confidence_score": 0.714, "area_ha": 17.26, "uncertainty": 0.286, "data_origin": "synthetic", "generation_method": "scripts/generate_sample_parcels.py (v2, illustrative PoC)", "source": "Synthetic PoC generator (illustrative)", "source_year": 2023, "source_url": null, "processing_method": "Hybrid Remote Sensing", "model_version": "v3.6", "created_at": "2026-09-29T10:20:13.326343Z"}}, {"type": "Feature", "geometry": {"type": "Polygon", "coordinates": [[[35.692970891076456, 9.235062499808942], [35.69121567112935, 9.236435526470313], [35.68979369116242, 9.237679070767332], [35.68809348334108, 9.237156894986732], [35.6867176637932, 9.235169475675509], [35.686249739538034, 9.233394206750368], [35.68841759798232, 9.231704438709402], [35.689883385483746, 9.232489364731626], [35.69171420458233, 9.232606609453331], [35.692970891076456, 9.235062499808942]]]}, "properties": {"id": "a40baec2-5e1d-48f0-9f7d-9f79f32aa160", "jurisdiction_code": "ET-OR", "jurisdiction_name": "Ethiopia Oromia", "class_label": "agroforestry", "agroforestry_subtype": "forest_farming", "confidence_score": 0.756, "area_ha": 34.19, "uncertainty": 0.244, "data_origin": "synthetic", "generation_method": "scripts/generate_sample_parcels.py (v2, illustrative PoC)", "source": "Synthetic PoC generator (illustrative)", "source_year": 2020, "source_url": null, "processing_method": "PlanetScope + CNN", "model_version": "v2.0", "created_at": "2026-09-29T10:20:13.326371Z"}}, {"type": "Feature", "geometry": {"type": "Polygon", "coordinates": [[[36.7906816269109, 6.754922869989334], [36.789287425821016, 6.757446921215039], [36.78682721456176, 6.756877224724], [36.784769254826514, 6.754711885041644], [36.786909236987874, 6.753105770875775], [36.7887895862933, 6.751952613066268], [36.7906816269109, 6.754922869989334]]]}, "properties": {"id": "9030b012-c48f-44af-9acb-b5fa7b69b7ea", "jurisdiction_code": "ET-OR", "jurisdiction_name": "Ethiopia Oromia", "class_label": "agroforestry", "agroforestry_subtype": "woodlot", "confidence_score": 0.743, "area_ha": 31.21, "uncertainty": 0.257, "data_origin": "synthetic", "generation_method": "scripts/generate_sample_parcels.py (v2, illustrative PoC)", "source": "Synthetic PoC generator (illustrative)", "source_year": 2023, "source_url": null, "processing_method": "PlanetScope + CNN", "model_version": "v2.1", "created_at": "2026-09-29T10:20:13.326396Z"}}, {"type": "Feature", "geometry": {"type": "Polygon", "coordinates": [[[38.55593556263012, 8.343543097614512], [38.55482344850084, 8.345403446661647], [38.552639609515225, 8.345935696658877], [38.55137849726651, 8.345110966094255], [38.55172341803797, 8.342705636030743], [38.552920209584414, 8.341816047838625], [38.55435011340806, 8.342686678104085], [38.55593556263012, 8.343543097614512]]]}, "properties": {"id": "191125c2-fa74-48b5-b457-b86949b97ac8", "jurisdiction_code": "ET-OR", "jurisdiction_name": "Ethiopia Oromia", "class_label": "agroforestry", "agroforestry_subtype": "forest_farming", "confidence_score": 0.743, "area_ha": 15.18, "uncertainty": 0.257, "data_origin": "synthetic", "generation_method": "scripts/generate_sample_parcels.py (v2, illustrative PoC)", "source": "Synthetic PoC generator (illustrative)", "source_year": 2023, "source_url": null, "processing_method": "Hybrid Remote Sensing", "model_version": "v1.6", "created_at": "2026-09-29T10:20:13.326422Z"}}, {"type": "Feature", "geometry": {"type": "Polygon", "coordinates": [[[35.84390147864296, 7.387948807631977], [35.843372035262995, 7.390021699893957], [35.84063767785815, 7.390385535313477], [35.839952514552024, 7.388904574740497], [35.83975306498929, 7.387548303338514], [35.84153025514758, 7.386396502464634], [35.84248584230802, 7.386425989159013], [35.84390147864296, 7.387948807631977]]]}, "properties": {"id": "d2f63bde-91c3-4c24-8da3-1199056156f7", "jurisdiction_code": "ET-OR", "jurisdiction_name": "Ethiopia Oromia", "class_label": "agroforestry", "agroforestry_subtype": "shade_coffee", "confidence_score": 0.722, "area_ha": 15.91, "uncertainty": 0.278, "data_origin": "synthetic", "generation_method": "scripts/generate_sample_parcels.py (v2, illustrative PoC)", "source": "Synthetic PoC generator (illustrative)", "source_year": 2021, "source_url": null, "processing_method": "PlanetScope + CNN", "model_version": "v2.8", "created_at": "2026-09-29T10:20:13.326448Z"}}, {"type": "Feature", "geometry": {"type": "Polygon", "coordinates": [[[36.758148755684545, 9.463925169450155], [36.757241366328785, 9.465389620159206], [36.755498793942195, 9.465524184478483], [36.75470960949715, 9.464039274934178], [36.75573084670721, 9.463188797005113], [36.75693884524537, 9.462928645152289], [36.758148755684545, 9.463925169450155]]]}, "properties": {"id": "805871ac-1c33-4483-a89d-41e4d0f405e1", "jurisdiction_code": "ET-OR", "jurisdiction_name": "Ethiopia Oromia", "class_label": "agroforestry", "agroforestry_subtype": "shade_coffee", "confidence_score": 0.728, "area_ha": 7.42, "uncertainty": 0.272, "data_origin": "synthetic", "generation_method": "scripts/generate_sample_parcels.py (v2, illustrative PoC)", "source": "Synthetic PoC generator (illustrative)", "source_year": 2021, "source_url": null, "processing_method": "GEDI LiDAR + ML", "model_version": "v3.3", "created_at": "2026-09-29T10:20:13.326473Z"}}, {"type": "Feature", "geometry": {"type": "Polygon", "coordinates": [[[38.649369935912524, 7.475632976913872], [38.648253901512675, 7.477961936688972], [38.64671526784166, 7.479400048900949], [38.645043207516814, 7.478069417280712], [38.6435249358092, 7.477334080334262], [38.643753707626296, 7.475416782838229], [38.64464722354449, 7.4730648853165444], [38.64678503790031, 7.472947428502462], [38.64851896972508, 7.47354074318807], [38.649369935912524, 7.475632976913872]]]}, "properties": {"id": "dd0b98a1-a8d1-4920-828d-1f7972dd4ff4", "jurisdiction_code": "ET-OR", "jurisdiction_name": "Ethiopia Oromia", "class_label": "agroforestry", "agroforestry_subtype": "shade_coffee", "confidence_score": 0.722, "area_ha": 30.59, "uncertainty": 0.278, "data_origin": "synthetic", "generation_method": "scripts/generate_sample_parcels.py (v2, illustrative PoC)", "source": "Synthetic PoC generator (illustrative)", "source_year": 2023, "source_url": null, "processing_method": "GEDI LiDAR + ML", "model_version": "v2.3", "created_at": "2026-09-29T10:20:13.326500Z"}}, {"type": "Feature", "geometry": {"type": "Polygon", "coordinates": [[[35.697304653687745, 9.173977344167374], [35.697315330903784, 9.174852710626821], [35.69603015252397, 9.175575968895597], [35.695435851409016, 9.17562428041198], [35.69469616297308, 9.174179450311168], [35.69496602801737, 9.173614168874485], [35.69553295023736, 9.172883457987627], [35.696233624691956, 9.172594845350224], [35.69678935519064, 9.173057220818041], [35.697304653687745, 9.173977344167374]]]}, "properties": {"id": "d9143540-f578-4932-9f89-f11f64aa61e2", "jurisdiction_code": "ET-OR", "jurisdiction_name": "Ethiopia Oromia", "class_label": "agroforestry", "agroforestry_subtype": "shade_coffee", "confidence_score": 0.701, "area_ha": 5.92, "uncertainty": 0.299, "data_origin": "synthetic", "generation_method": "scripts/generate_sample_parcels.py (v2, illustrative PoC)", "source": "Synthetic PoC generator (illustrative)", "source_year": 2021, "source_url": null, "processing_method": "Sentinel-2 + Random Forest", "model_version": "v2.0", "created_at": "2026-09-29T10:20:13.326528Z"}}, {"type": "Feature", "geometry": {"type": "Polygon", "coordinates": [[[39.34500248906796, 8.83295621675746], [39.343636142861186, 8.834576706350354], [39.34200198990664, 8.834045593124412], [39.34160271369296, 8.831640019168187], [39.34401739302149, 8.831230561738606], [39.34500248906796, 8.83295621675746]]]}, "properties": {"id": "a3785148-1298-42e1-af51-a78d406abf57", "jurisdiction_code": "ET-OR", "jurisdiction_name": "Ethiopia Oromia", "class_label": "agroforestry", "agroforestry_subtype": "woodlot", "confidence_score": 0.762, "area_ha": 9.67, "uncertainty": 0.238, "data_origin": "synthetic", "generation_method": "scripts/generate_sample_parcels.py (v2, illustrative PoC)", "source": "Synthetic PoC generator (illustrative)", "source_year": 2023, "source_url": null, "processing_method": "GEDI LiDAR + ML", "model_version": "v2.1", "created_at": "2026-09-29T10:20:13.326551Z"}}, {"type": "Feature", "geometry": {"type": "Polygon", "coordinates": [[[39.344180243801596, 6.648756964277792], [39.342665514462865, 6.650361809986288], [39.33902398529624, 6.650437874323191], [39.3391443730155, 6.64660696121784], [39.34283399025762, 6.645826856965322], [39.344180243801596, 6.648756964277792]]]}, "properties": {"id": "5afe70ab-5d88-4b0f-89be-26aaa59cc6f0", "jurisdiction_code": "ET-OR", "jurisdiction_name": "Ethiopia Oromia", "class_label": "agroforestry", "agroforestry_subtype": "forest_farming", "confidence_score": 0.949, "area_ha": 22.88, "uncertainty": 0.051, "data_origin": "synthetic", "generation_method": "scripts/generate_sample_parcels.py (v2, illustrative PoC)", "source": "Synthetic PoC generator (illustrative)", "source_year": 2024, "source_url": null, "processing_method": "PlanetScope + CNN", "model_version": "v3.0", "created_at": "2026-09-29T10:20:13.326575Z"}}, {"type": "Feature", "geometry": {"type": "Polygon", "coordinates": [[[37.025866771035524, 7.473411084487894], [37.025644216086505, 7.474067707267145], [37.02476050387706, 7.474695857772403], [37.023743862699206, 7.474003938246209], [37.02406501419108, 7.472716658193834], [37.02476429656525, 7.472282799480034], [37.02577785624763, 7.472142271538266], [37.025866771035524, 7.473411084487894]]]}, "properties": {"id": "d7eae213-6e90-4264-a27b-9d9b6e8fedc0", "jurisdiction_code": "ET-OR", "jurisdiction_name": "Ethiopia Oromia", "class_label": "agroforestry", "agroforestry_subtype": "shade_coffee", "confidence_score": 0.933, "area_ha": 4.81, "uncertainty": 0.067, "data_origin": "synthetic", "generation_method": "scripts/generate_sample_parcels.py (v2, illustrative PoC)", "source": "Synthetic PoC generator (illustrative)", "source_year": 2023, "source_url": null, "processing_method": "GEDI LiDAR + ML", "model_version": "v1.6", "created_at": "2026-09-29T10:20:13.326600Z"}}, {"type": "Feature", "geometry": {"type": "Polygon", "coordinates": [[[38.227922057195144, 6.86404547749681], [38.22722684249459, 6.866448451189047], [38.22471358504796, 6.865128480549689], [38.224706338498535, 6.863104359507305], [38.227002232587694, 6.861854632751842], [38.227922057195144, 6.86404547749681]]]}, "properties": {"id": "e954a346-f86c-4e24-9a26-f565d0764544", "jurisdiction_code": "ET-OR", "jurisdiction_name": "Ethiopia Oromia", "class_label": "agroforestry", "agroforestry_subtype": "shade_coffee", "confidence_score": 0.74, "area_ha": 15.82, "uncertainty": 0.26, "data_origin": "synthetic", "generation_method": "scripts/generate_sample_parcels.py (v2, illustrative PoC)", "source": "Synthetic PoC generator (illustrative)", "source_year": 2024, "source_url": null, "processing_method": "GEDI LiDAR + ML", "model_version": "v3.1", "created_at": "2026-09-29T10:20:13.326623Z"}}, {"type": "Feature", "geometry": {"type": "Polygon", "coordinates": [[[36.689025350093274, 7.5398957362522205], [36.68855869382823, 7.541222247845296], [36.68627193880127, 7.541406719992616], [36.685520689209746, 7.539840366983508], [36.686604744798636, 7.538500291042611], [36.688258374503896, 7.538203603273656], [36.689025350093274, 7.5398957362522205]]]}, "properties": {"id": "046d653c-b579-49ce-9436-a5c83ffe68ac", "jurisdiction_code": "ET-OR", "jurisdiction_name": "Ethiopia Oromia", "class_label": "agroforestry", "agroforestry_subtype": "shade_coffee", "confidence_score": 0.762, "area_ha": 9.65, "uncertainty": 0.238, "data_origin": "synthetic", "generation_method": "scripts/generate_sample_parcels.py (v2, illustrative PoC)", "source": "Synthetic PoC generator (illustrative)", "source_year": 2022, "source_url": null, "processing_method": "Hybrid Remote Sensing", "model_version": "v3.3", "created_at": "2026-09-29T10:20:13.326648Z"}}, {"type": "Feature", "geometry": {"type": "Polygon", "coordinates": [[[37.77874660712753, 8.470124198549916], [37.77680063016947, 8.47217803156604], [37.775954471889925, 8.474345651604411], [37.77296920871278, 8.473155608956313], [37.771927491581884, 8.471258641112808], [37.77148945710261, 8.470088181494406], [37.773365976315354, 8.467235743731438], [37.77546375520387, 8.466767073798152], [37.77690338075623, 8.468363648320057], [37.77874660712753, 8.470124198549916]]]}, "properties": {"id": "68d09891-5221-4bb0-9bea-04f128af3fd3", "jurisdiction_code": "ET-OR", "jurisdiction_name": "Ethiopia Oromia", "class_label": "agroforestry", "agroforestry_subtype": "shade_coffee", "confidence_score": 0.743, "area_ha": 48.02, "uncertainty": 0.257, "data_origin": "synthetic", "generation_method": "scripts/generate_sample_parcels.py (v2, illustrative PoC)", "source": "Synthetic PoC generator (illustrative)", "source_year": 2022, "source_url": null, "processing_method": "Hybrid Remote Sensing", "model_version": "v2.2", "created_at": "2026-09-29T10:20:13.326676Z"}}, {"type": "Feature", "geometry": {"type": "Polygon", "coordinates": [[[35.59321378753116, 9.281268090276162], [35.59295920028212, 9.282083989057872], [35.59179122648758, 9.282134129951958], [35.59119047257821, 9.281093712864307], [35.59150186984762, 9.280359787301489], [35.592773837257205, 9.280384232499449], [35.59321378753116, 9.281268090276162]]]}, "properties": {"id": "c80384da-47ef-457a-b0c9-cf42270dd8b7", "jurisdiction_code": "ET-OR", "jurisdiction_name": "Ethiopia Oromia", "class_label": "agroforestry", "agroforestry_subtype": "shade_coffee", "confidence_score": 0.759, "area_ha": 3.84, "uncertainty": 0.241, "data_origin": "synthetic", "generation_method": "scripts/generate_sample_parcels.py (v2, illustrative PoC)", "source": "Synthetic PoC generator (illustrative)", "source_year": 2023, "source_url": null, "processing_method": "PlanetScope + CNN", "model_version": "v2.5", "created_at": "2026-09-29T10:20:13.326707Z"}}, {"type": "Feature", "geometry": {"type": "Polygon", "coordinates": [[[36.08464579759885, 8.429245401244488], [36.0843237837876, 8.430190725149039], [36.08365623856328, 8.430995456907672], [36.08243806107304, 8.430714049262503], [36.08168829692517, 8.430468697764702], [36.08148070785499, 8.429126119828691], [36.081310591473326, 8.428020394600235], [36.08256215300028, 8.428054355470586], [36.08319298362305, 8.427851326956892], [36.08472933157176, 8.428111621680129], [36.08464579759885, 8.429245401244488]]]}, "properties": {"id": "821fefaa-c649-4bef-8227-82ecfe562b89", "jurisdiction_code": "ET-OR", "jurisdiction_name": "Ethiopia Oromia", "class_label": "agroforestry", "agroforestry_subtype": "forest_farming", "confidence_score": 0.752, "area_ha": 10.31, "uncertainty": 0.248, "data_origin": "synthetic", "generation_method": "scripts/generate_sample_parcels.py (v2, illustrative PoC)", "source": "Synthetic PoC generator (illustrative)", "source_year": 2021, "source_url": null, "processing_method": "Sentinel-2 + Random Forest", "model_version": "v2.9", "created_at": "2026-09-29T10:20:13.326737Z"}}, {"type": "Feature", "geometry": {"type": "Polygon", "coordinates": [[[36.24405348325398, 9.37811592443032], [36.24288592656782, 9.379637260799235], [36.24201434912903, 9.38075241992931], [36.24098629444563, 9.380798318945475], [36.24016287894473, 9.379596026333093], [36.2393833968287, 9.37898765086247], [36.23939677556017, 9.37702806289685], [36.24023380085281, 9.37643309814561], [36.24218068588415, 9.376434357208058], [36.243464191055786, 9.3766450926383], [36.24405348325398, 9.37811592443032]]]}, "properties": {"id": "5eda2183-a272-4c8e-89c3-b03fe953a0a1", "jurisdiction_code": "ET-OR", "jurisdiction_name": "Ethiopia Oromia", "class_label": "agroforestry", "agroforestry_subtype": "shade_coffee", "confidence_score": 0.904, "area_ha": 21.86, "uncertainty": 0.096, "data_origin": "synthetic", "generation_method": "scripts/generate_sample_parcels.py (v2, illustrative PoC)", "source": "Synthetic PoC generator (illustrative)", "source_year": 2021, "source_url": null, "processing_method": "GEDI LiDAR + ML", "model_version": "v3.6", "created_at": "2026-09-29T10:20:13.326766Z"}}, {"type": "Feature", "geometry": {"type": "Polygon", "coordinates": [[[36.16052522519874, 7.332162415297445], [36.160542085644465, 7.332881021900776], [36.159386999871295, 7.333971617612353], [36.158162295527326, 7.3333275115071075], [36.157439336627384, 7.332962444435692], [36.157620888158824, 7.331897718961702], [36.157292926901995, 7.330831719975351], [36.158126739495195, 7.330862439958486], [36.159058347744484, 7.330462082928162], [36.15966729687223, 7.331447501291829], [36.16052522519874, 7.332162415297445]]]}, "properties": {"id": "ba5484b0-b511-47c8-b221-e4c47c757603", "jurisdiction_code": "ET-OR", "jurisdiction_name": "Ethiopia Oromia", "class_label": "agroforestry", "agroforestry_subtype": "shade_coffee", "confidence_score": 0.739, "area_ha": 9.71, "uncertainty": 0.261, "data_origin": "synthetic", "generation_method": "scripts/generate_sample_parcels.py (v2, illustrative PoC)", "source": "Synthetic PoC generator (illustrative)", "source_year": 2023, "source_url": null, "processing_method": "PlanetScope + CNN", "model_version": "v2.0", "created_at": "2026-09-29T10:20:13.326797Z"}}, {"type": "Feature", "geometry": {"type": "Polygon", "coordinates": [[[35.809231650786046, 7.499720341437484], [35.80901214124859, 7.500707338487653], [35.80767244319906, 7.501045852743983], [35.80723452629133, 7.49990935301091], [35.80720149846765, 7.499296594328996], [35.80819601339359, 7.498456043915294], [35.80918312906712, 7.498853914970024], [35.809231650786046, 7.499720341437484]]]}, "properties": {"id": "005b9a3c-78ee-4183-9bae-1560e5a9058e", "jurisdiction_code": "ET-OR", "jurisdiction_name": "Ethiopia Oromia", "class_label": "agroforestry", "agroforestry_subtype": "shade_coffee", "confidence_score": 0.934, "area_ha": 3.95, "uncertainty": 0.066, "data_origin": "synthetic", "generation_method": "scripts/generate_sample_parcels.py (v2, illustrative PoC)", "source": "Synthetic PoC generator (illustrative)", "source_year": 2024, "source_url": null, "processing_method": "Hybrid Remote Sensing", "model_version": "v2.6", "created_at": "2026-09-29T10:20:13.326828Z"}}, {"type": "Feature", "geometry": {"type": "Polygon", "coordinates": [[[38.06881252206141, 7.815675732622958], [38.06788683715199, 7.817699870462005], [38.065410605871726, 7.816722465646128], [38.065334012324215, 7.814034339203222], [38.067911299901155, 7.813426664151438], [38.06881252206141, 7.815675732622958]]]}, "properties": {"id": "f858f62f-d9ac-4d2b-8d83-be1996ee147e", "jurisdiction_code": "ET-OR", "jurisdiction_name": "Ethiopia Oromia", "class_label": "agroforestry", "agroforestry_subtype": "forest_farming", "confidence_score": 0.948, "area_ha": 14.0, "uncertainty": 0.052, "data_origin": "synthetic", "generation_method": "scripts/generate_sample_parcels.py (v2, illustrative PoC)", "source": "Synthetic PoC generator (illustrative)", "source_year": 2024, "source_url": null, "processing_method": "PlanetScope + CNN", "model_version": "v3.0", "created_at": "2026-09-29T10:20:13.326853Z"}}, {"type": "Feature", "geometry": {"type": "Polygon", "coordinates": [[[35.1369779065879, 7.135503976391638], [35.136146742471304, 7.1369448948559375], [35.13482606528991, 7.136644979420902], [35.13407607354558, 7.1365703187114065], [35.13320456943426, 7.13595220372974], [35.132929768540016, 7.134246180541062], [35.13399190882505, 7.134031787465943], [35.135074415448585, 7.133602001902694], [35.13626345745009, 7.134246359373018], [35.1369779065879, 7.135503976391638]]]}, "properties": {"id": "3123c374-6c89-4fc2-b045-327acac3b5a3", "jurisdiction_code": "ET-OR", "jurisdiction_name": "Ethiopia Oromia", "class_label": "agroforestry", "agroforestry_subtype": "parkland", "confidence_score": 0.903, "area_ha": 13.74, "uncertainty": 0.097, "data_origin": "synthetic", "generation_method": "scripts/generate_sample_parcels.py (v2, illustrative PoC)", "source": "Synthetic PoC generator (illustrative)", "source_year": 2024, "source_url": null, "processing_method": "Sentinel-2 + Random Forest", "model_version": "v2.0", "created_at": "2026-09-29T10:20:13.326881Z"}}, {"type": "Feature", "geometry": {"type": "Polygon", "coordinates": [[[35.79519882359873, 7.442798760166021], [35.79495528336208, 7.443390952834667], [35.79407359962729, 7.443963591028717], [35.79316574240088, 7.443707190559776], [35.79289029507814, 7.442804584625626], [35.79341540061005, 7.4421086281483975], [35.79412591889562, 7.441021598146212], [35.79520238889312, 7.441800132551721], [35.79519882359873, 7.442798760166021]]]}, "properties": {"id": "41f994b3-4716-49cc-b72a-c004f948de84", "jurisdiction_code": "ET-OR", "jurisdiction_name": "Ethiopia Oromia", "class_label": "agroforestry", "agroforestry_subtype": "shade_coffee", "confidence_score": 0.727, "area_ha": 6.68, "uncertainty": 0.273, "data_origin": "synthetic", "generation_method": "scripts/generate_sample_parcels.py (v2, illustrative PoC)", "source": "Synthetic PoC generator (illustrative)", "source_year": 2022, "source_url": null, "processing_method": "PlanetScope + CNN", "model_version": "v3.9", "created_at": "2026-09-29T10:20:13.326908Z"}}, {"type": "Feature", "geometry": {"type": "Polygon", "coordinates": [[[35.949699173522006, 6.623824417083752], [35.949105251076794, 6.62532208826955], [35.94730130849594, 6.62458296011822], [35.94713368286351, 6.622487197925407], [35.948843269922584, 6.622554100203815], [35.949699173522006, 6.623824417083752]]]}, "properties": {"id": "faac72bc-94a2-4ca2-84a2-c0e2604a3429", "jurisdiction_code": "ET-OR", "jurisdiction_name": "Ethiopia Oromia", "class_label": "agroforestry", "agroforestry_subtype": "shade_coffee", "confidence_score": 0.721, "area_ha": 5.43, "uncertainty": 0.279, "data_origin": "synthetic", "generation_method": "scripts/generate_sample_parcels.py (v2, illustrative PoC)", "source": "Synthetic PoC generator (illustrative)", "source_year": 2023, "source_url": null, "processing_method": "Sentinel-2 + Random Forest", "model_version": "v3.0", "created_at": "2026-09-29T10:20:13.326931Z"}}, {"type": "Feature", "geometry": {"type": "Polygon", "coordinates": [[[36.087369988665, 9.332017432297302], [36.08713113591624, 9.333523195636616], [36.08576509693932, 9.333717838270301], [36.08420482570407, 9.332451132922946], [36.085112786509455, 9.331285167388563], [36.08582974098244, 9.330147437563376], [36.08684778620642, 9.3305485648865], [36.087369988665, 9.332017432297302]]]}, "properties": {"id": "2b94e4e1-4ca7-4e8e-a857-4f6f2ba3c452", "jurisdiction_code": "ET-OR", "jurisdiction_name": "Ethiopia Oromia", "class_label": "agroforestry", "agroforestry_subtype": "shade_coffee", "confidence_score": 0.712, "area_ha": 8.69, "uncertainty": 0.288, "data_origin": "synthetic", "generation_method": "scripts/generate_sample_parcels.py (v2, illustrative PoC)", "source": "Synthetic PoC generator (illustrative)", "source_year": 2024, "source_url": null, "processing_method": "Hybrid Remote Sensing", "model_version": "v2.6", "created_at": "2026-09-29T10:20:13.326960Z"}}, {"type": "Feature", "geometry": {"type": "Polygon", "coordinates": [[[35.45476867983408, 9.099023612555659], [35.453948279642304, 9.100922347747398], [35.45214883978794, 9.100498009572389], [35.451545325727146, 9.099398108292753], [35.45235168325345, 9.097204461868465], [35.4544241561881, 9.097678954621086], [35.45476867983408, 9.099023612555659]]]}, "properties": {"id": "0be3cc9c-a9f0-4692-b126-0675d276b752", "jurisdiction_code": "ET-OR", "jurisdiction_name": "Ethiopia Oromia", "class_label": "agroforestry", "agroforestry_subtype": "shade_coffee", "confidence_score": 0.713, "area_ha": 9.61, "uncertainty": 0.287, "data_origin": "synthetic", "generation_method": "scripts/generate_sample_parcels.py (v2, illustrative PoC)", "source": "Synthetic PoC generator (illustrative)", "source_year": 2021, "source_url": null, "processing_method": "PlanetScope + CNN", "model_version": "v3.5", "created_at": "2026-09-29T10:20:13.326988Z"}}, {"type": "Feature", "geometry": {"type": "Polygon", "coordinates": [[[36.464033036176616, 7.835065656935999], [36.464283160960946, 7.836517645182133], [36.46241636779687, 7.837551608707835], [36.459828331695334, 7.83690768727243], [36.45923911584022, 7.834645068561904], [36.46023626192744, 7.833561145253235], [36.4621297681019, 7.831912717259503], [36.464005350199095, 7.8328131788639705], [36.464033036176616, 7.835065656935999]]]}, "properties": {"id": "53a8b665-28f5-4bfb-bd34-3ef09da12932", "jurisdiction_code": "ET-OR", "jurisdiction_name": "Ethiopia Oromia", "class_label": "agroforestry", "agroforestry_subtype": "shade_coffee", "confidence_score": 0.918, "area_ha": 21.85, "uncertainty": 0.082, "data_origin": "synthetic", "generation_method": "scripts/generate_sample_parcels.py (v2, illustrative PoC)", "source": "Synthetic PoC generator (illustrative)", "source_year": 2020, "source_url": null, "processing_method": "Hybrid Remote Sensing", "model_version": "v1.4", "created_at": "2026-09-29T10:20:13.327016Z"}}, {"type": "Feature", "geometry": {"type": "Polygon", "coordinates": [[[39.3383529252138, 7.654618469660679], [39.337515055258365, 7.656752732158059], [39.33517817941724, 7.655446722115071], [39.33483362674679, 7.6528384967032785], [39.337779137413605, 7.6521351615123905], [39.3383529252138, 7.654618469660679]]]}, "properties": {"id": "b0510c3f-183d-455c-8396-9deb4c1a4b2d", "jurisdiction_code": "ET-OR", "jurisdiction_name": "Ethiopia Oromia", "class_label": "agroforestry", "agroforestry_subtype": "shade_coffee", "confidence_score": 0.706, "area_ha": 14.73, "uncertainty": 0.294, "data_origin": "synthetic", "generation_method": "scripts/generate_sample_parcels.py (v2, illustrative PoC)", "source": "Synthetic PoC generator (illustrative)", "source_year": 2023, "source_url": null, "processing_method": "GEDI LiDAR + ML", "model_version": "v1.7", "created_at": "2026-09-29T10:20:13.327039Z"}}, {"type": "Feature", "geometry": {"type": "Polygon", "coordinates": [[[37.05529136447004, 7.489524584451609], [37.05514434729825, 7.490411095344397], [37.05434043391723, 7.490802432493762], [37.053271970618724, 7.4909097244661496], [37.052653304041236, 7.49019454783727], [37.05193506631635, 7.489330252043554], [37.052459942936125, 7.488435156749646], [37.053239919884014, 7.48824583726492], [37.054404804981445, 7.487980145581233], [37.05469393198752, 7.488423483911403], [37.05529136447004, 7.489524584451609]]]}, "properties": {"id": "f0704df1-28be-4995-a576-be1c97d8940d", "jurisdiction_code": "ET-OR", "jurisdiction_name": "Ethiopia Oromia", "class_label": "agroforestry", "agroforestry_subtype": "forest_farming", "confidence_score": 0.726, "area_ha": 9.27, "uncertainty": 0.274, "data_origin": "synthetic", "generation_method": "scripts/generate_sample_parcels.py (v2, illustrative PoC)", "source": "Synthetic PoC generator (illustrative)", "source_year": 2020, "source_url": null, "processing_method": "Hybrid Remote Sensing", "model_version": "v3.4", "created_at": "2026-09-29T10:20:13.327068Z"}}, {"type": "Feature", "geometry": {"type": "Polygon", "coordinates": [[[39.11844531776714, 8.343541794185512], [39.11681850497154, 8.345193710422311], [39.1153064620573, 8.346179218009803], [39.11323221005053, 8.345521166781465], [39.11249913241016, 8.343780702306272], [39.113786466486175, 8.342313037911891], [39.1149195021967, 8.340751177788844], [39.116926881727366, 8.342249292583572], [39.11844531776714, 8.343541794185512]]]}, "properties": {"id": "ca447ba1-282c-4457-b071-18c402583c82", "jurisdiction_code": "ET-OR", "jurisdiction_name": "Ethiopia Oromia", "class_label": "agroforestry", "agroforestry_subtype": "forest_farming", "confidence_score": 0.762, "area_ha": 28.39, "uncertainty": 0.238, "data_origin": "synthetic", "generation_method": "scripts/generate_sample_parcels.py (v2, illustrative PoC)", "source": "Synthetic PoC generator (illustrative)", "source_year": 2022, "source_url": null, "processing_method": "Sentinel-2 + Random Forest", "model_version": "v2.2", "created_at": "2026-09-29T10:20:13.327125Z"}}, {"type": "Feature", "geometry": {"type": "Polygon", "coordinates": [[[35.03284625082272, 6.9760655781576295], [35.03249619608283, 6.978207540874931], [35.02974062877053, 6.978512017067898], [35.02782735803489, 6.977880931586346], [35.02769667482578, 6.974685499905811], [35.03032378820187, 6.973146040443513], [35.032002411512515, 6.973936511064928], [35.03284625082272, 6.9760655781576295]]]}, "properties": {"id": "14b4c7fe-0b33-4631-ae02-6ab351e3c352", "jurisdiction_code": "ET-OR", "jurisdiction_name": "Ethiopia Oromia", "class_label": "agroforestry", "agroforestry_subtype": "shade_coffee", "confidence_score": 0.738, "area_ha": 20.54, "uncertainty": 0.262, "data_origin": "synthetic", "generation_method": "scripts/generate_sample_parcels.py (v2, illustrative PoC)", "source": "Synthetic PoC generator (illustrative)", "source_year": 2020, "source_url": null, "processing_method": "Sentinel-2 + Random Forest", "model_version": "v2.7", "created_at": "2026-09-29T10:20:13.327151Z"}}, {"type": "Feature", "geometry": {"type": "Polygon", "coordinates": [[[39.13134958531485, 9.47281996603374], [39.13019889553632, 9.474222221906189], [39.12809005186692, 9.47358758281876], [39.12789719362905, 9.471809494315368], [39.13042101125961, 9.470174959488524], [39.13134958531485, 9.47281996603374]]]}, "properties": {"id": "112f3e09-e14e-4a2f-bc76-7c902fc723a2", "jurisdiction_code": "ET-OR", "jurisdiction_name": "Ethiopia Oromia", "class_label": "agroforestry", "agroforestry_subtype": "forest_farming", "confidence_score": 0.733, "area_ha": 13.04, "uncertainty": 0.267, "data_origin": "synthetic", "generation_method": "scripts/generate_sample_parcels.py (v2, illustrative PoC)", "source": "Synthetic PoC generator (illustrative)", "source_year": 2020, "source_url": null, "processing_method": "GEDI LiDAR + ML", "model_version": "v1.9", "created_at": "2026-09-29T10:20:13.327175Z"}}, {"type": "Feature", "geometry": {"type": "Polygon", "coordinates": [[[35.550908848635295, 6.956104110052773], [35.550842121280965, 6.9565342718257845], [35.55020312377504, 6.956427699959823], [35.54983566924497, 6.9563205929544765], [35.54981133786954, 6.955882234675245], [35.55030007559941, 6.9555278166388455], [35.55068937790001, 6.955570963944728], [35.550908848635295, 6.956104110052773]]]}, "properties": {"id": "71dd2435-42dc-4e2d-afab-48cdf708fc52", "jurisdiction_code": "ET-OR", "jurisdiction_name": "Ethiopia Oromia", "class_label": "agroforestry", "agroforestry_subtype": "shade_coffee", "confidence_score": 0.746, "area_ha": 0.99, "uncertainty": 0.254, "data_origin": "synthetic", "generation_method": "scripts/generate_sample_parcels.py (v2, illustrative PoC)", "source": "Synthetic PoC generator (illustrative)", "source_year": 2020, "source_url": null, "processing_method": "GEDI LiDAR + ML", "model_version": "v2.7", "created_at": "2026-09-29T10:20:13.327201Z"}}, {"type": "Feature", "geometry": {"type": "Polygon", "coordinates": [[[35.31470746583905, 6.554011305254327], [35.314782613414096, 6.555952020095801], [35.31220138312407, 6.556765407620035], [35.3109218350265, 6.555880356256915], [35.310431534025, 6.554614623223084], [35.31103809836571, 6.5522054336335485], [35.3122597535586, 6.551974604765765], [35.31392025692901, 6.552708089921819], [35.31470746583905, 6.554011305254327]]]}, "properties": {"id": "8aa5727d-a17d-475d-882d-86ed4c8bb5fc", "jurisdiction_code": "ET-OR", "jurisdiction_name": "Ethiopia Oromia", "class_label": "agroforestry", "agroforestry_subtype": "shade_coffee", "confidence_score": 0.713, "area_ha": 20.86, "uncertainty": 0.287, "data_origin": "synthetic", "generation_method": "scripts/generate_sample_parcels.py (v2, illustrative PoC)", "source": "Synthetic PoC generator (illustrative)", "source_year": 2023, "source_url": null, "processing_method": "GEDI LiDAR + ML", "model_version": "v3.0", "created_at": "2026-09-29T10:20:13.327227Z"}}, {"type": "Feature", "geometry": {"type": "Polygon", "coordinates": [[[36.3278968318503, 9.450420765399574], [36.32729009503069, 9.452319857122578], [36.324477963280714, 9.452462294433705], [36.32422365653361, 9.4506516051299], [36.325115414625344, 9.44855307641353], [36.327093441209165, 9.448474144787868], [36.3278968318503, 9.450420765399574]]]}, "properties": {"id": "007df691-8c08-494c-9602-e9c79b806a6f", "jurisdiction_code": "ET-OR", "jurisdiction_name": "Ethiopia Oromia", "class_label": "agroforestry", "agroforestry_subtype": "shade_coffee", "confidence_score": 0.741, "area_ha": 14.33, "uncertainty": 0.259, "data_origin": "synthetic", "generation_method": "scripts/generate_sample_parcels.py (v2, illustrative PoC)", "source": "Synthetic PoC generator (illustrative)", "source_year": 2021, "source_url": null, "processing_method": "Hybrid Remote Sensing", "model_version": "v1.3", "created_at": "2026-09-29T10:20:13.327252Z"}}, {"type": "Feature", "geometry": {"type": "Polygon", "coordinates": [[[38.83740624283431, 7.332524213883066], [38.83651872629722, 7.334852511315324], [38.833150490214415, 7.335391482220765], [38.832301295263264, 7.33277329677222], [38.83295501304, 7.330259721484987], [38.83645661529421, 7.330793466333479], [38.83740624283431, 7.332524213883066]]]}, "properties": {"id": "19339396-6a02-412a-b23c-61c41e4d0a9b", "jurisdiction_code": "ET-OR", "jurisdiction_name": "Ethiopia Oromia", "class_label": "agroforestry", "agroforestry_subtype": "shade_coffee", "confidence_score": 0.744, "area_ha": 24.31, "uncertainty": 0.256, "data_origin": "synthetic", "generation_method": "scripts/generate_sample_parcels.py (v2, illustrative PoC)", "source": "Synthetic PoC generator (illustrative)", "source_year": 2023, "source_url": null, "processing_method": "GEDI LiDAR + ML", "model_version": "v2.7", "created_at": "2026-09-29T10:20:13.327276Z"}}, {"type": "Feature", "geometry": {"type": "Polygon", "coordinates": [[[38.271374986271184, 6.940719673196328], [38.26925154884, 6.942925882202771], [38.266732709255635, 6.942379861799007], [38.26699953033925, 6.94002466246263], [38.26928520036084, 6.938911243993091], [38.271374986271184, 6.940719673196328]]]}, "properties": {"id": "25d04473-d413-47e8-9f8a-084e874be8ab", "jurisdiction_code": "ET-OR", "jurisdiction_name": "Ethiopia Oromia", "class_label": "agroforestry", "agroforestry_subtype": "shade_coffee", "confidence_score": 0.734, "area_ha": 16.3, "uncertainty": 0.266, "data_origin": "synthetic", "generation_method": "scripts/generate_sample_parcels.py (v2, illustrative PoC)", "source": "Synthetic PoC generator (illustrative)", "source_year": 2020, "source_url": null, "processing_method": "Sentinel-2 + Random Forest", "model_version": "v2.2", "created_at": "2026-09-29T10:20:13.327300Z"}}, {"type": "Feature", "geometry": {"type": "Polygon", "coordinates": [[[38.93477680624456, 6.679328090319719], [38.93462045604055, 6.680119639438094], [38.934084889757216, 6.680149216513256], [38.933239988895885, 6.680025081606843], [38.933035045741725, 6.679352080058913], [38.93352692328694, 6.678730851306715], [38.9339969403356, 6.678630561044213], [38.934684847576854, 6.6786075252816595], [38.93477680624456, 6.679328090319719]]]}, "properties": {"id": "149caa45-ba5c-4a48-803b-ed0943f7490e", "jurisdiction_code": "ET-OR", "jurisdiction_name": "Ethiopia Oromia", "class_label": "agroforestry", "agroforestry_subtype": "shade_coffee", "confidence_score": 0.703, "area_ha": 2.09, "uncertainty": 0.297, "data_origin": "synthetic", "generation_method": "scripts/generate_sample_parcels.py (v2, illustrative PoC)", "source": "Synthetic PoC generator (illustrative)", "source_year": 2023, "source_url": null, "processing_method": "Sentinel-2 + Random Forest", "model_version": "v3.1", "created_at": "2026-09-29T10:20:13.327327Z"}}, {"type": "Feature", "geometry": {"type": "Polygon", "coordinates": [[[36.35139442551407, 6.709849676692425], [36.35039386365161, 6.7109308880776775], [36.34944916923964, 6.7114754291829835], [36.34795587152296, 6.711424618872015], [36.34703842619536, 6.710868671330816], [36.34755996719148, 6.709118395688816], [36.34786400037537, 6.7076633803338], [36.350095234820216, 6.7076672032576505], [36.35121662107131, 6.708425143894176], [36.35139442551407, 6.709849676692425]]]}, "properties": {"id": "8d9c7caf-3089-4772-8905-33debd448428", "jurisdiction_code": "ET-OR", "jurisdiction_name": "Ethiopia Oromia", "class_label": "agroforestry", "agroforestry_subtype": "shade_coffee", "confidence_score": 0.936, "area_ha": 17.01, "uncertainty": 0.064, "data_origin": "synthetic", "generation_method": "scripts/generate_sample_parcels.py (v2, illustrative PoC)", "source": "Synthetic PoC generator (illustrative)", "source_year": 2024, "source_url": null, "processing_method": "Sentinel-2 + Random Forest", "model_version": "v2.0", "created_at": "2026-09-29T10:20:13.327355Z"}}, {"type": "Feature", "geometry": {"type": "Polygon", "coordinates": [[[37.72317882246005, 7.4777326861912226], [37.72276522657478, 7.478428291694624], [37.72225550038065, 7.479181229139801], [37.72120334060951, 7.479121770332081], [37.720466084736, 7.478194292838972], [37.7203902262998, 7.4773336916593784], [37.721327926886865, 7.476817840230745], [37.7219806555371, 7.476168160544581], [37.72293716645265, 7.476837603412563], [37.72317882246005, 7.4777326861912226]]]}, "properties": {"id": "efa40403-4475-4e55-a624-521ef6c22456", "jurisdiction_code": "ET-OR", "jurisdiction_name": "Ethiopia Oromia", "class_label": "agroforestry", "agroforestry_subtype": "shade_coffee", "confidence_score": 0.741, "area_ha": 6.92, "uncertainty": 0.259, "data_origin": "synthetic", "generation_method": "scripts/generate_sample_parcels.py (v2, illustrative PoC)", "source": "Synthetic PoC generator (illustrative)", "source_year": 2023, "source_url": null, "processing_method": "GEDI LiDAR + ML", "model_version": "v3.6", "created_at": "2026-09-29T10:20:13.327382Z"}}, {"type": "Feature", "geometry": {"type": "Polygon", "coordinates": [[[35.82869272013747, 8.250651437761478], [35.8280754863488, 8.251938623090714], [35.82689337346603, 8.252104450381724], [35.82519361569652, 8.251418601666552], [35.82444227513465, 8.250312203649887], [35.82489396890294, 8.24887836906242], [35.82713899557124, 8.247839802348542], [35.82803714735614, 8.249192812867589], [35.82869272013747, 8.250651437761478]]]}, "properties": {"id": "f93b78b6-ab0b-4992-9fea-c73bd8d77240", "jurisdiction_code": "ET-OR", "jurisdiction_name": "Ethiopia Oromia", "class_label": "agroforestry", "agroforestry_subtype": "shade_coffee", "confidence_score": 0.931, "area_ha": 15.99, "uncertainty": 0.069, "data_origin": "synthetic", "generation_method": "scripts/generate_sample_parcels.py (v2, illustrative PoC)", "source": "Synthetic PoC generator (illustrative)", "source_year": 2021, "source_url": null, "processing_method": "Hybrid Remote Sensing", "model_version": "v1.4", "created_at": "2026-09-29T10:20:13.327409Z"}}, {"type": "Feature", "geometry": {"type": "Polygon", "coordinates": [[[37.49689865683363, 9.057574080052962], [37.496164494052195, 9.059021358333773], [37.494387321946526, 9.058661010904922], [37.493065458295845, 9.058451288956565], [37.49345782880472, 9.056514255770498], [37.49443844662848, 9.056422620904387], [37.495926264861154, 9.05636437872638], [37.49689865683363, 9.057574080052962]]]}, "properties": {"id": "7c548ac4-6d99-4de6-878d-070cbd21b227", "jurisdiction_code": "ET-OR", "jurisdiction_name": "Ethiopia Oromia", "class_label": "agroforestry", "agroforestry_subtype": "forest_farming", "confidence_score": 0.727, "area_ha": 7.47, "uncertainty": 0.273, "data_origin": "synthetic", "generation_method": "scripts/generate_sample_parcels.py (v2, illustrative PoC)", "source": "Synthetic PoC generator (illustrative)", "source_year": 2020, "source_url": null, "processing_method": "PlanetScope + CNN", "model_version": "v3.7", "created_at": "2026-09-29T10:20:13.327435Z"}}, {"type": "Feature", "geometry": {"type": "Polygon", "coordinates": [[[36.69326897698813, 6.722914521503536], [36.6926608554733, 6.724258615143793], [36.691546428582086, 6.72504120014658], [36.69039215441628, 6.72508729854908], [36.68890174278424, 6.723759128263881], [36.688484419637184, 6.722331615675185], [36.68979688035854, 6.720743927342172], [36.691384391507405, 6.7208601528988625], [36.69305646031553, 6.721500201536558], [36.69326897698813, 6.722914521503536]]]}, "properties": {"id": "92a84f6a-bcc9-40e5-94ac-a9054a7f6800", "jurisdiction_code": "ET-OR", "jurisdiction_name": "Ethiopia Oromia", "class_label": "agroforestry", "agroforestry_subtype": "shade_coffee", "confidence_score": 0.744, "area_ha": 15.58, "uncertainty": 0.256, "data_origin": "synthetic", "generation_method": "scripts/generate_sample_parcels.py (v2, illustrative PoC)", "source": "Synthetic PoC generator (illustrative)", "source_year": 2020, "source_url": null, "processing_method": "Sentinel-2 + Random Forest", "model_version": "v3.7", "created_at": "2026-09-29T10:20:13.327463Z"}}, {"type": "Feature", "geometry": {"type": "Polygon", "coordinates": [[[37.68301679589254, 8.497371042383337], [37.68179123748977, 8.498723098816582], [37.68060964703972, 8.50008580274283], [37.6790295483832, 8.498433052872986], [37.6776784346343, 8.497067878709599], [37.67852188227667, 8.494812401140805], [37.680470969187674, 8.494634499233953], [37.68196805895256, 8.495004869015224], [37.68301679589254, 8.497371042383337]]]}, "properties": {"id": "6aaa769b-e50d-4218-b064-5f68aecbdcdd", "jurisdiction_code": "ET-OR", "jurisdiction_name": "Ethiopia Oromia", "class_label": "agroforestry", "agroforestry_subtype": "woodlot", "confidence_score": 0.94, "area_ha": 27.1, "uncertainty": 0.06, "data_origin": "synthetic", "generation_method": "scripts/generate_sample_parcels.py (v2, illustrative PoC)", "source": "Synthetic PoC generator (illustrative)", "source_year": 2020, "source_url": null, "processing_method": "GEDI LiDAR + ML", "model_version": "v2.9", "created_at": "2026-09-29T10:20:13.327490Z"}}, {"type": "Feature", "geometry": {"type": "Polygon", "coordinates": [[[39.222482541840805, 7.997639811883528], [39.22213265342835, 7.998660969659836], [39.22106255405594, 7.998516898327681], [39.22100784085801, 7.997815376103507], [39.221367137241366, 7.99706960911475], [39.22209470739334, 7.996915124289123], [39.222482541840805, 7.997639811883528]]]}, "properties": {"id": "7b62e2f0-dd2a-46eb-a495-275ee8510c35", "jurisdiction_code": "ET-OR", "jurisdiction_name": "Ethiopia Oromia", "class_label": "agroforestry", "agroforestry_subtype": "forest_farming", "confidence_score": 0.938, "area_ha": 2.54, "uncertainty": 0.062, "data_origin": "synthetic", "generation_method": "scripts/generate_sample_parcels.py (v2, illustrative PoC)", "source": "Synthetic PoC generator (illustrative)", "source_year": 2023, "source_url": null, "processing_method": "PlanetScope + CNN", "model_version": "v1.8", "created_at": "2026-09-29T10:20:13.327514Z"}}, {"type": "Feature", "geometry": {"type": "Polygon", "coordinates": [[[36.76084433564732, 7.286389663696382], [36.760013978587544, 7.287182976082267], [36.75916310441817, 7.287892473455146], [36.758497537846665, 7.287805209025086], [36.75756977567489, 7.287272235825388], [36.75668176400628, 7.286265800509244], [36.75698689551326, 7.285032924855401], [36.75821384934209, 7.284566748563113], [36.759419425950746, 7.284797851031005], [36.760131166564825, 7.285095748048309], [36.76084433564732, 7.286389663696382]]]}, "properties": {"id": "1d4fabdd-f473-451f-8b26-f9bfdaba3d86", "jurisdiction_code": "ET-OR", "jurisdiction_name": "Ethiopia Oromia", "class_label": "agroforestry", "agroforestry_subtype": "forest_farming", "confidence_score": 0.935, "area_ha": 12.01, "uncertainty": 0.065, "data_origin": "synthetic", "generation_method": "scripts/generate_sample_parcels.py (v2, illustrative PoC)", "source": "Synthetic PoC generator (illustrative)", "source_year": 2024, "source_url": null, "processing_method": "GEDI LiDAR + ML", "model_version": "v3.3", "created_at": "2026-09-29T10:20:13.327543Z"}}, {"type": "Feature", "geometry": {"type": "Polygon", "coordinates": [[[39.178724244139445, 7.017150384823942], [39.17717854958871, 7.018775666097869], [39.17483251547275, 7.018042161639564], [39.174730768664254, 7.0157640768024905], [39.17788982045178, 7.013998341573804], [39.178724244139445, 7.017150384823942]]]}, "properties": {"id": "6e1d808a-67de-4a3f-860e-7530e2bc4e87", "jurisdiction_code": "ET-OR", "jurisdiction_name": "Ethiopia Oromia", "class_label": "agroforestry", "agroforestry_subtype": "shade_coffee", "confidence_score": 0.746, "area_ha": 19.24, "uncertainty": 0.254, "data_origin": "synthetic", "generation_method": "scripts/generate_sample_parcels.py (v2, illustrative PoC)", "source": "Synthetic PoC generator (illustrative)", "source_year": 2023, "source_url": null, "processing_method": "PlanetScope + CNN", "model_version": "v3.6", "created_at": "2026-09-29T10:20:13.327566Z"}}, {"type": "Feature", "geometry": {"type": "Polygon", "coordinates": [[[36.58263867701801, 7.496480615121206], [36.582266443403185, 7.497886179698112], [36.57937780952031, 7.4980783364289065], [36.57895593664765, 7.495858459046226], [36.57952244570202, 7.494112954335683], [36.581801558420025, 7.4945987361588555], [36.58263867701801, 7.496480615121206]]]}, "properties": {"id": "6c61a098-c1ab-4683-b3d5-531463b7229b", "jurisdiction_code": "ET-OR", "jurisdiction_name": "Ethiopia Oromia", "class_label": "agroforestry", "agroforestry_subtype": "woodlot", "confidence_score": 0.735, "area_ha": 13.13, "uncertainty": 0.265, "data_origin": "synthetic", "generation_method": "scripts/generate_sample_parcels.py (v2, illustrative PoC)", "source": "Synthetic PoC generator (illustrative)", "source_year": 2022, "source_url": null, "processing_method": "GEDI LiDAR + ML", "model_version": "v2.9", "created_at": "2026-09-29T10:20:13.327591Z"}}, {"type": "Feature", "geometry": {"type": "Polygon", "coordinates": [[[38.423782890252006, 8.132176670009065], [38.42302235789229, 8.134373307983454], [38.42038883989133, 8.134103592490625], [38.41970630037617, 8.132631116322667], [38.42085727733838, 8.130885398161217], [38.4228998041272, 8.130339066595527], [38.423782890252006, 8.132176670009065]]]}, "properties": {"id": "a1f064d0-b3f7-4a4c-94d2-39493004d988", "jurisdiction_code": "ET-OR", "jurisdiction_name": "Ethiopia Oromia", "class_label": "agroforestry", "agroforestry_subtype": "shade_coffee", "confidence_score": 0.721, "area_ha": 13.74, "uncertainty": 0.279, "data_origin": "synthetic", "generation_method": "scripts/generate_sample_parcels.py (v2, illustrative PoC)", "source": "Synthetic PoC generator (illustrative)", "source_year": 2023, "source_url": null, "processing_method": "PlanetScope + CNN", "model_version": "v2.9", "created_at": "2026-09-29T10:20:13.327615Z"}}, {"type": "Feature", "geometry": {"type": "Polygon", "coordinates": [[[39.05365536959409, 7.351045343115223], [39.053011907501116, 7.353202907185141], [39.05112004500868, 7.353459218459717], [39.04933285492926, 7.3520612990234415], [39.0488186659559, 7.3503759180648265], [39.050938442049635, 7.348887806830272], [39.05314018526547, 7.349416687611706], [39.05365536959409, 7.351045343115223]]]}, "properties": {"id": "687e6f7b-de91-40dc-b926-bc4793264009", "jurisdiction_code": "ET-OR", "jurisdiction_name": "Ethiopia Oromia", "class_label": "agroforestry", "agroforestry_subtype": "woodlot", "confidence_score": 0.754, "area_ha": 19.9, "uncertainty": 0.246, "data_origin": "synthetic", "generation_method": "scripts/generate_sample_parcels.py (v2, illustrative PoC)", "source": "Synthetic PoC generator (illustrative)", "source_year": 2022, "source_url": null, "processing_method": "GEDI LiDAR + ML", "model_version": "v2.4", "created_at": "2026-09-29T10:20:13.327641Z"}}, {"type": "Feature", "geometry": {"type": "Polygon", "coordinates": [[[36.713384853097196, 6.852842633580528], [36.71174480210418, 6.85508562611282], [36.70859686405376, 6.854008121223688], [36.70861655752864, 6.8503231922184415], [36.71159013158534, 6.850126309859652], [36.713384853097196, 6.852842633580528]]]}, "properties": {"id": "ce25b74d-fc8b-4078-a820-b6ca7a04d1e4", "jurisdiction_code": "ET-OR", "jurisdiction_name": "Ethiopia Oromia", "class_label": "agroforestry", "agroforestry_subtype": "forest_farming", "confidence_score": 0.757, "area_ha": 19.23, "uncertainty": 0.243, "data_origin": "synthetic", "generation_method": "scripts/generate_sample_parcels.py (v2, illustrative PoC)", "source": "Synthetic PoC generator (illustrative)", "source_year": 2020, "source_url": null, "processing_method": "PlanetScope + CNN", "model_version": "v3.8", "created_at": "2026-09-29T10:20:13.327664Z"}}, {"type": "Feature", "geometry": {"type": "Polygon", "coordinates": [[[38.40270518112885, 6.596583714838791], [38.402262343609905, 6.5971396073172155], [38.401311103268064, 6.597262797402097], [38.40079781471268, 6.596970317817327], [38.40059747195751, 6.595978877497893], [38.40127620052022, 6.595722150211731], [38.40244612142346, 6.595723102033621], [38.40270518112885, 6.596583714838791]]]}, "properties": {"id": "2bb5a88e-5f27-4a5b-b480-5fc12b19d43e", "jurisdiction_code": "ET-OR", "jurisdiction_name": "Ethiopia Oromia", "class_label": "agroforestry", "agroforestry_subtype": "forest_farming", "confidence_score": 0.711, "area_ha": 2.47, "uncertainty": 0.289, "data_origin": "synthetic", "generation_method": "scripts/generate_sample_parcels.py (v2, illustrative PoC)", "source": "Synthetic PoC generator (illustrative)", "source_year": 2020, "source_url": null, "processing_method": "PlanetScope + CNN", "model_version": "v1.0", "created_at": "2026-09-29T10:20:13.327696Z"}}, {"type": "Feature", "geometry": {"type": "Polygon", "coordinates": [[[38.70543277113323, 8.199452387963257], [38.70497242099934, 8.201122468399669], [38.70329953367905, 8.201780076067624], [38.70178777444398, 8.200358687887373], [38.70130705964275, 8.199014743130487], [38.70296761050681, 8.197318010401842], [38.70446779528786, 8.198507974487953], [38.70543277113323, 8.199452387963257]]]}, "properties": {"id": "4d139ead-6995-4657-a569-c74d69cc6e6b", "jurisdiction_code": "ET-OR", "jurisdiction_name": "Ethiopia Oromia", "class_label": "agroforestry", "agroforestry_subtype": "forest_farming", "confidence_score": 0.722, "area_ha": 14.33, "uncertainty": 0.278, "data_origin": "synthetic", "generation_method": "scripts/generate_sample_parcels.py (v2, illustrative PoC)", "source": "Synthetic PoC generator (illustrative)", "source_year": 2024, "source_url": null, "processing_method": "Sentinel-2 + Random Forest", "model_version": "v3.1", "created_at": "2026-09-29T10:20:13.327722Z"}}, {"type": "Feature", "geometry": {"type": "Polygon", "coordinates": [[[37.5077414342599, 8.327480920130112], [37.5067658725773, 8.32826662361896], [37.50534331885753, 8.32811252332177], [37.50486829769208, 8.32632346588878], [37.50695169903377, 8.325335271806164], [37.5077414342599, 8.327480920130112]]]}, "properties": {"id": "2e462c11-d8c0-4593-ac48-b380629c016b", "jurisdiction_code": "ET-OR", "jurisdiction_name": "Ethiopia Oromia", "class_label": "agroforestry", "agroforestry_subtype": "shade_coffee", "confidence_score": 0.725, "area_ha": 7.67, "uncertainty": 0.275, "data_origin": "synthetic", "generation_method": "scripts/generate_sample_parcels.py (v2, illustrative PoC)", "source": "Synthetic PoC generator (illustrative)", "source_year": 2020, "source_url": null, "processing_method": "PlanetScope + CNN", "model_version": "v1.6", "created_at": "2026-09-29T10:20:13.327745Z"}}, {"type": "Feature", "geometry": {"type": "Polygon", "coordinates": [[[38.8913191759659, 9.270389996533554], [38.89109627357605, 9.271095275808264], [38.89082769249247, 9.27236624659545], [38.88975846388366, 9.271856467439893], [38.888503100206826, 9.271834560448875], [38.888480169910764, 9.270904299505833], [38.88862945704648, 9.26977303900919], [38.88913322084304, 9.268823790471522], [38.8902729199568, 9.269451980406973], [38.8911076317697, 9.269989985228914], [38.8913191759659, 9.270389996533554]]]}, "properties": {"id": "56222e1a-7b08-4270-b62f-034e66919d5d", "jurisdiction_code": "ET-OR", "jurisdiction_name": "Ethiopia Oromia", "class_label": "agroforestry", "agroforestry_subtype": "shade_coffee", "confidence_score": 0.737, "area_ha": 9.24, "uncertainty": 0.263, "data_origin": "synthetic", "generation_method": "scripts/generate_sample_parcels.py (v2, illustrative PoC)", "source": "Synthetic PoC generator (illustrative)", "source_year": 2021, "source_url": null, "processing_method": "Hybrid Remote Sensing", "model_version": "v1.6", "created_at": "2026-09-29T10:20:13.327774Z"}}, {"type": "Feature", "geometry": {"type": "Polygon", "coordinates": [[[38.18011804636146, 7.5880350352335375], [38.17972200081179, 7.589296499828623], [38.178308480286944, 7.590272968163728], [38.176540543841256, 7.588943985982361], [38.17611756715337, 7.587360089061339], [38.17837931285846, 7.585660869664612], [38.17980540983169, 7.586530236491703], [38.18011804636146, 7.5880350352335375]]]}, "properties": {"id": "9042ca9b-e7c3-4a63-b62d-dac9b9d0377e", "jurisdiction_code": "ET-OR", "jurisdiction_name": "Ethiopia Oromia", "class_label": "agroforestry", "agroforestry_subtype": "shade_coffee", "confidence_score": 0.704, "area_ha": 18.8, "uncertainty": 0.296, "data_origin": "synthetic", "generation_method": "scripts/generate_sample_parcels.py (v2, illustrative PoC)", "source": "Synthetic PoC generator (illustrative)", "source_year": 2023, "source_url": null, "processing_method": "PlanetScope + CNN", "model_version": "v3.9", "created_at": "2026-09-29T10:20:13.327800Z"}}, {"type": "Feature", "geometry": {"type": "Polygon", "coordinates": [[[35.73115834492104, 8.607361034664056], [35.72953148800198, 8.610130638571432], [35.7270447097463, 8.608131204927716], [35.727513957268684, 8.605591727472769], [35.72990882435469, 8.604820246593532], [35.73115834492104, 8.607361034664056]]]}, "properties": {"id": "f1f346e0-2729-4873-8281-d269d244f737", "jurisdiction_code": "ET-OR", "jurisdiction_name": "Ethiopia Oromia", "class_label": "agroforestry", "agroforestry_subtype": "woodlot", "confidence_score": 0.713, "area_ha": 23.95, "uncertainty": 0.287, "data_origin": "synthetic", "generation_method": "scripts/generate_sample_parcels.py (v2, illustrative PoC)", "source": "Synthetic PoC generator (illustrative)", "source_year": 2020, "source_url": null, "processing_method": "Sentinel-2 + Random Forest", "model_version": "v1.7", "created_at": "2026-09-29T10:20:13.327824Z"}}, {"type": "Feature", "geometry": {"type": "Polygon", "coordinates": [[[35.728308476967044, 6.8003416006555355], [35.728025820165236, 6.800920608626826], [35.727518654309705, 6.801073358723309], [35.72700354953188, 6.800471332735987], [35.7270992607371, 6.800019186963268], [35.727394376882756, 6.7997246626034205], [35.72798552171556, 6.7998202856877565], [35.728308476967044, 6.8003416006555355]]]}, "properties": {"id": "70453311-3fb1-4b20-a710-484c281cb573", "jurisdiction_code": "ET-OR", "jurisdiction_name": "Ethiopia Oromia", "class_label": "agroforestry", "agroforestry_subtype": "shade_coffee", "confidence_score": 0.752, "area_ha": 1.39, "uncertainty": 0.248, "data_origin": "synthetic", "generation_method": "scripts/generate_sample_parcels.py (v2, illustrative PoC)", "source": "Synthetic PoC generator (illustrative)", "source_year": 2020, "source_url": null, "processing_method": "PlanetScope + CNN", "model_version": "v2.0", "created_at": "2026-09-29T10:20:13.327849Z"}}, {"type": "Feature", "geometry": {"type": "Polygon", "coordinates": [[[39.44259721744865, 9.422843661635854], [39.4408759193532, 9.42611422034709], [39.43801445026285, 9.424724976368385], [39.437828240985375, 9.421447420215342], [39.44071503031367, 9.420683103203125], [39.44259721744865, 9.422843661635854]]]}, "properties": {"id": "f1d95cfc-b330-4a51-bb7a-d8d18af48190", "jurisdiction_code": "ET-OR", "jurisdiction_name": "Ethiopia Oromia", "class_label": "agroforestry", "agroforestry_subtype": "shade_coffee", "confidence_score": 0.746, "area_ha": 21.75, "uncertainty": 0.254, "data_origin": "synthetic", "generation_method": "scripts/generate_sample_parcels.py (v2, illustrative PoC)", "source": "Synthetic PoC generator (illustrative)", "source_year": 2022, "source_url": null, "processing_method": "Sentinel-2 + Random Forest", "model_version": "v1.3", "created_at": "2026-09-29T10:20:13.327872Z"}}, {"type": "Feature", "geometry": {"type": "Polygon", "coordinates": [[[39.095496095451104, 6.848713880424556], [39.0946004617163, 6.850404258006062], [39.09229838309478, 6.851122617000064], [39.09137876106944, 6.849623927652201], [39.09179703260872, 6.84747791835777], [39.09274823868567, 6.846297561289325], [39.09472147746953, 6.846885451275298], [39.095496095451104, 6.848713880424556]]]}, "properties": {"id": "f85cf726-dc29-4d6f-890f-62e7e65900fc", "jurisdiction_code": "ET-OR", "jurisdiction_name": "Ethiopia Oromia", "class_label": "agroforestry", "agroforestry_subtype": "forest_farming", "confidence_score": 0.938, "area_ha": 18.92, "uncertainty": 0.062, "data_origin": "synthetic", "generation_method": "scripts/generate_sample_parcels.py (v2, illustrative PoC)", "source": "Synthetic PoC generator (illustrative)", "source_year": 2021, "source_url": null, "processing_method": "PlanetScope + CNN", "model_version": "v3.3", "created_at": "2026-09-29T10:20:13.327898Z"}}, {"type": "Feature", "geometry": {"type": "Polygon", "coordinates": [[[35.104260384450065, 7.312909701191946], [35.10333853968631, 7.314991777933513], [35.100959840330695, 7.314813887496548], [35.099070128420436, 7.314063823064474], [35.098629278782504, 7.310905659339097], [35.10062800906191, 7.309610472511507], [35.102842521110304, 7.3098350699529675], [35.104260384450065, 7.312909701191946]]]}, "properties": {"id": "44ef6d9e-9404-4cfe-85b7-74e6de872161", "jurisdiction_code": "ET-OR", "jurisdiction_name": "Ethiopia Oromia", "class_label": "agroforestry", "agroforestry_subtype": "shade_coffee", "confidence_score": 0.73, "area_ha": 26.25, "uncertainty": 0.27, "data_origin": "synthetic", "generation_method": "scripts/generate_sample_parcels.py (v2, illustrative PoC)", "source": "Synthetic PoC generator (illustrative)", "source_year": 2021, "source_url": null, "processing_method": "PlanetScope + CNN", "model_version": "v1.1", "created_at": "2026-09-29T10:20:13.327924Z"}}, {"type": "Feature", "geometry": {"type": "Polygon", "coordinates": [[[36.336971834336914, 8.38872061329646], [36.33678888394385, 8.389328875974703], [36.33616275011253, 8.389744102722526], [36.335600963627826, 8.389115567439571], [36.33546733931052, 8.388348725404114], [36.3360531252147, 8.388065783172452], [36.336849079472834, 8.387965713214768], [36.336971834336914, 8.38872061329646]]]}, "properties": {"id": "d5e7ac9c-7f99-4540-8404-4481eb18325c", "jurisdiction_code": "ET-OR", "jurisdiction_name": "Ethiopia Oromia", "class_label": "agroforestry", "agroforestry_subtype": "shade_coffee", "confidence_score": 0.727, "area_ha": 2.06, "uncertainty": 0.273, "data_origin": "synthetic", "generation_method": "scripts/generate_sample_parcels.py (v2, illustrative PoC)", "source": "Synthetic PoC generator (illustrative)", "source_year": 2022, "source_url": null, "processing_method": "Hybrid Remote Sensing", "model_version": "v1.7", "created_at": "2026-09-29T10:20:13.327949Z"}}, {"type": "Feature", "geometry": {"type": "Polygon", "coordinates": [[[39.08642702816515, 6.766755039448562], [39.08649152643678, 6.76738343755954], [39.08574123456421, 6.768006826624569], [39.08506191738312, 6.767713464875938], [39.08423662574427, 6.767235657731692], [39.08380063623067, 6.766562201577931], [39.08430002904818, 6.766069959171761], [39.08454143269261, 6.765133169666665], [39.085902035125564, 6.765174675940752], [39.08659327048804, 6.765670917960502], [39.08642702816515, 6.766755039448562]]]}, "properties": {"id": "58fff07c-65dc-40ca-b2f7-6cd98bf41fad", "jurisdiction_code": "ET-OR", "jurisdiction_name": "Ethiopia Oromia", "class_label": "agroforestry", "agroforestry_subtype": "shade_coffee", "confidence_score": 0.745, "area_ha": 6.58, "uncertainty": 0.255, "data_origin": "synthetic", "generation_method": "scripts/generate_sample_parcels.py (v2, illustrative PoC)", "source": "Synthetic PoC generator (illustrative)", "source_year": 2024, "source_url": null, "processing_method": "Sentinel-2 + Random Forest", "model_version": "v1.2", "created_at": "2026-09-29T10:20:13.327978Z"}}, {"type": "Feature", "geometry": {"type": "Polygon", "coordinates": [[[38.12385794107334, 9.191059423807706], [38.12384726680722, 9.19125719263193], [38.123595991011754, 9.191305980012107], [38.12349421473945, 9.191301527009882], [38.12330395965401, 9.191209840355723], [38.12325704123026, 9.191037381487082], [38.12318540546659, 9.190626363006936], [38.1234346844937, 9.190721083929546], [38.123729819395066, 9.19060679780265], [38.12386789516186, 9.190739744041839], [38.12385794107334, 9.191059423807706]]]}, "properties": {"id": "e97e3409-dddc-4b1e-bb57-f2f34281ce7c", "jurisdiction_code": "ET-OR", "jurisdiction_name": "Ethiopia Oromia", "class_label": "agroforestry", "agroforestry_subtype": "shade_coffee", "confidence_score": 0.701, "area_ha": 0.41, "uncertainty": 0.299, "data_origin": "synthetic", "generation_method": "scripts/generate_sample_parcels.py (v2, illustrative PoC)", "source": "Synthetic PoC generator (illustrative)", "source_year": 2023, "source_url": null, "processing_method": "Hybrid Remote Sensing", "model_version": "v2.4", "created_at": "2026-09-29T10:20:13.328008Z"}}, {"type": "Feature", "geometry": {"type": "Polygon", "coordinates": [[[37.40867128934148, 7.894812254452896], [37.40791291000534, 7.895963045845946], [37.406600997130575, 7.8962481227996815], [37.40536918575645, 7.895627252148542], [37.40399926579499, 7.894534800165015], [37.40512949673324, 7.892941021804166], [37.40635628503984, 7.893166241877223], [37.40757358207358, 7.89275987560006], [37.40867128934148, 7.894812254452896]]]}, "properties": {"id": "626be8b1-49bf-4159-9d86-30f657e4225d", "jurisdiction_code": "ET-OR", "jurisdiction_name": "Ethiopia Oromia", "class_label": "agroforestry", "agroforestry_subtype": "parkland", "confidence_score": 0.732, "area_ha": 15.13, "uncertainty": 0.268, "data_origin": "synthetic", "generation_method": "scripts/generate_sample_parcels.py (v2, illustrative PoC)", "source": "Synthetic PoC generator (illustrative)", "source_year": 2022, "source_url": null, "processing_method": "PlanetScope + CNN", "model_version": "v1.6", "created_at": "2026-09-29T10:20:13.328035Z"}}, {"type": "Feature", "geometry": {"type": "Polygon", "coordinates": [[[36.32715282756368, 7.733163625041311], [36.327004927861815, 7.7353124447526795], [36.324907479780435, 7.735896384213538], [36.322755031883524, 7.73393953712037], [36.323092243093875, 7.732213013727372], [36.32508127771814, 7.731676074252351], [36.32691427783288, 7.731776346123305], [36.32715282756368, 7.733163625041311]]]}, "properties": {"id": "53777f4d-2fb3-4cfe-bbce-34f5a4cd665f", "jurisdiction_code": "ET-OR", "jurisdiction_name": "Ethiopia Oromia", "class_label": "agroforestry", "agroforestry_subtype": "forest_farming", "confidence_score": 0.706, "area_ha": 19.05, "uncertainty": 0.294, "data_origin": "synthetic", "generation_method": "scripts/generate_sample_parcels.py (v2, illustrative PoC)", "source": "Synthetic PoC generator (illustrative)", "source_year": 2022, "source_url": null, "processing_method": "PlanetScope + CNN", "model_version": "v1.6", "created_at": "2026-09-29T10:20:13.328060Z"}}, {"type": "Feature", "geometry": {"type": "Polygon", "coordinates": [[[38.198755746938815, 7.92423359382528], [38.19851116927095, 7.925400102182003], [38.19725656635038, 7.926121618862865], [38.19578695391873, 7.925688938985179], [38.195399208972496, 7.924194290707224], [38.19595242768452, 7.922934116107512], [38.196878100498864, 7.922980002129582], [38.19797749939998, 7.923124451308741], [38.198755746938815, 7.92423359382528]]]}, "properties": {"id": "91f2c880-e24a-4545-bb9d-c5e8c1e645a0", "jurisdiction_code": "ET-OR", "jurisdiction_name": "Ethiopia Oromia", "class_label": "agroforestry", "agroforestry_subtype": "forest_farming", "confidence_score": 0.704, "area_ha": 9.51, "uncertainty": 0.296, "data_origin": "synthetic", "generation_method": "scripts/generate_sample_parcels.py (v2, illustrative PoC)", "source": "Synthetic PoC generator (illustrative)", "source_year": 2024, "source_url": null, "processing_method": "PlanetScope + CNN", "model_version": "v3.9", "created_at": "2026-09-29T10:20:13.328087Z"}}, {"type": "Feature", "geometry": {"type": "Polygon", "coordinates": [[[36.45639805593204, 7.8578128528123985], [36.455047317474424, 7.859394278160916], [36.45329320957991, 7.859740586063581], [36.45236810388855, 7.858212471133896], [36.45262128705443, 7.855377863943906], [36.45469996055805, 7.8563447766646695], [36.45639805593204, 7.8578128528123985]]]}, "properties": {"id": "4fd66871-f239-41e8-8650-1d3f598f2c25", "jurisdiction_code": "ET-OR", "jurisdiction_name": "Ethiopia Oromia", "class_label": "agroforestry", "agroforestry_subtype": "parkland", "confidence_score": 0.948, "area_ha": 14.19, "uncertainty": 0.052, "data_origin": "synthetic", "generation_method": "scripts/generate_sample_parcels.py (v2, illustrative PoC)", "source": "Synthetic PoC generator (illustrative)", "source_year": 2021, "source_url": null, "processing_method": "Hybrid Remote Sensing", "model_version": "v3.6", "created_at": "2026-09-29T10:20:13.328112Z"}}, {"type": "Feature", "geometry": {"type": "Polygon", "coordinates": [[[37.87873359414777, 8.985307275775115], [37.87755721267883, 8.987084281656703], [37.875454951911706, 8.98700321524384], [37.87426061630038, 8.986491991076658], [37.87399902639777, 8.984237817668957], [37.87553925515187, 8.983011600626964], [37.877332816507696, 8.98357558111278], [37.87873359414777, 8.985307275775115]]]}, "properties": {"id": "9211ee0f-afcc-4063-ac04-c23d8634185d", "jurisdiction_code": "ET-OR", "jurisdiction_name": "Ethiopia Oromia", "class_label": "agroforestry", "agroforestry_subtype": "shade_coffee", "confidence_score": 0.74, "area_ha": 18.97, "uncertainty": 0.26, "data_origin": "synthetic", "generation_method": "scripts/generate_sample_parcels.py (v2, illustrative PoC)", "source": "Synthetic PoC generator (illustrative)", "source_year": 2021, "source_url": null, "processing_method": "GEDI LiDAR + ML", "model_version": "v3.1", "created_at": "2026-09-29T10:20:13.328137Z"}}, {"type": "Feature", "geometry": {"type": "Polygon", "coordinates": [[[36.87077250171219, 8.581366709811073], [36.86945229012402, 8.583916045010278], [36.86762189385936, 8.584492185388424], [36.86547719871673, 8.583296406115656], [36.86521899509841, 8.58076498236668], [36.86725770486364, 8.578905142742189], [36.86997358581957, 8.580210883170215], [36.87077250171219, 8.581366709811073]]]}, "properties": {"id": "61529208-6d4b-4740-9608-823e4352354e", "jurisdiction_code": "ET-OR", "jurisdiction_name": "Ethiopia Oromia", "class_label": "agroforestry", "agroforestry_subtype": "forest_farming", "confidence_score": 0.711, "area_ha": 25.75, "uncertainty": 0.289, "data_origin": "synthetic", "generation_method": "scripts/generate_sample_parcels.py (v2, illustrative PoC)", "source": "Synthetic PoC generator (illustrative)", "source_year": 2023, "source_url": null, "processing_method": "Hybrid Remote Sensing", "model_version": "v2.4", "created_at": "2026-09-29T10:20:13.328162Z"}}, {"type": "Feature", "geometry": {"type": "Polygon", "coordinates": [[[35.41459851786222, 9.42629972610777], [35.41427860205836, 9.428350213883057], [35.41208712121604, 9.428007685709066], [35.4094257207909, 9.427441332084241], [35.41024125269359, 9.42530030478708], [35.41182096503739, 9.424207964840553], [35.414224874802656, 9.424317707046024], [35.41459851786222, 9.42629972610777]]]}, "properties": {"id": "3ac1d98c-1700-4515-942c-afabd56cfdbb", "jurisdiction_code": "ET-OR", "jurisdiction_name": "Ethiopia Oromia", "class_label": "agroforestry", "agroforestry_subtype": "forest_farming", "confidence_score": 0.716, "area_ha": 17.09, "uncertainty": 0.284, "data_origin": "synthetic", "generation_method": "scripts/generate_sample_parcels.py (v2, illustrative PoC)", "source": "Synthetic PoC generator (illustrative)", "source_year": 2022, "source_url": null, "processing_method": "Hybrid Remote Sensing", "model_version": "v1.1", "created_at": "2026-09-29T10:20:13.328187Z"}}, {"type": "Feature", "geometry": {"type": "Polygon", "coordinates": [[[35.76111180297718, 9.128013752871407], [35.760563641009114, 9.128720111354921], [35.76017172622301, 9.129390083577217], [35.75922137130409, 9.129272537337696], [35.758871954323226, 9.128439332920207], [35.759042023098516, 9.127879740458354], [35.75910695986945, 9.126815621786037], [35.759926488121444, 9.126738539229864], [35.761175032791535, 9.127362790170865], [35.76111180297718, 9.128013752871407]]]}, "properties": {"id": "8dfe516e-c018-4b93-ab87-ee81710d8312", "jurisdiction_code": "ET-OR", "jurisdiction_name": "Ethiopia Oromia", "class_label": "agroforestry", "agroforestry_subtype": "shade_coffee", "confidence_score": 0.724, "area_ha": 6.14, "uncertainty": 0.276, "data_origin": "synthetic", "generation_method": "scripts/generate_sample_parcels.py (v2, illustrative PoC)", "source": "Synthetic PoC generator (illustrative)", "source_year": 2022, "source_url": null, "processing_method": "Sentinel-2 + Random Forest", "model_version": "v2.7", "created_at": "2026-09-29T10:20:13.328215Z"}}, {"type": "Feature", "geometry": {"type": "Polygon", "coordinates": [[[38.9544833068704, 7.552074248722321], [38.95409567906899, 7.55252861548581], [38.95363574345356, 7.552320487273707], [38.95371289074299, 7.551959567051639], [38.95411191354863, 7.551811949840662], [38.9544833068704, 7.552074248722321]]]}, "properties": {"id": "d3dc3026-9413-45b7-adbe-35208c4ec809", "jurisdiction_code": "ET-OR", "jurisdiction_name": "Ethiopia Oromia", "class_label": "agroforestry", "agroforestry_subtype": "shade_coffee", "confidence_score": 0.704, "area_ha": 0.54, "uncertainty": 0.296, "data_origin": "synthetic", "generation_method": "scripts/generate_sample_parcels.py (v2, illustrative PoC)", "source": "Synthetic PoC generator (illustrative)", "source_year": 2022, "source_url": null, "processing_method": "PlanetScope + CNN", "model_version": "v1.8", "created_at": "2026-09-29T10:20:13.328239Z"}}, {"type": "Feature", "geometry": {"type": "Polygon", "coordinates": [[[35.96110273713278, 7.192161249476422], [35.959131881679475, 7.193906012944365], [35.95806591279876, 7.195370046340599], [35.95580103551188, 7.193984606685589], [35.95418643030515, 7.1927601942746495], [35.95409572338967, 7.1913653275227185], [35.95582956179269, 7.188968635722923], [35.95767528912453, 7.189243885749894], [35.959824610743325, 7.190183873907918], [35.96110273713278, 7.192161249476422]]]}, "properties": {"id": "4aeba879-ee8e-478f-bedb-5bc960ad07dc", "jurisdiction_code": "ET-OR", "jurisdiction_name": "Ethiopia Oromia", "class_label": "agroforestry", "agroforestry_subtype": "forest_farming", "confidence_score": 0.726, "area_ha": 44.47, "uncertainty": 0.274, "data_origin": "synthetic", "generation_method": "scripts/generate_sample_parcels.py (v2, illustrative PoC)", "source": "Synthetic PoC generator (illustrative)", "source_year": 2022, "source_url": null, "processing_method": "PlanetScope + CNN", "model_version": "v2.9", "created_at": "2026-09-29T10:20:13.328267Z"}}, {"type": "Feature", "geometry": {"type": "Polygon", "coordinates": [[[35.219881100688525, 7.919156501577734], [35.220026395360264, 7.921379155303037], [35.218007565318445, 7.921642678177982], [35.21620317094945, 7.921830203154953], [35.21593177843375, 7.919664126857979], [35.215829771949764, 7.917696839731899], [35.218223525439285, 7.916640449479174], [35.22017933828663, 7.917446298886849], [35.219881100688525, 7.919156501577734]]]}, "properties": {"id": "cdfa327c-94ad-4330-a008-5e7e998d2625", "jurisdiction_code": "ET-OR", "jurisdiction_name": "Ethiopia Oromia", "class_label": "agroforestry", "agroforestry_subtype": "shade_coffee", "confidence_score": 0.73, "area_ha": 23.68, "uncertainty": 0.27, "data_origin": "synthetic", "generation_method": "scripts/generate_sample_parcels.py (v2, illustrative PoC)", "source": "Synthetic PoC generator (illustrative)", "source_year": 2022, "source_url": null, "processing_method": "GEDI LiDAR + ML", "model_version": "v1.4", "created_at": "2026-09-29T10:20:13.328293Z"}}, {"type": "Feature", "geometry": {"type": "Polygon", "coordinates": [[[36.294473401704174, 8.782707561284909], [36.29317227637476, 8.785638623418462], [36.289720698703285, 8.785188857263497], [36.28820724715086, 8.782693986669385], [36.28997490559515, 8.780826464686806], [36.29263945552428, 8.781359942999732], [36.294473401704174, 8.782707561284909]]]}, "properties": {"id": "832922d2-b8fe-4000-bf83-9a573546532d", "jurisdiction_code": "ET-OR", "jurisdiction_name": "Ethiopia Oromia", "class_label": "agroforestry", "agroforestry_subtype": "shade_coffee", "confidence_score": 0.938, "area_ha": 28.32, "uncertainty": 0.062, "data_origin": "synthetic", "generation_method": "scripts/generate_sample_parcels.py (v2, illustrative PoC)", "source": "Synthetic PoC generator (illustrative)", "source_year": 2023, "source_url": null, "processing_method": "PlanetScope + CNN", "model_version": "v3.9", "created_at": "2026-09-29T10:20:13.328318Z"}}, {"type": "Feature", "geometry": {"type": "Polygon", "coordinates": [[[36.85157571962101, 6.807477876010315], [36.851176406232426, 6.808961226413212], [36.84878656412895, 6.809572543173983], [36.847989144296065, 6.8073343036105385], [36.849433750974406, 6.806225373721311], [36.851408986524326, 6.806078064328972], [36.85157571962101, 6.807477876010315]]]}, "properties": {"id": "1d7606ab-4cee-4992-9b7e-c3d60cf23a81", "jurisdiction_code": "ET-OR", "jurisdiction_name": "Ethiopia Oromia", "class_label": "agroforestry", "agroforestry_subtype": "woodlot", "confidence_score": 0.907, "area_ha": 11.88, "uncertainty": 0.093, "data_origin": "synthetic", "generation_method": "scripts/generate_sample_parcels.py (v2, illustrative PoC)", "source": "Synthetic PoC generator (illustrative)", "source_year": 2024, "source_url": null, "processing_method": "GEDI LiDAR + ML", "model_version": "v2.8", "created_at": "2026-09-29T10:20:13.328342Z"}}, {"type": "Feature", "geometry": {"type": "Polygon", "coordinates": [[[37.446623888241206, 8.020563690236575], [37.44499768700476, 8.021459536097852], [37.44325568475341, 8.021307890173823], [37.44330173552962, 8.01876497029679], [37.44530254733159, 8.018213957976482], [37.446623888241206, 8.020563690236575]]]}, "properties": {"id": "d8d16a65-e7b8-407d-a483-0b41c3821534", "jurisdiction_code": "ET-OR", "jurisdiction_name": "Ethiopia Oromia", "class_label": "agroforestry", "agroforestry_subtype": "shade_coffee", "confidence_score": 0.742, "area_ha": 9.87, "uncertainty": 0.258, "data_origin": "synthetic", "generation_method": "scripts/generate_sample_parcels.py (v2, illustrative PoC)", "source": "Synthetic PoC generator (illustrative)", "source_year": 2022, "source_url": null, "processing_method": "Sentinel-2 + Random Forest", "model_version": "v2.4", "created_at": "2026-09-29T10:20:13.328366Z"}}, {"type": "Feature", "geometry": {"type": "Polygon", "coordinates": [[[39.35975664116954, 7.93016086594828], [39.35967971478561, 7.930631808770238], [39.35936729291101, 7.930889321416184], [39.358832419772114, 7.93106128403458], [39.358594556168676, 7.930532293696261], [39.35865113622899, 7.929972872259553], [39.35875691543225, 7.929715856502696], [39.35929688222913, 7.929389317015647], [39.35975368040334, 7.929652739730133], [39.35975664116954, 7.93016086594828]]]}, "properties": {"id": "4969c712-310b-42a1-aacd-402471bf57f6", "jurisdiction_code": "ET-OR", "jurisdiction_name": "Ethiopia Oromia", "class_label": "agroforestry", "agroforestry_subtype": "shade_coffee", "confidence_score": 0.72, "area_ha": 1.64, "uncertainty": 0.28, "data_origin": "synthetic", "generation_method": "scripts/generate_sample_parcels.py (v2, illustrative PoC)", "source": "Synthetic PoC generator (illustrative)", "source_year": 2021, "source_url": null, "processing_method": "Hybrid Remote Sensing", "model_version": "v2.1", "created_at": "2026-09-29T10:20:13.328394Z"}}, {"type": "Feature", "geometry": {"type": "Polygon", "coordinates": [[[39.362314084514395, 9.020417260347026], [39.361387186489516, 9.022044961605951], [39.359844727626296, 9.02203004045496], [39.358893424343755, 9.021419555079452], [39.358623834182765, 9.019740868461728], [39.36012816889766, 9.019116255941707], [39.361559610112565, 9.01865873663092], [39.362314084514395, 9.020417260347026]]]}, "properties": {"id": "007fa3da-f407-48e2-b9ab-7f703d184e93", "jurisdiction_code": "ET-OR", "jurisdiction_name": "Ethiopia Oromia", "class_label": "agroforestry", "agroforestry_subtype": "woodlot", "confidence_score": 0.739, "area_ha": 10.97, "uncertainty": 0.261, "data_origin": "synthetic", "generation_method": "scripts/generate_sample_parcels.py (v2, illustrative PoC)", "source": "Synthetic PoC generator (illustrative)", "source_year": 2020, "source_url": null, "processing_method": "Sentinel-2 + Random Forest", "model_version": "v1.6", "created_at": "2026-09-29T10:20:13.328419Z"}}, {"type": "Feature", "geometry": {"type": "Polygon", "coordinates": [[[38.608211985841, 8.73272819783908], [38.608054382177315, 8.734087269779456], [38.60684514622698, 8.734597958152227], [38.60490703394917, 8.734918063225022], [38.60452217214823, 8.733608636393473], [38.604141762111, 8.731787305121854], [38.6053382972422, 8.731314880437989], [38.606453431005676, 8.730810541921562], [38.60866852002294, 8.731012113493193], [38.608211985841, 8.73272819783908]]]}, "properties": {"id": "47bb3a7b-2f3d-4b36-bbc6-68f0cae1cc2f", "jurisdiction_code": "ET-OR", "jurisdiction_name": "Ethiopia Oromia", "class_label": "agroforestry", "agroforestry_subtype": "shade_coffee", "confidence_score": 0.946, "area_ha": 19.5, "uncertainty": 0.054, "data_origin": "synthetic", "generation_method": "scripts/generate_sample_parcels.py (v2, illustrative PoC)", "source": "Synthetic PoC generator (illustrative)", "source_year": 2023, "source_url": null, "processing_method": "PlanetScope + CNN", "model_version": "v2.5", "created_at": "2026-09-29T10:20:13.328447Z"}}, {"type": "Feature", "geometry": {"type": "Polygon", "coordinates": [[[37.378355450496805, 6.850113070390525], [37.378234483213454, 6.850689008349471], [37.37709023862661, 6.8520058002762205], [37.37555031921058, 6.852290414100364], [37.37513865408058, 6.850974576930405], [37.374012507787945, 6.849933361349483], [37.37411908758411, 6.848445810486308], [37.37614816351598, 6.848043110658463], [37.37755442822299, 6.847750387047555], [37.378973395141344, 6.848627580516313], [37.378355450496805, 6.850113070390525]]]}, "properties": {"id": "f42da119-963c-4a2c-9e3a-903342722072", "jurisdiction_code": "ET-OR", "jurisdiction_name": "Ethiopia Oromia", "class_label": "agroforestry", "agroforestry_subtype": "shade_coffee", "confidence_score": 0.909, "area_ha": 19.15, "uncertainty": 0.091, "data_origin": "synthetic", "generation_method": "scripts/generate_sample_parcels.py (v2, illustrative PoC)", "source": "Synthetic PoC generator (illustrative)", "source_year": 2023, "source_url": null, "processing_method": "PlanetScope + CNN", "model_version": "v3.5", "created_at": "2026-09-29T10:20:13.328476Z"}}, {"type": "Feature", "geometry": {"type": "Polygon", "coordinates": [[[39.262513250124286, 8.844525967744527], [39.26208973438033, 8.846103163063146], [39.2601657886839, 8.846891495451757], [39.25902664300022, 8.846454035545007], [39.258129870890066, 8.845195240823665], [39.25830904669535, 8.844176091835164], [39.25892103329066, 8.843009483217973], [39.26056219695063, 8.841927790112967], [39.262340326111875, 8.842766481089885], [39.262513250124286, 8.844525967744527]]]}, "properties": {"id": "9fa74d9c-3577-42eb-9a3b-00441f7dfa14", "jurisdiction_code": "ET-OR", "jurisdiction_name": "Ethiopia Oromia", "class_label": "agroforestry", "agroforestry_subtype": "forest_farming", "confidence_score": 0.935, "area_ha": 21.81, "uncertainty": 0.065, "data_origin": "synthetic", "generation_method": "scripts/generate_sample_parcels.py (v2, illustrative PoC)", "source": "Synthetic PoC generator (illustrative)", "source_year": 2020, "source_url": null, "processing_method": "Hybrid Remote Sensing", "model_version": "v2.0", "created_at": "2026-09-29T10:20:13.328504Z"}}, {"type": "Feature", "geometry": {"type": "Polygon", "coordinates": [[[36.942125038703004, 9.191337680355373], [36.94094254049329, 9.192795165659122], [36.93883416703603, 9.193616256705706], [36.93730700658823, 9.193014511649464], [36.93598441537843, 9.191695432260227], [36.93677315121791, 9.189773317507438], [36.93920567078894, 9.188292269848766], [36.941551879344004, 9.189509896689765], [36.942125038703004, 9.191337680355373]]]}, "properties": {"id": "c4f7f0f2-279f-49a2-a195-c88d47604974", "jurisdiction_code": "ET-OR", "jurisdiction_name": "Ethiopia Oromia", "class_label": "agroforestry", "agroforestry_subtype": "shade_coffee", "confidence_score": 0.742, "area_ha": 25.56, "uncertainty": 0.258, "data_origin": "synthetic", "generation_method": "scripts/generate_sample_parcels.py (v2, illustrative PoC)", "source": "Synthetic PoC generator (illustrative)", "source_year": 2020, "source_url": null, "processing_method": "PlanetScope + CNN", "model_version": "v2.5", "created_at": "2026-09-29T10:20:13.328531Z"}}, {"type": "Feature", "geometry": {"type": "Polygon", "coordinates": [[[38.072598395094694, 8.203497865871016], [38.07232340558295, 8.204706577126464], [38.07103137331405, 8.204660516097913], [38.069979131876764, 8.20532208512668], [38.06916672363783, 8.204021101297181], [38.06953514905911, 8.202714688515803], [38.070098497942915, 8.20226544212906], [38.0712583038839, 8.201909720753259], [38.07248516636718, 8.20246994271546], [38.072598395094694, 8.203497865871016]]]}, "properties": {"id": "bed0950d-51bd-4cdd-8cef-acb9b1253aeb", "jurisdiction_code": "ET-OR", "jurisdiction_name": "Ethiopia Oromia", "class_label": "agroforestry", "agroforestry_subtype": "shade_coffee", "confidence_score": 0.761, "area_ha": 11.45, "uncertainty": 0.239, "data_origin": "synthetic", "generation_method": "scripts/generate_sample_parcels.py (v2, illustrative PoC)", "source": "Synthetic PoC generator (illustrative)", "source_year": 2020, "source_url": null, "processing_method": "Sentinel-2 + Random Forest", "model_version": "v2.4", "created_at": "2026-09-29T10:20:13.328559Z"}}, {"type": "Feature", "geometry": {"type": "Polygon", "coordinates": [[[39.33712528137349, 9.201854126483036], [39.33633163594047, 9.203588152433316], [39.33434469699567, 9.203570671044881], [39.33276415586519, 9.202098213423765], [39.33401952038739, 9.200270923811082], [39.336528539753914, 9.199925290244991], [39.33712528137349, 9.201854126483036]]]}, "properties": {"id": "d7c5a209-ce90-4520-9270-ec39476e185e", "jurisdiction_code": "ET-OR", "jurisdiction_name": "Ethiopia Oromia", "class_label": "agroforestry", "agroforestry_subtype": "shade_coffee", "confidence_score": 0.72, "area_ha": 15.73, "uncertainty": 0.28, "data_origin": "synthetic", "generation_method": "scripts/generate_sample_parcels.py (v2, illustrative PoC)", "source": "Synthetic PoC generator (illustrative)", "source_year": 2024, "source_url": null, "processing_method": "PlanetScope + CNN", "model_version": "v3.6", "created_at": "2026-09-29T10:20:13.328583Z"}}, {"type": "Feature", "geometry": {"type": "Polygon", "coordinates": [[[35.7355043805097, 8.37313578557183], [35.73439534013164, 8.376456450597178], [35.73014436769091, 8.375563471346357], [35.73076922760445, 8.371375961671998], [35.73375812681287, 8.371196257872528], [35.7355043805097, 8.37313578557183]]]}, "properties": {"id": "f61cfdff-4a7a-4f77-878f-f4070f1cd6d2", "jurisdiction_code": "ET-OR", "jurisdiction_name": "Ethiopia Oromia", "class_label": "agroforestry", "agroforestry_subtype": "shade_coffee", "confidence_score": 0.755, "area_ha": 28.3, "uncertainty": 0.245, "data_origin": "synthetic", "generation_method": "scripts/generate_sample_parcels.py (v2, illustrative PoC)", "source": "Synthetic PoC generator (illustrative)", "source_year": 2021, "source_url": null, "processing_method": "GEDI LiDAR + ML", "model_version": "v1.6", "created_at": "2026-09-29T10:20:13.328607Z"}}, {"type": "Feature", "geometry": {"type": "Polygon", "coordinates": [[[35.29775191208944, 8.03724702503996], [35.296814834398084, 8.040037501607483], [35.294829537574245, 8.03946423368613], [35.292947023275204, 8.038634634109174], [35.29331220036481, 8.036707637748489], [35.29498256570965, 8.035482913672242], [35.2962638936241, 8.035996761852937], [35.29775191208944, 8.03724702503996]]]}, "properties": {"id": "80768f3b-e49c-4de7-8df2-76d84d68aea6", "jurisdiction_code": "ET-OR", "jurisdiction_name": "Ethiopia Oromia", "class_label": "agroforestry", "agroforestry_subtype": "shade_coffee", "confidence_score": 0.948, "area_ha": 23.87, "uncertainty": 0.052, "data_origin": "synthetic", "generation_method": "scripts/generate_sample_parcels.py (v2, illustrative PoC)", "source": "Synthetic PoC generator (illustrative)", "source_year": 2022, "source_url": null, "processing_method": "PlanetScope + CNN", "model_version": "v2.5", "created_at": "2026-09-29T10:20:13.328632Z"}}, {"type": "Feature", "geometry": {"type": "Polygon", "coordinates": [[[38.931135146021965, 6.74464999272086], [38.929817325793174, 6.74617390773271], [38.9288630358069, 6.746433555410998], [38.927945459892506, 6.746967863432227], [38.926886298849176, 6.745902288304321], [38.92522495034817, 6.745412062915487], [38.92655125615475, 6.743096871804563], [38.92799895131516, 6.742700624390855], [38.92924498542524, 6.7418968010293225], [38.930200234481305, 6.743102985074014], [38.931135146021965, 6.74464999272086]]]}, "properties": {"id": "d2b0850e-6958-4300-b797-db2b8556317f", "jurisdiction_code": "ET-OR", "jurisdiction_name": "Ethiopia Oromia", "class_label": "agroforestry", "agroforestry_subtype": "shade_coffee", "confidence_score": 0.719, "area_ha": 30.4, "uncertainty": 0.281, "data_origin": "synthetic", "generation_method": "scripts/generate_sample_parcels.py (v2, illustrative PoC)", "source": "Synthetic PoC generator (illustrative)", "source_year": 2022, "source_url": null, "processing_method": "PlanetScope + CNN", "model_version": "v3.7", "created_at": "2026-09-29T10:20:13.328661Z"}}, {"type": "Feature", "geometry": {"type": "Polygon", "coordinates": [[[36.22747482149707, 7.734626919052534], [36.22586947827909, 7.736407878593808], [36.22372439115816, 7.736992682632231], [36.22192822756054, 7.736512179016554], [36.220615011160184, 7.73558972759649], [36.22135078924161, 7.733955752329667], [36.222419454900404, 7.73270721128461], [36.224074028310596, 7.732695973566204], [36.22496005544949, 7.733127467342003], [36.22747482149707, 7.734626919052534]]]}, "properties": {"id": "31979435-290a-44b9-8262-29713d09d0c4", "jurisdiction_code": "ET-OR", "jurisdiction_name": "Ethiopia Oromia", "class_label": "agroforestry", "agroforestry_subtype": "woodlot", "confidence_score": 0.941, "area_ha": 27.44, "uncertainty": 0.059, "data_origin": "synthetic", "generation_method": "scripts/generate_sample_parcels.py (v2, illustrative PoC)", "source": "Synthetic PoC generator (illustrative)", "source_year": 2024, "source_url": null, "processing_method": "GEDI LiDAR + ML", "model_version": "v3.1", "created_at": "2026-09-29T10:20:13.328694Z"}}, {"type": "Feature", "geometry": {"type": "Polygon", "coordinates": [[[37.070872869177094, 6.67392049611276], [37.069707183031355, 6.67485269911373], [37.06904541125364, 6.675646990340257], [37.06768074022974, 6.675411193317851], [37.06596083510146, 6.674766581329152], [37.066571152361725, 6.673175518416644], [37.067711188144095, 6.672194209401944], [37.068882473506655, 6.671621994465556], [37.070104357468466, 6.671850550122678], [37.070872869177094, 6.67392049611276]]]}, "properties": {"id": "647ce1c4-cb7c-43b0-b006-e0e8962e8aaa", "jurisdiction_code": "ET-OR", "jurisdiction_name": "Ethiopia Oromia", "class_label": "agroforestry", "agroforestry_subtype": "shade_coffee", "confidence_score": 0.753, "area_ha": 21.71, "uncertainty": 0.247, "data_origin": "synthetic", "generation_method": "scripts/generate_sample_parcels.py (v2, illustrative PoC)", "source": "Synthetic PoC generator (illustrative)", "source_year": 2022, "source_url": null, "processing_method": "Sentinel-2 + Random Forest", "model_version": "v2.0", "created_at": "2026-09-29T10:20:13.328722Z"}}, {"type": "Feature", "geometry": {"type": "Polygon", "coordinates": [[[37.85590380496747, 8.150299359273973], [37.85385585491591, 8.152398024840414], [37.85226348350921, 8.15389030835619], [37.8515109053018, 8.15263085296569], [37.84922369102291, 8.151340236682652], [37.84916509115394, 8.14993199939673], [37.850612923595634, 8.148443480082772], [37.8523301162894, 8.148295952481694], [37.854549663307566, 8.148528029394603], [37.85590380496747, 8.150299359273973]]]}, "properties": {"id": "a631397e-ecb0-456d-ab5c-00489f237b35", "jurisdiction_code": "ET-OR", "jurisdiction_name": "Ethiopia Oromia", "class_label": "agroforestry", "agroforestry_subtype": "shade_coffee", "confidence_score": 0.715, "area_ha": 38.51, "uncertainty": 0.285, "data_origin": "synthetic", "generation_method": "scripts/generate_sample_parcels.py (v2, illustrative PoC)", "source": "Synthetic PoC generator (illustrative)", "source_year": 2022, "source_url": null, "processing_method": "Hybrid Remote Sensing", "model_version": "v2.7", "created_at": "2026-09-29T10:20:13.329440Z"}}, {"type": "Feature", "geometry": {"type": "Polygon", "coordinates": [[[37.66662485173857, 6.673537525385166], [37.66570069242915, 6.675139240363364], [37.66418959832393, 6.675738104200742], [37.66322388274877, 6.6764686260796635], [37.66092420406945, 6.675554810005968], [37.66012646108531, 6.673824311099428], [37.66116082986692, 6.671525874361253], [37.6624725381119, 6.671391954928533], [37.66472380195328, 6.6710782212106885], [37.66585093714331, 6.672465310925301], [37.66662485173857, 6.673537525385166]]]}, "properties": {"id": "1dc594ab-c369-4d02-807e-b7f3b704d17d", "jurisdiction_code": "ET-OR", "jurisdiction_name": "Ethiopia Oromia", "class_label": "agroforestry", "agroforestry_subtype": "shade_coffee", "confidence_score": 0.74, "area_ha": 26.25, "uncertainty": 0.26, "data_origin": "synthetic", "generation_method": "scripts/generate_sample_parcels.py (v2, illustrative PoC)", "source": "Synthetic PoC generator (illustrative)", "source_year": 2024, "source_url": null, "processing_method": "GEDI LiDAR + ML", "model_version": "v2.4", "created_at": "2026-09-29T10:20:13.329473Z"}}, {"type": "Feature", "geometry": {"type": "Polygon", "coordinates": [[[37.83060848412075, 7.721705803746692], [37.83097417833678, 7.722821024801968], [37.829160757868515, 7.723134689614267], [37.82803534357446, 7.724252265193912], [37.826339022515796, 7.722827002172989], [37.82612503602252, 7.72154858129718], [37.826841332544376, 7.7199683601283136], [37.827995860470544, 7.719384159986025], [37.82914813426505, 7.719834091290375], [37.83062137580512, 7.720584244742321], [37.83060848412075, 7.721705803746692]]]}, "properties": {"id": "57482336-7e95-4864-bb9a-226050c43fb8", "jurisdiction_code": "ET-OR", "jurisdiction_name": "Ethiopia Oromia", "class_label": "agroforestry", "agroforestry_subtype": "forest_farming", "confidence_score": 0.743, "area_ha": 24.03, "uncertainty": 0.257, "data_origin": "synthetic", "generation_method": "scripts/generate_sample_parcels.py (v2, illustrative PoC)", "source": "Synthetic PoC generator (illustrative)", "source_year": 2023, "source_url": null, "processing_method": "PlanetScope + CNN", "model_version": "v3.4", "created_at": "2026-09-29T10:20:13.329503Z"}}, {"type": "Feature", "geometry": {"type": "Polygon", "coordinates": [[[36.085748456149304, 7.718506464145527], [36.08558023764421, 7.721055664570391], [36.08261471400999, 7.720453029262452], [36.08132698308362, 7.718393624557846], [36.08270727438168, 7.715876491788169], [36.084873848316285, 7.716164790158221], [36.085748456149304, 7.718506464145527]]]}, "properties": {"id": "bad0797f-fdcd-463e-b4da-b4bd60df0b1f", "jurisdiction_code": "ET-OR", "jurisdiction_name": "Ethiopia Oromia", "class_label": "agroforestry", "agroforestry_subtype": "woodlot", "confidence_score": 0.753, "area_ha": 23.38, "uncertainty": 0.247, "data_origin": "synthetic", "generation_method": "scripts/generate_sample_parcels.py (v2, illustrative PoC)", "source": "Synthetic PoC generator (illustrative)", "source_year": 2022, "source_url": null, "processing_method": "PlanetScope + CNN", "model_version": "v3.4", "created_at": "2026-09-29T10:20:13.329529Z"}}, {"type": "Feature", "geometry": {"type": "Polygon", "coordinates": [[[35.434888294342635, 8.385816985190306], [35.4351209985955, 8.386490975983552], [35.433780470077494, 8.386861486927051], [35.432896407265, 8.386846004712897], [35.43201294464602, 8.386579302593223], [35.43182040379182, 8.385506962586932], [35.431568325244086, 8.384543510812982], [35.43277228500552, 8.38400960387386], [35.43409483817313, 8.383502886553734], [35.43454593249641, 8.384587798239055], [35.434888294342635, 8.385816985190306]]]}, "properties": {"id": "e99cc650-ff0c-4f01-a62a-0c074f668ed6", "jurisdiction_code": "ET-OR", "jurisdiction_name": "Ethiopia Oromia", "class_label": "agroforestry", "agroforestry_subtype": "shade_coffee", "confidence_score": 0.74, "area_ha": 12.62, "uncertainty": 0.26, "data_origin": "synthetic", "generation_method": "scripts/generate_sample_parcels.py (v2, illustrative PoC)", "source": "Synthetic PoC generator (illustrative)", "source_year": 2024, "source_url": null, "processing_method": "PlanetScope + CNN", "model_version": "v3.0", "created_at": "2026-09-29T10:20:13.329559Z"}}, {"type": "Feature", "geometry": {"type": "Polygon", "coordinates": [[[37.056281149898254, 6.575015097696154], [37.05659289519611, 6.5756526994480105], [37.05557345388369, 6.576383533551697], [37.055049272547635, 6.576121133382494], [37.054096479622565, 6.575896292919672], [37.054026843027486, 6.574824221422839], [37.054414727075745, 6.574429368659809], [37.054773082975665, 6.5740286884897845], [37.05588846957269, 6.573558219623422], [37.056284398280255, 6.574471625900453], [37.056281149898254, 6.575015097696154]]]}, "properties": {"id": "85454306-1ffe-4c46-b006-d8a90d9355c9", "jurisdiction_code": "ET-OR", "jurisdiction_name": "Ethiopia Oromia", "class_label": "agroforestry", "agroforestry_subtype": "shade_coffee", "confidence_score": 0.72, "area_ha": 5.41, "uncertainty": 0.28, "data_origin": "synthetic", "generation_method": "scripts/generate_sample_parcels.py (v2, illustrative PoC)", "source": "Synthetic PoC generator (illustrative)", "source_year": 2021, "source_url": null, "processing_method": "PlanetScope + CNN", "model_version": "v2.4", "created_at": "2026-09-29T10:20:13.329588Z"}}, {"type": "Feature", "geometry": {"type": "Polygon", "coordinates": [[[37.372692140236076, 8.211204821499434], [37.372423776638975, 8.21249334174993], [37.372025464996334, 8.212955711897967], [37.370703379133154, 8.212949134323742], [37.369616206276206, 8.212190041389363], [37.36938267442338, 8.211539268406373], [37.36979216705765, 8.21037725844769], [37.37046289997072, 8.209836438890374], [37.371665233071546, 8.210024438957914], [37.37232091522976, 8.210334177247551], [37.372692140236076, 8.211204821499434]]]}, "properties": {"id": "d08ccfdc-3f5e-46f5-934a-721c22098b31", "jurisdiction_code": "ET-OR", "jurisdiction_name": "Ethiopia Oromia", "class_label": "agroforestry", "agroforestry_subtype": "shade_coffee", "confidence_score": 0.74, "area_ha": 8.6, "uncertainty": 0.26, "data_origin": "synthetic", "generation_method": "scripts/generate_sample_parcels.py (v2, illustrative PoC)", "source": "Synthetic PoC generator (illustrative)", "source_year": 2020, "source_url": null, "processing_method": "Sentinel-2 + Random Forest", "model_version": "v3.1", "created_at": "2026-09-29T10:20:13.329617Z"}}, {"type": "Feature", "geometry": {"type": "Polygon", "coordinates": [[[35.88205371039941, 6.838613232028509], [35.88140243429755, 6.8405267217607655], [35.87950652684292, 6.841784835122855], [35.878587057997315, 6.840514479580804], [35.877244767905026, 6.839315391704676], [35.87818979331706, 6.837948815967896], [35.879675501175214, 6.836428918585994], [35.88149692631681, 6.837790907734891], [35.88205371039941, 6.838613232028509]]]}, "properties": {"id": "2ceec7f4-3acc-440f-b264-a0b04495d12f", "jurisdiction_code": "ET-OR", "jurisdiction_name": "Ethiopia Oromia", "class_label": "agroforestry", "agroforestry_subtype": "shade_coffee", "confidence_score": 0.716, "area_ha": 21.84, "uncertainty": 0.284, "data_origin": "synthetic", "generation_method": "scripts/generate_sample_parcels.py (v2, illustrative PoC)", "source": "Synthetic PoC generator (illustrative)", "source_year": 2021, "source_url": null, "processing_method": "Sentinel-2 + Random Forest", "model_version": "v2.6", "created_at": "2026-09-29T10:20:13.329644Z"}}, {"type": "Feature", "geometry": {"type": "Polygon", "coordinates": [[[36.681752992381305, 7.784565406763461], [36.68031022195761, 7.786949605164045], [36.6770263371199, 7.78693204916613], [36.676195331825575, 7.784840927310419], [36.6782135665691, 7.781973910031318], [36.68057552611361, 7.781830203093766], [36.681752992381305, 7.784565406763461]]]}, "properties": {"id": "680ea064-e7a4-4f8a-8a56-56f6af1206aa", "jurisdiction_code": "ET-OR", "jurisdiction_name": "Ethiopia Oromia", "class_label": "agroforestry", "agroforestry_subtype": "shade_coffee", "confidence_score": 0.728, "area_ha": 26.52, "uncertainty": 0.272, "data_origin": "synthetic", "generation_method": "scripts/generate_sample_parcels.py (v2, illustrative PoC)", "source": "Synthetic PoC generator (illustrative)", "source_year": 2021, "source_url": null, "processing_method": "PlanetScope + CNN", "model_version": "v2.6", "created_at": "2026-09-29T10:20:13.329669Z"}}, {"type": "Feature", "geometry": {"type": "Polygon", "coordinates": [[[35.46243092963558, 8.07411468180038], [35.46199390009259, 8.075268179709921], [35.46044851825557, 8.076462237227945], [35.45857633167205, 8.075044423663366], [35.45914182714612, 8.073126101722924], [35.46045520557623, 8.072627388019844], [35.46232030897113, 8.072348972666513], [35.46243092963558, 8.07411468180038]]]}, "properties": {"id": "6efb1b69-b783-4c7b-889e-a6a3ba070581", "jurisdiction_code": "ET-OR", "jurisdiction_name": "Ethiopia Oromia", "class_label": "agroforestry", "agroforestry_subtype": "shade_coffee", "confidence_score": 0.739, "area_ha": 16.33, "uncertainty": 0.261, "data_origin": "synthetic", "generation_method": "scripts/generate_sample_parcels.py (v2, illustrative PoC)", "source": "Synthetic PoC generator (illustrative)", "source_year": 2022, "source_url": null, "processing_method": "Hybrid Remote Sensing", "model_version": "v1.1", "created_at": "2026-09-29T10:20:13.329701Z"}}, {"type": "Feature", "geometry": {"type": "Polygon", "coordinates": [[[36.45207447039919, 6.974813865392731], [36.45171749009102, 6.975398202400921], [36.45130838074721, 6.975622077341826], [36.4508607403418, 6.975779405631985], [36.45041212094748, 6.97538095321375], [36.45066853907123, 6.974831882679823], [36.45101174710531, 6.974273789500478], [36.45129290791133, 6.974339909183684], [36.45204168607532, 6.974448418836762], [36.45207447039919, 6.974813865392731]]]}, "properties": {"id": "7b6aca32-2105-4743-a505-15d1b1629d08", "jurisdiction_code": "ET-OR", "jurisdiction_name": "Ethiopia Oromia", "class_label": "agroforestry", "agroforestry_subtype": "shade_coffee", "confidence_score": 0.705, "area_ha": 1.85, "uncertainty": 0.295, "data_origin": "synthetic", "generation_method": "scripts/generate_sample_parcels.py (v2, illustrative PoC)", "source": "Synthetic PoC generator (illustrative)", "source_year": 2020, "source_url": null, "processing_method": "Sentinel-2 + Random Forest", "model_version": "v1.9", "created_at": "2026-09-29T10:20:13.329729Z"}}, {"type": "Feature", "geometry": {"type": "Polygon", "coordinates": [[[35.04258755657097, 8.270583038706874], [35.04223814471408, 8.271677288629181], [35.04149026324265, 8.272532017831269], [35.04036684975846, 8.271754124417349], [35.04004477953296, 8.27058843870268], [35.039795542338915, 8.269123776156084], [35.04116203720278, 8.268617909611814], [35.043035318903605, 8.269353948658562], [35.04258755657097, 8.270583038706874]]]}, "properties": {"id": "8424f723-b12b-4d7f-8299-f42916c5b91d", "jurisdiction_code": "ET-OR", "jurisdiction_name": "Ethiopia Oromia", "class_label": "agroforestry", "agroforestry_subtype": "forest_farming", "confidence_score": 0.738, "area_ha": 11.36, "uncertainty": 0.262, "data_origin": "synthetic", "generation_method": "scripts/generate_sample_parcels.py (v2, illustrative PoC)", "source": "Synthetic PoC generator (illustrative)", "source_year": 2022, "source_url": null, "processing_method": "GEDI LiDAR + ML", "model_version": "v1.1", "created_at": "2026-09-29T10:20:13.329757Z"}}, {"type": "Feature", "geometry": {"type": "Polygon", "coordinates": [[[39.42967071301759, 6.6980772999567035], [39.42822008115303, 6.699739959761321], [39.4269617302063, 6.699348555186097], [39.42495702476603, 6.699865843701282], [39.42474664977579, 6.697718199052852], [39.425171533285166, 6.695817001241368], [39.42671940477292, 6.695868614222776], [39.42861967909867, 6.695504260263215], [39.42967071301759, 6.6980772999567035]]]}, "properties": {"id": "8d264fe5-47e5-4b71-8383-55863d88b085", "jurisdiction_code": "ET-OR", "jurisdiction_name": "Ethiopia Oromia", "class_label": "agroforestry", "agroforestry_subtype": "shade_coffee", "confidence_score": 0.922, "area_ha": 16.11, "uncertainty": 0.078, "data_origin": "synthetic", "generation_method": "scripts/generate_sample_parcels.py (v2, illustrative PoC)", "source": "Synthetic PoC generator (illustrative)", "source_year": 2022, "source_url": null, "processing_method": "PlanetScope + CNN", "model_version": "v1.8", "created_at": "2026-09-29T10:20:13.329786Z"}}, {"type": "Feature", "geometry": {"type": "Polygon", "coordinates": [[[38.75113063832227, 6.883474279716341], [38.75036157726337, 6.884759752175675], [38.74821631819811, 6.885505995301163], [38.74745616158968, 6.884185879663866], [38.74695492854982, 6.882488020560958], [38.74866697733083, 6.8801859289398895], [38.751054277456724, 6.8813705328077965], [38.75113063832227, 6.883474279716341]]]}, "properties": {"id": "22e1d7e5-e14b-4606-b657-7539257b58b0", "jurisdiction_code": "ET-OR", "jurisdiction_name": "Ethiopia Oromia", "class_label": "agroforestry", "agroforestry_subtype": "forest_farming", "confidence_score": 0.711, "area_ha": 19.95, "uncertainty": 0.289, "data_origin": "synthetic", "generation_method": "scripts/generate_sample_parcels.py (v2, illustrative PoC)", "source": "Synthetic PoC generator (illustrative)", "source_year": 2020, "source_url": null, "processing_method": "PlanetScope + CNN", "model_version": "v3.5", "created_at": "2026-09-29T10:20:13.329811Z"}}, {"type": "Feature", "geometry": {"type": "Polygon", "coordinates": [[[38.71204339624885, 8.368582053848463], [38.71168355971298, 8.36950134092643], [38.71110937218329, 8.37000461946465], [38.71019091503149, 8.37016896639939], [38.709514843905644, 8.369367557807253], [38.709582952167835, 8.36856245457105], [38.71009077460301, 8.367757989636877], [38.71091151575371, 8.367305140040019], [38.71166345337078, 8.3681089764769], [38.71204339624885, 8.368582053848463]]]}, "properties": {"id": "c783050a-fb1f-4a07-bce7-8b4e447ae0d2", "jurisdiction_code": "ET-OR", "jurisdiction_name": "Ethiopia Oromia", "class_label": "agroforestry", "agroforestry_subtype": "shade_coffee", "confidence_score": 0.712, "area_ha": 6.35, "uncertainty": 0.288, "data_origin": "synthetic", "generation_method": "scripts/generate_sample_parcels.py (v2, illustrative PoC)", "source": "Synthetic PoC generator (illustrative)", "source_year": 2020, "source_url": null, "processing_method": "GEDI LiDAR + ML", "model_version": "v2.9", "created_at": "2026-09-29T10:20:13.329839Z"}}, {"type": "Feature", "geometry": {"type": "Polygon", "coordinates": [[[36.56880638373336, 6.703240050596195], [36.567544205253405, 6.704353415957423], [36.566243956082054, 6.705312263889722], [36.56517616499493, 6.7043853888018905], [36.565439352181784, 6.702708458010861], [36.56622738479248, 6.701868479969095], [36.5677827309099, 6.702110941819855], [36.56880638373336, 6.703240050596195]]]}, "properties": {"id": "b26cd143-928e-4196-821d-96e2526c4f54", "jurisdiction_code": "ET-OR", "jurisdiction_name": "Ethiopia Oromia", "class_label": "agroforestry", "agroforestry_subtype": "shade_coffee", "confidence_score": 0.926, "area_ha": 12.98, "uncertainty": 0.074, "data_origin": "synthetic", "generation_method": "scripts/generate_sample_parcels.py (v2, illustrative PoC)", "source": "Synthetic PoC generator (illustrative)", "source_year": 2024, "source_url": null, "processing_method": "PlanetScope + CNN", "model_version": "v1.1", "created_at": "2026-09-29T10:20:13.329865Z"}}, {"type": "Feature", "geometry": {"type": "Polygon", "coordinates": [[[38.2057406334925, 8.45840133566055], [38.205486645638096, 8.458815306443446], [38.2050016563024, 8.458986187916706], [38.20467871372668, 8.45856095454776], [38.204494715513256, 8.458043280424514], [38.205055861917835, 8.457661903198106], [38.20544902056021, 8.457928191381148], [38.2057406334925, 8.45840133566055]]]}, "properties": {"id": "294a1048-14d0-4c30-85c7-af52317b05a5", "jurisdiction_code": "ET-OR", "jurisdiction_name": "Ethiopia Oromia", "class_label": "agroforestry", "agroforestry_subtype": "shade_coffee", "confidence_score": 0.917, "area_ha": 1.72, "uncertainty": 0.083, "data_origin": "synthetic", "generation_method": "scripts/generate_sample_parcels.py (v2, illustrative PoC)", "source": "Synthetic PoC generator (illustrative)", "source_year": 2020, "source_url": null, "processing_method": "Hybrid Remote Sensing", "model_version": "v1.8", "created_at": "2026-09-29T10:20:13.329891Z"}}, {"type": "Feature", "geometry": {"type": "Polygon", "coordinates": [[[36.27214171589156, 6.762527508292646], [36.2712355478305, 6.765329387288915], [36.26801227346438, 6.763892321395575], [36.26905399231522, 6.7614037666625375], [36.27101008545828, 6.76091146988617], [36.27214171589156, 6.762527508292646]]]}, "properties": {"id": "fcadc39a-3cd9-48f0-b0c9-760915bba4da", "jurisdiction_code": "ET-OR", "jurisdiction_name": "Ethiopia Oromia", "class_label": "agroforestry", "agroforestry_subtype": "forest_farming", "confidence_score": 0.755, "area_ha": 15.74, "uncertainty": 0.245, "data_origin": "synthetic", "generation_method": "scripts/generate_sample_parcels.py (v2, illustrative PoC)", "source": "Synthetic PoC generator (illustrative)", "source_year": 2020, "source_url": null, "processing_method": "Sentinel-2 + Random Forest", "model_version": "v1.3", "created_at": "2026-09-29T10:20:13.329915Z"}}, {"type": "Feature", "geometry": {"type": "Polygon", "coordinates": [[[38.34949430375224, 8.260779110982368], [38.348825083517795, 8.26223453593591], [38.34694230925624, 8.26211034688872], [38.34643513679902, 8.26064714019757], [38.34695284073953, 8.258617359800128], [38.34875739203606, 8.25890525040858], [38.34949430375224, 8.260779110982368]]]}, "properties": {"id": "9f781b4d-0b57-4c97-b915-f0529342a2d8", "jurisdiction_code": "ET-OR", "jurisdiction_name": "Ethiopia Oromia", "class_label": "agroforestry", "agroforestry_subtype": "shade_coffee", "confidence_score": 0.739, "area_ha": 11.18, "uncertainty": 0.261, "data_origin": "synthetic", "generation_method": "scripts/generate_sample_parcels.py (v2, illustrative PoC)", "source": "Synthetic PoC generator (illustrative)", "source_year": 2021, "source_url": null, "processing_method": "Sentinel-2 + Random Forest", "model_version": "v2.7", "created_at": "2026-09-29T10:20:13.329939Z"}}, {"type": "Feature", "geometry": {"type": "Polygon", "coordinates": [[[35.49583980805961, 9.29183213463884], [35.49544766472672, 9.293278341333597], [35.49451599670747, 9.293672883002689], [35.492709563977606, 9.293705531872407], [35.49213958843562, 9.292834286663846], [35.49228517546389, 9.29086027285687], [35.492811542830744, 9.29000322537689], [35.494267508725066, 9.289772105741665], [35.49533278528229, 9.290601817406504], [35.49583980805961, 9.29183213463884]]]}, "properties": {"id": "92733b31-d963-45bc-a8b7-b825f613962d", "jurisdiction_code": "ET-OR", "jurisdiction_name": "Ethiopia Oromia", "class_label": "agroforestry", "agroforestry_subtype": "shade_coffee", "confidence_score": 0.715, "area_ha": 13.56, "uncertainty": 0.285, "data_origin": "synthetic", "generation_method": "scripts/generate_sample_parcels.py (v2, illustrative PoC)", "source": "Synthetic PoC generator (illustrative)", "source_year": 2022, "source_url": null, "processing_method": "GEDI LiDAR + ML", "model_version": "v2.1", "created_at": "2026-09-29T10:20:13.329966Z"}}, {"type": "Feature", "geometry": {"type": "Polygon", "coordinates": [[[35.26635127094742, 8.579410118446994], [35.266031499446264, 8.58042781969911], [35.264931048522236, 8.580508894100952], [35.26437217649817, 8.58024164261142], [35.26407453705043, 8.579330257763658], [35.263967312812625, 8.578446844415925], [35.26500464023802, 8.577583479185865], [35.266371072309504, 8.578444006813308], [35.26635127094742, 8.579410118446994]]]}, "properties": {"id": "60018e86-991b-4ff0-86fa-f9c321504bf7", "jurisdiction_code": "ET-OR", "jurisdiction_name": "Ethiopia Oromia", "class_label": "agroforestry", "agroforestry_subtype": "shade_coffee", "confidence_score": 0.75, "area_ha": 6.26, "uncertainty": 0.25, "data_origin": "synthetic", "generation_method": "scripts/generate_sample_parcels.py (v2, illustrative PoC)", "source": "Synthetic PoC generator (illustrative)", "source_year": 2020, "source_url": null, "processing_method": "Sentinel-2 + Random Forest", "model_version": "v3.5", "created_at": "2026-09-29T10:20:13.329993Z"}}, {"type": "Feature", "geometry": {"type": "Polygon", "coordinates": [[[37.39227979606824, 8.78382916024259], [37.3920563871645, 8.784268332560178], [37.3915569424258, 8.784317527285298], [37.3912124353594, 8.784223518570622], [37.39111731827504, 8.783831240165476], [37.39116670890401, 8.783338783934648], [37.391664145050804, 8.783118644993376], [37.392071241890434, 8.783379285806244], [37.39227979606824, 8.78382916024259]]]}, "properties": {"id": "30e050fd-bcfb-4ea1-a5fb-c89afe1c779d", "jurisdiction_code": "ET-OR", "jurisdiction_name": "Ethiopia Oromia", "class_label": "agroforestry", "agroforestry_subtype": "shade_coffee", "confidence_score": 0.941, "area_ha": 1.49, "uncertainty": 0.059, "data_origin": "synthetic", "generation_method": "scripts/generate_sample_parcels.py (v2, illustrative PoC)", "source": "Synthetic PoC generator (illustrative)", "source_year": 2024, "source_url": null, "processing_method": "Hybrid Remote Sensing", "model_version": "v1.1", "created_at": "2026-09-29T10:20:13.330020Z"}}, {"type": "Feature", "geometry": {"type": "Polygon", "coordinates": [[[35.28220419307175, 7.347349540846773], [35.28063189698157, 7.348253027925142], [35.27897214139339, 7.348921564915245], [35.27768750469821, 7.347745457258673], [35.27828618393753, 7.346314906445968], [35.279168834170996, 7.344938176665076], [35.280547966765894, 7.345671141109095], [35.28220419307175, 7.347349540846773]]]}, "properties": {"id": "f0c0dd27-da0c-4dad-8b15-139d59dc25bb", "jurisdiction_code": "ET-OR", "jurisdiction_name": "Ethiopia Oromia", "class_label": "agroforestry", "agroforestry_subtype": "shade_coffee", "confidence_score": 0.901, "area_ha": 17.02, "uncertainty": 0.099, "data_origin": "synthetic", "generation_method": "scripts/generate_sample_parcels.py (v2, illustrative PoC)", "source": "Synthetic PoC generator (illustrative)", "source_year": 2023, "source_url": null, "processing_method": "Hybrid Remote Sensing", "model_version": "v1.9", "created_at": "2026-09-29T10:20:13.330046Z"}}, {"type": "Feature", "geometry": {"type": "Polygon", "coordinates": [[[39.3155611610436, 8.085715446729196], [39.314344798488854, 8.087162215417983], [39.31322127750683, 8.087812687521488], [39.31040470177287, 8.088003669700779], [39.30998837828784, 8.085432873159633], [39.31105030903315, 8.083806681762551], [39.3128240256176, 8.083712199492915], [39.31446079483483, 8.084637939621222], [39.3155611610436, 8.085715446729196]]]}, "properties": {"id": "2ee360e2-485d-4162-b512-8bad39b1bd73", "jurisdiction_code": "ET-OR", "jurisdiction_name": "Ethiopia Oromia", "class_label": "agroforestry", "agroforestry_subtype": "shade_coffee", "confidence_score": 0.914, "area_ha": 23.57, "uncertainty": 0.086, "data_origin": "synthetic", "generation_method": "scripts/generate_sample_parcels.py (v2, illustrative PoC)", "source": "Synthetic PoC generator (illustrative)", "source_year": 2022, "source_url": null, "processing_method": "PlanetScope + CNN", "model_version": "v1.1", "created_at": "2026-09-29T10:20:13.330073Z"}}, {"type": "Feature", "geometry": {"type": "Polygon", "coordinates": [[[36.665110105833016, 8.17326779686887], [36.66455151294166, 8.17444300032552], [36.663090772588404, 8.173668677163029], [36.663025533662655, 8.172533629423583], [36.66440960717786, 8.171990536985538], [36.665110105833016, 8.17326779686887]]]}, "properties": {"id": "e3e4b539-9c3d-407e-af6a-d6bd65bcc697", "jurisdiction_code": "ET-OR", "jurisdiction_name": "Ethiopia Oromia", "class_label": "agroforestry", "agroforestry_subtype": "shade_coffee", "confidence_score": 0.704, "area_ha": 4.24, "uncertainty": 0.296, "data_origin": "synthetic", "generation_method": "scripts/generate_sample_parcels.py (v2, illustrative PoC)", "source": "Synthetic PoC generator (illustrative)", "source_year": 2021, "source_url": null, "processing_method": "GEDI LiDAR + ML", "model_version": "v1.7", "created_at": "2026-09-29T10:20:13.330096Z"}}, {"type": "Feature", "geometry": {"type": "Polygon", "coordinates": [[[35.28300596004013, 9.42261530349595], [35.28204674116608, 9.425015101779826], [35.27984571158013, 9.425620940267814], [35.278396426480064, 9.42328760829741], [35.28007249232024, 9.421194615419378], [35.282008327003595, 9.420989434920592], [35.28300596004013, 9.42261530349595]]]}, "properties": {"id": "b6e679e2-3bed-4121-8ff6-3c0cacd9519f", "jurisdiction_code": "ET-OR", "jurisdiction_name": "Ethiopia Oromia", "class_label": "agroforestry", "agroforestry_subtype": "parkland", "confidence_score": 0.949, "area_ha": 18.73, "uncertainty": 0.051, "data_origin": "synthetic", "generation_method": "scripts/generate_sample_parcels.py (v2, illustrative PoC)", "source": "Synthetic PoC generator (illustrative)", "source_year": 2024, "source_url": null, "processing_method": "PlanetScope + CNN", "model_version": "v3.9", "created_at": "2026-09-29T10:20:13.330120Z"}}, {"type": "Feature", "geometry": {"type": "Polygon", "coordinates": [[[37.64108099212698, 7.58023515886319], [37.64020010376688, 7.581313963368007], [37.63859837354531, 7.581286630051682], [37.63886575701694, 7.57981518912815], [37.64036468623745, 7.57876132348331], [37.64108099212698, 7.58023515886319]]]}, "properties": {"id": "888198e4-016b-4b85-8a9a-d48e844825a6", "jurisdiction_code": "ET-OR", "jurisdiction_name": "Ethiopia Oromia", "class_label": "agroforestry", "agroforestry_subtype": "shade_coffee", "confidence_score": 0.744, "area_ha": 5.88, "uncertainty": 0.256, "data_origin": "synthetic", "generation_method": "scripts/generate_sample_parcels.py (v2, illustrative PoC)", "source": "Synthetic PoC generator (illustrative)", "source_year": 2020, "source_url": null, "processing_method": "PlanetScope + CNN", "model_version": "v2.7", "created_at": "2026-09-29T10:20:13.330144Z"}}, {"type": "Feature", "geometry": {"type": "Polygon", "coordinates": [[[38.193778088103215, 8.656626827349534], [38.193667260276094, 8.657071418895915], [38.19345418556619, 8.657093333589865], [38.193054974683044, 8.656958028547555], [38.19303297219565, 8.656611024395774], [38.19304216749983, 8.65636873043832], [38.193489066183155, 8.656093672712602], [38.19373727869585, 8.65643583771163], [38.193778088103215, 8.656626827349534]]]}, "properties": {"id": "df4ad925-c34a-4eb2-b9a8-67c5f77a54fa", "jurisdiction_code": "ET-OR", "jurisdiction_name": "Ethiopia Oromia", "class_label": "agroforestry", "agroforestry_subtype": "shade_coffee", "confidence_score": 0.924, "area_ha": 0.68, "uncertainty": 0.076, "data_origin": "synthetic", "generation_method": "scripts/generate_sample_parcels.py (v2, illustrative PoC)", "source": "Synthetic PoC generator (illustrative)", "source_year": 2022, "source_url": null, "processing_method": "Sentinel-2 + Random Forest", "model_version": "v2.8", "created_at": "2026-09-29T10:20:13.330172Z"}}, {"type": "Feature", "geometry": {"type": "Polygon", "coordinates": [[[39.11162556760678, 9.327891971995312], [39.111672405407845, 9.329147735830695], [39.11044341668356, 9.330401279156236], [39.109001714789045, 9.32943569036057], [39.108048846281775, 9.328278940664504], [39.107828928580915, 9.327265090215151], [39.108941197908536, 9.326405480413317], [39.11001804615205, 9.326236919493224], [39.111296364211995, 9.327042725662126], [39.11162556760678, 9.327891971995312]]]}, "properties": {"id": "6a8c4a6e-b98b-4e87-81fa-a008a2931485", "jurisdiction_code": "ET-OR", "jurisdiction_name": "Ethiopia Oromia", "class_label": "agroforestry", "agroforestry_subtype": "forest_farming", "confidence_score": 0.932, "area_ha": 17.41, "uncertainty": 0.068, "data_origin": "synthetic", "generation_method": "scripts/generate_sample_parcels.py (v2, illustrative PoC)", "source": "Synthetic PoC generator (illustrative)", "source_year": 2021, "source_url": null, "processing_method": "Sentinel-2 + Random Forest", "model_version": "v2.5", "created_at": "2026-09-29T10:20:13.330200Z"}}, {"type": "Feature", "geometry": {"type": "Polygon", "coordinates": [[[39.29641360255737, 7.3398990654435075], [39.29643681226435, 7.340702992366868], [39.295997795934596, 7.341411467795062], [39.29470712901839, 7.340980843284129], [39.29416217344193, 7.340525668316261], [39.29427300935561, 7.3395796502524195], [39.29448477126524, 7.33871885711411], [39.295781641315344, 7.33880852815568], [39.29645125736607, 7.33937788172593], [39.29641360255737, 7.3398990654435075]]]}, "properties": {"id": "21034cc6-1088-42d2-b04f-c9e12c102d74", "jurisdiction_code": "ET-OR", "jurisdiction_name": "Ethiopia Oromia", "class_label": "agroforestry", "agroforestry_subtype": "shade_coffee", "confidence_score": 0.727, "area_ha": 6.38, "uncertainty": 0.273, "data_origin": "synthetic", "generation_method": "scripts/generate_sample_parcels.py (v2, illustrative PoC)", "source": "Synthetic PoC generator (illustrative)", "source_year": 2022, "source_url": null, "processing_method": "Hybrid Remote Sensing", "model_version": "v3.0", "created_at": "2026-09-29T10:20:13.330228Z"}}, {"type": "Feature", "geometry": {"type": "Polygon", "coordinates": [[[36.04327131423691, 6.861363214676988], [36.04314459630019, 6.862233583751903], [36.04130322251299, 6.862573244538798], [36.040120483822534, 6.862834448029784], [36.03966142563441, 6.8621925083298425], [36.03929763936733, 6.861315593720404], [36.03957969242036, 6.859799091760432], [36.0404406701273, 6.8597388360987415], [36.04133928863752, 6.858763155470542], [36.04256996729778, 6.860054828084723], [36.04327131423691, 6.861363214676988]]]}, "properties": {"id": "84e86305-f924-4534-b4f9-e87cea3a5070", "jurisdiction_code": "ET-OR", "jurisdiction_name": "Ethiopia Oromia", "class_label": "agroforestry", "agroforestry_subtype": "woodlot", "confidence_score": 0.757, "area_ha": 13.73, "uncertainty": 0.243, "data_origin": "synthetic", "generation_method": "scripts/generate_sample_parcels.py (v2, illustrative PoC)", "source": "Synthetic PoC generator (illustrative)", "source_year": 2023, "source_url": null, "processing_method": "GEDI LiDAR + ML", "model_version": "v3.2", "created_at": "2026-09-29T10:20:13.330257Z"}}, {"type": "Feature", "geometry": {"type": "Polygon", "coordinates": [[[36.542970712227735, 6.5175138670589225], [36.54190929988658, 6.5191189607917135], [36.53931177426034, 6.519521036107122], [36.537292834077256, 6.5172958694466665], [36.539031808157894, 6.515318097290909], [36.54103781556337, 6.515023129741191], [36.542970712227735, 6.5175138670589225]]]}, "properties": {"id": "0ffbfd43-190f-473a-9e5e-93e01da46e3c", "jurisdiction_code": "ET-OR", "jurisdiction_name": "Ethiopia Oromia", "class_label": "agroforestry", "agroforestry_subtype": "shade_coffee", "confidence_score": 0.73, "area_ha": 20.14, "uncertainty": 0.27, "data_origin": "synthetic", "generation_method": "scripts/generate_sample_parcels.py (v2, illustrative PoC)", "source": "Synthetic PoC generator (illustrative)", "source_year": 2021, "source_url": null, "processing_method": "Sentinel-2 + Random Forest", "model_version": "v1.0", "created_at": "2026-09-29T10:20:13.330281Z"}}, {"type": "Feature", "geometry": {"type": "Polygon", "coordinates": [[[35.94407815459651, 8.467841999329623], [35.94371022597162, 8.469498844493003], [35.942663638415674, 8.47019210379043], [35.942010505265905, 8.469325886223166], [35.941176798266945, 8.46884751007884], [35.94007124519177, 8.46841183474558], [35.940933110126835, 8.46722189486991], [35.9416670649621, 8.466672254914304], [35.94323164805677, 8.466454533720173], [35.94347582052584, 8.467251358969962], [35.94407815459651, 8.467841999329623]]]}, "properties": {"id": "3a233de5-1d68-4458-a8a2-37cb0c3d18d8", "jurisdiction_code": "ET-OR", "jurisdiction_name": "Ethiopia Oromia", "class_label": "agroforestry", "agroforestry_subtype": "forest_farming", "confidence_score": 0.715, "area_ha": 12.43, "uncertainty": 0.285, "data_origin": "synthetic", "generation_method": "scripts/generate_sample_parcels.py (v2, illustrative PoC)", "source": "Synthetic PoC generator (illustrative)", "source_year": 2024, "source_url": null, "processing_method": "Hybrid Remote Sensing", "model_version": "v1.6", "created_at": "2026-09-29T10:20:13.330311Z"}}, {"type": "Feature", "geometry": {"type": "Polygon", "coordinates": [[[39.11971831509362, 6.963692193605908], [39.118845790898334, 6.964498219633592], [39.117531073964635, 6.9652636454170445], [39.11674442706595, 6.964655129106264], [39.11686023291296, 6.962926718954561], [39.117831424431344, 6.962188577512209], [39.11876395373005, 6.962965763575207], [39.11971831509362, 6.963692193605908]]]}, "properties": {"id": "c199da47-33be-4d6a-aa31-9c117731e405", "jurisdiction_code": "ET-OR", "jurisdiction_name": "Ethiopia Oromia", "class_label": "agroforestry", "agroforestry_subtype": "forest_farming", "confidence_score": 0.757, "area_ha": 6.96, "uncertainty": 0.243, "data_origin": "synthetic", "generation_method": "scripts/generate_sample_parcels.py (v2, illustrative PoC)", "source": "Synthetic PoC generator (illustrative)", "source_year": 2023, "source_url": null, "processing_method": "Sentinel-2 + Random Forest", "model_version": "v2.3", "created_at": "2026-09-29T10:20:13.330336Z"}}, {"type": "Feature", "geometry": {"type": "Polygon", "coordinates": [[[37.33485735096051, 7.574989481763135], [37.334671283496824, 7.576506548514208], [37.33297357188175, 7.576493913666123], [37.33210033361874, 7.575272698906387], [37.332045664396816, 7.573744085002108], [37.33310490095161, 7.573433977641389], [37.33443860783463, 7.5730787280766405], [37.33485735096051, 7.574989481763135]]]}, "properties": {"id": "104e0cdd-38a9-4807-9253-076eb048c275", "jurisdiction_code": "ET-OR", "jurisdiction_name": "Ethiopia Oromia", "class_label": "agroforestry", "agroforestry_subtype": "shade_coffee", "confidence_score": 0.728, "area_ha": 9.91, "uncertainty": 0.272, "data_origin": "synthetic", "generation_method": "scripts/generate_sample_parcels.py (v2, illustrative PoC)", "source": "Synthetic PoC generator (illustrative)", "source_year": 2023, "source_url": null, "processing_method": "GEDI LiDAR + ML", "model_version": "v2.7", "created_at": "2026-09-29T10:20:13.330362Z"}}, {"type": "Feature", "geometry": {"type": "Polygon", "coordinates": [[[35.67898058310181, 9.490442667694142], [35.67889188247637, 9.490786187014633], [35.678377004560325, 9.491103144946528], [35.678073633505726, 9.49143234072538], [35.677709617039504, 9.490918562648455], [35.67743747763227, 9.490339339135275], [35.67735384334863, 9.489784636842588], [35.67810616475752, 9.489430245833136], [35.678421416302605, 9.489502041806537], [35.679079315952976, 9.489716013537514], [35.67898058310181, 9.490442667694142]]]}, "properties": {"id": "cdc20c74-60d5-429d-ba70-eaf69cf095dd", "jurisdiction_code": "ET-OR", "jurisdiction_name": "Ethiopia Oromia", "class_label": "agroforestry", "agroforestry_subtype": "parkland", "confidence_score": 0.708, "area_ha": 3.23, "uncertainty": 0.292, "data_origin": "synthetic", "generation_method": "scripts/generate_sample_parcels.py (v2, illustrative PoC)", "source": "Synthetic PoC generator (illustrative)", "source_year": 2022, "source_url": null, "processing_method": "Hybrid Remote Sensing", "model_version": "v2.6", "created_at": "2026-09-29T10:20:13.330391Z"}}, {"type": "Feature", "geometry": {"type": "Polygon", "coordinates": [[[36.700037792401304, 6.563329293413882], [36.69963611178751, 6.564045235884553], [36.69881801552256, 6.564160422409275], [36.698297011378486, 6.564055295612337], [36.69773358347389, 6.563613902127964], [36.698065776775, 6.562529505102426], [36.69888249205509, 6.56227738538188], [36.699631382019696, 6.562506100417408], [36.700037792401304, 6.563329293413882]]]}, "properties": {"id": "e5ea0e65-92fc-41fb-900e-65fc67b69b53", "jurisdiction_code": "ET-OR", "jurisdiction_name": "Ethiopia Oromia", "class_label": "agroforestry", "agroforestry_subtype": "shade_coffee", "confidence_score": 0.733, "area_ha": 4.43, "uncertainty": 0.267, "data_origin": "synthetic", "generation_method": "scripts/generate_sample_parcels.py (v2, illustrative PoC)", "source": "Synthetic PoC generator (illustrative)", "source_year": 2022, "source_url": null, "processing_method": "Sentinel-2 + Random Forest", "model_version": "v2.3", "created_at": "2026-09-29T10:20:13.330418Z"}}, {"type": "Feature", "geometry": {"type": "Polygon", "coordinates": [[[36.46749019198657, 6.5835521981997855], [36.46521101384588, 6.585827314482129], [36.463087917891954, 6.584975841587762], [36.46310955728175, 6.581775692183329], [36.46546172058045, 6.580920195206202], [36.46749019198657, 6.5835521981997855]]]}, "properties": {"id": "312eff72-688f-417d-8782-a40c358b2d41", "jurisdiction_code": "ET-OR", "jurisdiction_name": "Ethiopia Oromia", "class_label": "agroforestry", "agroforestry_subtype": "shade_coffee", "confidence_score": 0.72, "area_ha": 21.55, "uncertainty": 0.28, "data_origin": "synthetic", "generation_method": "scripts/generate_sample_parcels.py (v2, illustrative PoC)", "source": "Synthetic PoC generator (illustrative)", "source_year": 2024, "source_url": null, "processing_method": "PlanetScope + CNN", "model_version": "v3.4", "created_at": "2026-09-29T10:20:13.330441Z"}}, {"type": "Feature", "geometry": {"type": "Polygon", "coordinates": [[[35.35603708645648, 7.34633329948266], [35.35562047009133, 7.347151590754879], [35.35484471637622, 7.347680005637092], [35.35401796186012, 7.347239659897036], [35.35395418885789, 7.346530056953588], [35.35426589247611, 7.345741173220587], [35.35497592593621, 7.3452749019797725], [35.355729660838996, 7.345390280624773], [35.35603708645648, 7.34633329948266]]]}, "properties": {"id": "ec3d1786-8604-4af8-b532-4ae519e614fb", "jurisdiction_code": "ET-OR", "jurisdiction_name": "Ethiopia Oromia", "class_label": "agroforestry", "agroforestry_subtype": "forest_farming", "confidence_score": 0.708, "area_ha": 3.99, "uncertainty": 0.292, "data_origin": "synthetic", "generation_method": "scripts/generate_sample_parcels.py (v2, illustrative PoC)", "source": "Synthetic PoC generator (illustrative)", "source_year": 2023, "source_url": null, "processing_method": "Hybrid Remote Sensing", "model_version": "v3.3", "created_at": "2026-09-29T10:20:13.330468Z"}}, {"type": "Feature", "geometry": {"type": "Polygon", "coordinates": [[[39.053139065653404, 7.762848680907289], [39.05303045339484, 7.763817180214353], [39.0522039071697, 7.763796856795042], [39.05148225731643, 7.763181936124036], [39.05153220666043, 7.762455472452201], [39.052244381977594, 7.762195461012556], [39.05330607709131, 7.7621184852121345], [39.053139065653404, 7.762848680907289]]]}, "properties": {"id": "d8b83d8e-4735-4380-aff0-f62c3e08e88f", "jurisdiction_code": "ET-OR", "jurisdiction_name": "Ethiopia Oromia", "class_label": "agroforestry", "agroforestry_subtype": "shade_coffee", "confidence_score": 0.901, "area_ha": 3.14, "uncertainty": 0.099, "data_origin": "synthetic", "generation_method": "scripts/generate_sample_parcels.py (v2, illustrative PoC)", "source": "Synthetic PoC generator (illustrative)", "source_year": 2022, "source_url": null, "processing_method": "PlanetScope + CNN", "model_version": "v2.3", "created_at": "2026-09-29T10:20:13.330493Z"}}, {"type": "Feature", "geometry": {"type": "Polygon", "coordinates": [[[36.50528510495895, 6.897238909743074], [36.50495982599049, 6.897402065100033], [36.504773477245145, 6.897851299681867], [36.504192675794485, 6.897614629993553], [36.50374340159108, 6.897251544630836], [36.50366820725478, 6.896918174233803], [36.504064866588834, 6.896447821863681], [36.50459713417132, 6.896403586357149], [36.50502087238415, 6.896501681482792], [36.50528510495895, 6.897238909743074]]]}, "properties": {"id": "349d08f8-09dc-49c9-9503-8124eaaa78a5", "jurisdiction_code": "ET-OR", "jurisdiction_name": "Ethiopia Oromia", "class_label": "agroforestry", "agroforestry_subtype": "forest_farming", "confidence_score": 0.903, "area_ha": 1.86, "uncertainty": 0.097, "data_origin": "synthetic", "generation_method": "scripts/generate_sample_parcels.py (v2, illustrative PoC)", "source": "Synthetic PoC generator (illustrative)", "source_year": 2020, "source_url": null, "processing_method": "PlanetScope + CNN", "model_version": "v2.9", "created_at": "2026-09-29T10:20:13.330521Z"}}, {"type": "Feature", "geometry": {"type": "Polygon", "coordinates": [[[36.89896995209426, 8.922372105064166], [36.89847302667126, 8.924352582058738], [36.896104368956856, 8.924611757778193], [36.89399918158895, 8.92374053402349], [36.89327065296135, 8.921131930118527], [36.89583018391838, 8.920104239945605], [36.89835985709581, 8.919846613791119], [36.89896995209426, 8.922372105064166]]]}, "properties": {"id": "b344f5d4-236d-4a6e-baf3-30f601c9f38e", "jurisdiction_code": "ET-OR", "jurisdiction_name": "Ethiopia Oromia", "class_label": "agroforestry", "agroforestry_subtype": "shade_coffee", "confidence_score": 0.931, "area_ha": 29.3, "uncertainty": 0.069, "data_origin": "synthetic", "generation_method": "scripts/generate_sample_parcels.py (v2, illustrative PoC)", "source": "Synthetic PoC generator (illustrative)", "source_year": 2023, "source_url": null, "processing_method": "Hybrid Remote Sensing", "model_version": "v2.4", "created_at": "2026-09-29T10:20:13.330547Z"}}, {"type": "Feature", "geometry": {"type": "Polygon", "coordinates": [[[36.252916844688606, 7.0527806442952645], [36.25305960589029, 7.054616097534255], [36.251068953008286, 7.055416898568843], [36.24880973493289, 7.055582875508705], [36.24876454131834, 7.052790656000002], [36.24900523770757, 7.051619515580859], [36.2504567022504, 7.051011438934931], [36.25186852139578, 7.051401882637017], [36.252916844688606, 7.0527806442952645]]]}, "properties": {"id": "88784289-f343-4a34-b729-15310c5be006", "jurisdiction_code": "ET-OR", "jurisdiction_name": "Ethiopia Oromia", "class_label": "agroforestry", "agroforestry_subtype": "woodlot", "confidence_score": 0.922, "area_ha": 16.59, "uncertainty": 0.078, "data_origin": "synthetic", "generation_method": "scripts/generate_sample_parcels.py (v2, illustrative PoC)", "source": "Synthetic PoC generator (illustrative)", "source_year": 2020, "source_url": null, "processing_method": "Sentinel-2 + Random Forest", "model_version": "v2.5", "created_at": "2026-09-29T10:20:13.330574Z"}}, {"type": "Feature", "geometry": {"type": "Polygon", "coordinates": [[[36.06826404300291, 8.630584275104647], [36.06682188778004, 8.6315750112751], [36.065378854016416, 8.631549772086705], [36.0658690908312, 8.630053086065363], [36.067149388585705, 8.629112942174183], [36.06826404300291, 8.630584275104647]]]}, "properties": {"id": "dab09ed3-3be3-45a3-a17a-0bc6397f797e", "jurisdiction_code": "ET-OR", "jurisdiction_name": "Ethiopia Oromia", "class_label": "agroforestry", "agroforestry_subtype": "forest_farming", "confidence_score": 0.733, "area_ha": 6.48, "uncertainty": 0.267, "data_origin": "synthetic", "generation_method": "scripts/generate_sample_parcels.py (v2, illustrative PoC)", "source": "Synthetic PoC generator (illustrative)", "source_year": 2021, "source_url": null, "processing_method": "Hybrid Remote Sensing", "model_version": "v1.2", "created_at": "2026-09-29T10:20:13.330597Z"}}, {"type": "Feature", "geometry": {"type": "Polygon", "coordinates": [[[38.498881766216854, 9.036051034799076], [38.49920723207158, 9.038142751727051], [38.49631832511059, 9.038844705417688], [38.49512986887655, 9.039484864684233], [38.494281819998214, 9.037711155978288], [38.49313661365832, 9.035643345572101], [38.4947906437866, 9.034775089069589], [38.49649743458582, 9.0339383348056], [38.49847775699485, 9.035140812617545], [38.498881766216854, 9.036051034799076]]]}, "properties": {"id": "4c941764-2413-43ca-b3e1-9f11d8bae0a1", "jurisdiction_code": "ET-OR", "jurisdiction_name": "Ethiopia Oromia", "class_label": "agroforestry", "agroforestry_subtype": "woodlot", "confidence_score": 0.747, "area_ha": 29.36, "uncertainty": 0.253, "data_origin": "synthetic", "generation_method": "scripts/generate_sample_parcels.py (v2, illustrative PoC)", "source": "Synthetic PoC generator (illustrative)", "source_year": 2024, "source_url": null, "processing_method": "Hybrid Remote Sensing", "model_version": "v2.1", "created_at": "2026-09-29T10:20:13.330625Z"}}, {"type": "Feature", "geometry": {"type": "Polygon", "coordinates": [[[37.33207181537708, 7.7856251164479335], [37.330644202103024, 7.787473067710593], [37.32985565626817, 7.788768027563009], [37.32821387311515, 7.7887133037866265], [37.327221947200144, 7.787643912625711], [37.32685532003002, 7.786136418755986], [37.326812296466294, 7.783973853315129], [37.328423319423145, 7.782771262980491], [37.33003443357026, 7.783678554505856], [37.33085829714472, 7.784721131740073], [37.33207181537708, 7.7856251164479335]]]}, "properties": {"id": "24df054e-55f0-4793-9511-5256decdd691", "jurisdiction_code": "ET-OR", "jurisdiction_name": "Ethiopia Oromia", "class_label": "agroforestry", "agroforestry_subtype": "shade_coffee", "confidence_score": 0.732, "area_ha": 29.05, "uncertainty": 0.268, "data_origin": "synthetic", "generation_method": "scripts/generate_sample_parcels.py (v2, illustrative PoC)", "source": "Synthetic PoC generator (illustrative)", "source_year": 2024, "source_url": null, "processing_method": "GEDI LiDAR + ML", "model_version": "v3.5", "created_at": "2026-09-29T10:20:13.330653Z"}}, {"type": "Feature", "geometry": {"type": "Polygon", "coordinates": [[[37.518480135274984, 7.995507373298503], [37.51862278625924, 7.9976515339435394], [37.516493964296345, 7.997264971832471], [37.51437428917562, 7.9961956359639155], [37.51454127627281, 7.993984678543659], [37.515983879790674, 7.993736720283572], [37.51758912611904, 7.994284431422131], [37.518480135274984, 7.995507373298503]]]}, "properties": {"id": "de9e9544-cdb1-4b39-9b41-996fd032c762", "jurisdiction_code": "ET-OR", "jurisdiction_name": "Ethiopia Oromia", "class_label": "agroforestry", "agroforestry_subtype": "shade_coffee", "confidence_score": 0.944, "area_ha": 12.2, "uncertainty": 0.056, "data_origin": "synthetic", "generation_method": "scripts/generate_sample_parcels.py (v2, illustrative PoC)", "source": "Synthetic PoC generator (illustrative)", "source_year": 2020, "source_url": null, "processing_method": "Hybrid Remote Sensing", "model_version": "v3.0", "created_at": "2026-09-29T10:20:13.330679Z"}}, {"type": "Feature", "geometry": {"type": "Polygon", "coordinates": [[[39.3006492906213, 7.065874817846968], [39.3002638668573, 7.0667891716720685], [39.29947340664699, 7.067742837277712], [39.29819325492566, 7.067336947878684], [39.29729899759591, 7.0662170945002805], [39.2972260284323, 7.064744534019955], [39.29805273409574, 7.064441917925388], [39.299091905353684, 7.063469165736153], [39.30096756401658, 7.064599273492083], [39.3006492906213, 7.065874817846968]]]}, "properties": {"id": "d5d2772c-0f10-4824-b8eb-945b711c510b", "jurisdiction_code": "ET-OR", "jurisdiction_name": "Ethiopia Oromia", "class_label": "agroforestry", "agroforestry_subtype": "shade_coffee", "confidence_score": 0.716, "area_ha": 16.6, "uncertainty": 0.284, "data_origin": "synthetic", "generation_method": "scripts/generate_sample_parcels.py (v2, illustrative PoC)", "source": "Synthetic PoC generator (illustrative)", "source_year": 2023, "source_url": null, "processing_method": "Hybrid Remote Sensing", "model_version": "v2.3", "created_at": "2026-09-29T10:20:13.330712Z"}}, {"type": "Feature", "geometry": {"type": "Polygon", "coordinates": [[[35.62968631923318, 8.580779846773968], [35.62942890698358, 8.582491780121313], [35.62863792326367, 8.58364068478437], [35.626240226973486, 8.583987814543537], [35.62503449271041, 8.581857235531983], [35.62560617633918, 8.580748289442973], [35.62678060459723, 8.578460211233713], [35.62816700395216, 8.578463388176115], [35.629472101445344, 8.579129501090604], [35.62968631923318, 8.580779846773968]]]}, "properties": {"id": "6aa3b452-b8f9-4470-b03d-79c0195a817b", "jurisdiction_code": "ET-OR", "jurisdiction_name": "Ethiopia Oromia", "class_label": "agroforestry", "agroforestry_subtype": "forest_farming", "confidence_score": 0.94, "area_ha": 23.07, "uncertainty": 0.06, "data_origin": "synthetic", "generation_method": "scripts/generate_sample_parcels.py (v2, illustrative PoC)", "source": "Synthetic PoC generator (illustrative)", "source_year": 2024, "source_url": null, "processing_method": "PlanetScope + CNN", "model_version": "v2.5", "created_at": "2026-09-29T10:20:13.330741Z"}}, {"type": "Feature", "geometry": {"type": "Polygon", "coordinates": [[[36.70863913573857, 8.43299926330269], [36.70780932155077, 8.435094837426437], [36.70583600238084, 8.434553703156856], [36.70460019031636, 8.432923185130194], [36.70616369849875, 8.4317547110688], [36.70768281902404, 8.431680683599232], [36.70863913573857, 8.43299926330269]]]}, "properties": {"id": "f0af6e0d-dd2a-445e-966d-bcbb065c17f5", "jurisdiction_code": "ET-OR", "jurisdiction_name": "Ethiopia Oromia", "class_label": "agroforestry", "agroforestry_subtype": "woodlot", "confidence_score": 0.719, "area_ha": 11.33, "uncertainty": 0.281, "data_origin": "synthetic", "generation_method": "scripts/generate_sample_parcels.py (v2, illustrative PoC)", "source": "Synthetic PoC generator (illustrative)", "source_year": 2024, "source_url": null, "processing_method": "PlanetScope + CNN", "model_version": "v1.4", "created_at": "2026-09-29T10:20:13.330765Z"}}, {"type": "Feature", "geometry": {"type": "Polygon", "coordinates": [[[36.02889020621851, 8.659703296531765], [36.02757225292099, 8.661312866408482], [36.025137803406565, 8.661738377580667], [36.02443251184704, 8.660609849393563], [36.0244733729051, 8.658219374972864], [36.02574335075692, 8.656917196503915], [36.02704827371382, 8.657986732898488], [36.02889020621851, 8.659703296531765]]]}, "properties": {"id": "52cbcdf4-4a6a-4cc6-9e0f-e328f13f21ea", "jurisdiction_code": "ET-OR", "jurisdiction_name": "Ethiopia Oromia", "class_label": "agroforestry", "agroforestry_subtype": "woodlot", "confidence_score": 0.738, "area_ha": 20.62, "uncertainty": 0.262, "data_origin": "synthetic", "generation_method": "scripts/generate_sample_parcels.py (v2, illustrative PoC)", "source": "Synthetic PoC generator (illustrative)", "source_year": 2024, "source_url": null, "processing_method": "Hybrid Remote Sensing", "model_version": "v2.8", "created_at": "2026-09-29T10:20:13.330790Z"}}, {"type": "Feature", "geometry": {"type": "Polygon", "coordinates": [[[38.36302629794855, 6.7878076687489], [38.362368714699386, 6.789292865295352], [38.36022081200366, 6.788729774924777], [38.36070537590056, 6.7867451451007135], [38.36188363946135, 6.786150543031909], [38.36302629794855, 6.7878076687489]]]}, "properties": {"id": "dd9f9763-b8bc-4152-8522-93770243d0d6", "jurisdiction_code": "ET-OR", "jurisdiction_name": "Ethiopia Oromia", "class_label": "agroforestry", "agroforestry_subtype": "shade_coffee", "confidence_score": 0.747, "area_ha": 8.77, "uncertainty": 0.253, "data_origin": "synthetic", "generation_method": "scripts/generate_sample_parcels.py (v2, illustrative PoC)", "source": "Synthetic PoC generator (illustrative)", "source_year": 2023, "source_url": null, "processing_method": "Hybrid Remote Sensing", "model_version": "v1.7", "created_at": "2026-09-29T10:20:13.330814Z"}}, {"type": "Feature", "geometry": {"type": "Polygon", "coordinates": [[[36.477276031956904, 7.022985244685039], [36.474749415884155, 7.025552591417986], [36.47215831481935, 7.024956106709779], [36.4716101031676, 7.021878858771985], [36.4751263243944, 7.020946985131158], [36.477276031956904, 7.022985244685039]]]}, "properties": {"id": "b64d098e-519e-414a-b881-256993672502", "jurisdiction_code": "ET-OR", "jurisdiction_name": "Ethiopia Oromia", "class_label": "agroforestry", "agroforestry_subtype": "shade_coffee", "confidence_score": 0.71, "area_ha": 22.74, "uncertainty": 0.29, "data_origin": "synthetic", "generation_method": "scripts/generate_sample_parcels.py (v2, illustrative PoC)", "source": "Synthetic PoC generator (illustrative)", "source_year": 2020, "source_url": null, "processing_method": "Sentinel-2 + Random Forest", "model_version": "v1.2", "created_at": "2026-09-29T10:20:13.330837Z"}}, {"type": "Feature", "geometry": {"type": "Polygon", "coordinates": [[[-6.1955196309212575, 39.884662703954305], [-6.196667028590851, 39.88657592069549], [-6.1996444325201, 39.88607970892944], [-6.202095263299601, 39.88513082407716], [-6.201260238940986, 39.8837818345476], [-6.19960548469788, 39.88289405583303], [-6.19735105284083, 39.883086583692176], [-6.1955196309212575, 39.884662703954305]]]}, "properties": {"id": "eb63471b-efbd-4546-91e7-c472ab6dc726", "jurisdiction_code": "ES-EX", "jurisdiction_name": "Spain Extremadura", "class_label": "agroforestry", "agroforestry_subtype": "dehesa", "confidence_score": 0.658, "area_ha": 14.11, "uncertainty": 0.342, "data_origin": "synthetic", "generation_method": "scripts/generate_sample_parcels.py (v2, illustrative PoC)", "source": "Synthetic PoC generator (illustrative)", "source_year": 2021, "source_url": null, "processing_method": "Sentinel-2 + Random Forest", "model_version": "v3.7", "created_at": "2026-09-29T10:20:13.330869Z"}}, {"type": "Feature", "geometry": {"type": "Polygon", "coordinates": [[[-6.4759700450412945, 38.466809757422645], [-6.481538118221987, 38.4722733402281], [-6.4844608803020405, 38.47630066183347], [-6.4941946845122445, 38.47483912855537], [-6.497122381909356, 38.46834120200009], [-6.494912737171583, 38.4615570309598], [-6.4865469348487474, 38.46101602015585], [-6.480298505101779, 38.462075274610704], [-6.4759700450412945, 38.466809757422645]]]}, "properties": {"id": "06766d03-f1b0-45b8-84b4-0f031cce616b", "jurisdiction_code": "ES-EX", "jurisdiction_name": "Spain Extremadura", "class_label": "agroforestry", "agroforestry_subtype": "silvopasture", "confidence_score": 0.9, "area_ha": 234.58, "uncertainty": 0.1, "data_origin": "synthetic", "generation_method": "scripts/generate_sample_parcels.py (v2, illustrative PoC)", "source": "Synthetic PoC generator (illustrative)", "source_year": 2022, "source_url": null, "processing_method": "PlanetScope + CNN", "model_version": "v1.8", "created_at": "2026-09-29T10:20:13.330896Z"}}, {"type": "Feature", "geometry": {"type": "Polygon", "coordinates": [[[-6.88379649028297, 39.63906085944841], [-6.886189412589129, 39.64785347531853], [-6.895423310809448, 39.648790268493194], [-6.901734385940602, 39.64587403668135], [-6.911214007612692, 39.64308078129783], [-6.907777304985745, 39.63745249167236], [-6.903159446994589, 39.627708088718194], [-6.892687233106914, 39.62832868049575], [-6.884278314707096, 39.633960941550455], [-6.88379649028297, 39.63906085944841]]]}, "properties": {"id": "22520bb2-0c30-457f-bafc-29337acc3bfd", "jurisdiction_code": "ES-EX", "jurisdiction_name": "Spain Extremadura", "class_label": "agroforestry", "agroforestry_subtype": "silvopasture", "confidence_score": 0.657, "area_ha": 422.66, "uncertainty": 0.343, "data_origin": "synthetic", "generation_method": "scripts/generate_sample_parcels.py (v2, illustrative PoC)", "source": "Synthetic PoC generator (illustrative)", "source_year": 2023, "source_url": null, "processing_method": "Hybrid Remote Sensing", "model_version": "v1.5", "created_at": "2026-09-29T10:20:13.330924Z"}}, {"type": "Feature", "geometry": {"type": "Polygon", "coordinates": [[[-7.2807693950583445, 38.92387922914883], [-7.283772481771657, 38.92966404435995], [-7.288886139623874, 38.92808466917047], [-7.2915764608016564, 38.926007309138974], [-7.2927311016622225, 38.922778831828616], [-7.288326544897653, 38.92034072473753], [-7.284694841633599, 38.921518794155205], [-7.2807693950583445, 38.92387922914883]]]}, "properties": {"id": "3b9ce4a2-e5c7-4abf-9fb1-a66fc884103f", "jurisdiction_code": "ES-EX", "jurisdiction_name": "Spain Extremadura", "class_label": "agroforestry", "agroforestry_subtype": "montado", "confidence_score": 0.632, "area_ha": 73.97, "uncertainty": 0.368, "data_origin": "synthetic", "generation_method": "scripts/generate_sample_parcels.py (v2, illustrative PoC)", "source": "Synthetic PoC generator (illustrative)", "source_year": 2021, "source_url": null, "processing_method": "Hybrid Remote Sensing", "model_version": "v3.8", "created_at": "2026-09-29T10:20:13.330949Z"}}, {"type": "Feature", "geometry": {"type": "Polygon", "coordinates": [[[-6.536994121503164, 40.27753810095319], [-6.540742853208045, 40.282360638681126], [-6.547195409335131, 40.28204532317441], [-6.551566265377544, 40.278149270015724], [-6.547462979330928, 40.27438970452201], [-6.54213908289946, 40.275108506830314], [-6.536994121503164, 40.27753810095319]]]}, "properties": {"id": "dd850f94-ba57-4285-88d5-3dcee5356573", "jurisdiction_code": "ES-EX", "jurisdiction_name": "Spain Extremadura", "class_label": "agroforestry", "agroforestry_subtype": "montado", "confidence_score": 0.636, "area_ha": 70.08, "uncertainty": 0.364, "data_origin": "synthetic", "generation_method": "scripts/generate_sample_parcels.py (v2, illustrative PoC)", "source": "Synthetic PoC generator (illustrative)", "source_year": 2021, "source_url": null, "processing_method": "GEDI LiDAR + ML", "model_version": "v1.8", "created_at": "2026-09-29T10:20:13.330974Z"}}, {"type": "Feature", "geometry": {"type": "Polygon", "coordinates": [[[-6.491444868380601, 39.52498997763721], [-6.4930057740633655, 39.52683253240931], [-6.494963207733871, 39.52855551234401], [-6.499615919772302, 39.52679316257864], [-6.500566490957757, 39.52399787196551], [-6.498625851388251, 39.52254276063154], [-6.495264218238679, 39.521330767452774], [-6.491706486066512, 39.52259593022997], [-6.491444868380601, 39.52498997763721]]]}, "properties": {"id": "e059b4b0-fe5c-4e46-bea6-e423974cd25a", "jurisdiction_code": "ES-EX", "jurisdiction_name": "Spain Extremadura", "class_label": "agroforestry", "agroforestry_subtype": "dehesa", "confidence_score": 0.613, "area_ha": 47.48, "uncertainty": 0.387, "data_origin": "synthetic", "generation_method": "scripts/generate_sample_parcels.py (v2, illustrative PoC)", "source": "Synthetic PoC generator (illustrative)", "source_year": 2023, "source_url": null, "processing_method": "PlanetScope + CNN", "model_version": "v3.4", "created_at": "2026-09-29T10:20:13.331001Z"}}, {"type": "Feature", "geometry": {"type": "Polygon", "coordinates": [[[-5.798909845530442, 39.95227611464279], [-5.805815097719687, 39.956040723212716], [-5.812533914407474, 39.95392865590288], [-5.813680115142066, 39.94787209854531], [-5.804956919172625, 39.94421146175735], [-5.798909845530442, 39.95227611464279]]]}, "properties": {"id": "296c3edb-6ead-4c6e-8671-d405f15e8904", "jurisdiction_code": "ES-EX", "jurisdiction_name": "Spain Extremadura", "class_label": "agroforestry", "agroforestry_subtype": "dehesa", "confidence_score": 0.68, "area_ha": 134.33, "uncertainty": 0.32, "data_origin": "synthetic", "generation_method": "scripts/generate_sample_parcels.py (v2, illustrative PoC)", "source": "Synthetic PoC generator (illustrative)", "source_year": 2023, "source_url": null, "processing_method": "Sentinel-2 + Random Forest", "model_version": "v2.5", "created_at": "2026-09-29T10:20:13.331024Z"}}, {"type": "Feature", "geometry": {"type": "Polygon", "coordinates": [[[-5.8528381997207495, 39.0134999963145], [-5.853349378466866, 39.01793051607602], [-5.858991925920719, 39.01892782502892], [-5.864824278355041, 39.01696445185386], [-5.866640780314646, 39.01141762276744], [-5.8659185353129715, 39.006869011238514], [-5.860745933037812, 39.00732012540966], [-5.854291013659698, 39.00817226307746], [-5.8528381997207495, 39.0134999963145]]]}, "properties": {"id": "b7127f4b-e08b-4a36-9eab-30f5a336a6e6", "jurisdiction_code": "ES-EX", "jurisdiction_name": "Spain Extremadura", "class_label": "agroforestry", "agroforestry_subtype": "dehesa", "confidence_score": 0.633, "area_ha": 142.81, "uncertainty": 0.367, "data_origin": "synthetic", "generation_method": "scripts/generate_sample_parcels.py (v2, illustrative PoC)", "source": "Synthetic PoC generator (illustrative)", "source_year": 2021, "source_url": null, "processing_method": "PlanetScope + CNN", "model_version": "v1.0", "created_at": "2026-09-29T10:20:13.331078Z"}}, {"type": "Feature", "geometry": {"type": "Polygon", "coordinates": [[[-6.27447591729504, 40.46952382933738], [-6.275940844355375, 40.471005378541726], [-6.2770719533296155, 40.47210688194071], [-6.279500918181664, 40.472393313353685], [-6.280186411215926, 40.4707024113019], [-6.281409219856907, 40.46913691850813], [-6.278943829703831, 40.4681506862124], [-6.277668424594104, 40.468012105227295], [-6.274742150524396, 40.468537778972895], [-6.27447591729504, 40.46952382933738]]]}, "properties": {"id": "18c3ea66-5d06-4f95-bc1a-793a0d258ff0", "jurisdiction_code": "ES-EX", "jurisdiction_name": "Spain Extremadura", "class_label": "agroforestry", "agroforestry_subtype": "silvopasture", "confidence_score": 0.904, "area_ha": 25.05, "uncertainty": 0.096, "data_origin": "synthetic", "generation_method": "scripts/generate_sample_parcels.py (v2, illustrative PoC)", "source": "Synthetic PoC generator (illustrative)", "source_year": 2021, "source_url": null, "processing_method": "PlanetScope + CNN", "model_version": "v3.9", "created_at": "2026-09-29T10:20:13.331105Z"}}, {"type": "Feature", "geometry": {"type": "Polygon", "coordinates": [[[-5.808669448533753, 39.52839570904222], [-5.81461810681932, 39.53212327235658], [-5.818982431398913, 39.53651533789904], [-5.824521421967695, 39.534142488285624], [-5.829110382074484, 39.5306675344158], [-5.834315791083894, 39.52564690189618], [-5.825671924254736, 39.5209504443196], [-5.8203825208296776, 39.52013723589698], [-5.813296191829796, 39.52382023684971], [-5.808669448533753, 39.52839570904222]]]}, "properties": {"id": "c4adb8cc-3a6a-4e5f-8990-0a19a95dd375", "jurisdiction_code": "ES-EX", "jurisdiction_name": "Spain Extremadura", "class_label": "agroforestry", "agroforestry_subtype": "silvopasture", "confidence_score": 0.616, "area_ha": 281.15, "uncertainty": 0.384, "data_origin": "synthetic", "generation_method": "scripts/generate_sample_parcels.py (v2, illustrative PoC)", "source": "Synthetic PoC generator (illustrative)", "source_year": 2023, "source_url": null, "processing_method": "GEDI LiDAR + ML", "model_version": "v1.0", "created_at": "2026-09-29T10:20:13.331133Z"}}, {"type": "Feature", "geometry": {"type": "Polygon", "coordinates": [[[-6.6502626789909565, 38.404354555479976], [-6.652980100188185, 38.40590857328492], [-6.6543372274201245, 38.40717931970115], [-6.656097815724506, 38.40571102537158], [-6.6584635798230085, 38.404198207707424], [-6.656858942977613, 38.4027288043515], [-6.6540066996305915, 38.40112188676363], [-6.6513133891889, 38.40223851295872], [-6.6502626789909565, 38.404354555479976]]]}, "properties": {"id": "690c87ec-5b2c-477f-b8f5-8c6e4fe1d5b1", "jurisdiction_code": "ES-EX", "jurisdiction_name": "Spain Extremadura", "class_label": "agroforestry", "agroforestry_subtype": "dehesa", "confidence_score": 0.903, "area_ha": 35.39, "uncertainty": 0.097, "data_origin": "synthetic", "generation_method": "scripts/generate_sample_parcels.py (v2, illustrative PoC)", "source": "Synthetic PoC generator (illustrative)", "source_year": 2024, "source_url": null, "processing_method": "Hybrid Remote Sensing", "model_version": "v2.3", "created_at": "2026-09-29T10:20:13.331160Z"}}, {"type": "Feature", "geometry": {"type": "Polygon", "coordinates": [[[-6.740171179807918, 39.210506533134925], [-6.741577942936206, 39.213933994082986], [-6.747467528521807, 39.21641967163189], [-6.7535919607291355, 39.215487559595395], [-6.756966383032945, 39.21276273548671], [-6.753241037019232, 39.207743209868305], [-6.751285727490914, 39.20385176633629], [-6.746796452917178, 39.20486305784212], [-6.741291453432256, 39.20459247846486], [-6.740171179807918, 39.210506533134925]]]}, "properties": {"id": "8f17cb83-3dae-4e24-81d9-d22d84362c0d", "jurisdiction_code": "ES-EX", "jurisdiction_name": "Spain Extremadura", "class_label": "agroforestry", "agroforestry_subtype": "dehesa", "confidence_score": 0.607, "area_ha": 166.61, "uncertainty": 0.393, "data_origin": "synthetic", "generation_method": "scripts/generate_sample_parcels.py (v2, illustrative PoC)", "source": "Synthetic PoC generator (illustrative)", "source_year": 2020, "source_url": null, "processing_method": "GEDI LiDAR + ML", "model_version": "v3.5", "created_at": "2026-09-29T10:20:13.331188Z"}}, {"type": "Feature", "geometry": {"type": "Polygon", "coordinates": [[[-6.6566772571490045, 39.61050521722076], [-6.660137499679989, 39.61281402890541], [-6.663842395511264, 39.61457726871084], [-6.66551559935757, 39.61153337149445], [-6.666206347377004, 39.60912185414035], [-6.663612276605966, 39.606954640492], [-6.6596939215485, 39.6078108752131], [-6.6566772571490045, 39.61050521722076]]]}, "properties": {"id": "688a2e55-41f6-4131-b147-03ff99356248", "jurisdiction_code": "ES-EX", "jurisdiction_name": "Spain Extremadura", "class_label": "agroforestry", "agroforestry_subtype": "montado", "confidence_score": 0.928, "area_ha": 60.77, "uncertainty": 0.072, "data_origin": "synthetic", "generation_method": "scripts/generate_sample_parcels.py (v2, illustrative PoC)", "source": "Synthetic PoC generator (illustrative)", "source_year": 2020, "source_url": null, "processing_method": "Sentinel-2 + Random Forest", "model_version": "v2.7", "created_at": "2026-09-29T10:20:13.331213Z"}}, {"type": "Feature", "geometry": {"type": "Polygon", "coordinates": [[[-6.61767747751378, 39.65285145250787], [-6.621845489131069, 39.66014878959933], [-6.630856374331085, 39.65776928251804], [-6.631670239447338, 39.64926920063448], [-6.622592033895543, 39.64676145609192], [-6.61767747751378, 39.65285145250787]]]}, "properties": {"id": "c0f4fac8-8a48-4a62-ba48-bc5bc1624f4d", "jurisdiction_code": "ES-EX", "jurisdiction_name": "Spain Extremadura", "class_label": "agroforestry", "agroforestry_subtype": "dehesa", "confidence_score": 0.942, "area_ha": 126.16, "uncertainty": 0.058, "data_origin": "synthetic", "generation_method": "scripts/generate_sample_parcels.py (v2, illustrative PoC)", "source": "Synthetic PoC generator (illustrative)", "source_year": 2020, "source_url": null, "processing_method": "Hybrid Remote Sensing", "model_version": "v1.4", "created_at": "2026-09-29T10:20:13.331237Z"}}, {"type": "Feature", "geometry": {"type": "Polygon", "coordinates": [[[-5.076393527710507, 40.278907798117395], [-5.077149742338956, 40.284285884951544], [-5.085744217360017, 40.28590528300312], [-5.091703654145402, 40.28199297196338], [-5.093553301845318, 40.2794252873455], [-5.092864620475462, 40.272294614859206], [-5.08323898916055, 40.27012889266741], [-5.076163058146773, 40.27332875300059], [-5.076393527710507, 40.278907798117395]]]}, "properties": {"id": "44f3b48e-4901-452a-9702-bbd37eb32202", "jurisdiction_code": "ES-EX", "jurisdiction_name": "Spain Extremadura", "class_label": "agroforestry", "agroforestry_subtype": "montado", "confidence_score": 0.933, "area_ha": 183.93, "uncertainty": 0.067, "data_origin": "synthetic", "generation_method": "scripts/generate_sample_parcels.py (v2, illustrative PoC)", "source": "Synthetic PoC generator (illustrative)", "source_year": 2024, "source_url": null, "processing_method": "GEDI LiDAR + ML", "model_version": "v3.7", "created_at": "2026-09-29T10:20:13.331264Z"}}, {"type": "Feature", "geometry": {"type": "Polygon", "coordinates": [[[-5.636075165926092, 39.824323047500854], [-5.6436480662683115, 39.82703070024449], [-5.649133770887938, 39.832309474138086], [-5.655413213059402, 39.82879494034315], [-5.659968500640532, 39.82477976592249], [-5.656142229515651, 39.82068301533177], [-5.653132791951582, 39.813943663011464], [-5.648988459376073, 39.81611691418492], [-5.641914916945798, 39.818235570746396], [-5.636075165926092, 39.824323047500854]]]}, "properties": {"id": "93d839a6-3db9-4201-b5ef-c583634a2236", "jurisdiction_code": "ES-EX", "jurisdiction_name": "Spain Extremadura", "class_label": "agroforestry", "agroforestry_subtype": "silvopasture", "confidence_score": 0.619, "area_ha": 316.04, "uncertainty": 0.381, "data_origin": "synthetic", "generation_method": "scripts/generate_sample_parcels.py (v2, illustrative PoC)", "source": "Synthetic PoC generator (illustrative)", "source_year": 2024, "source_url": null, "processing_method": "Hybrid Remote Sensing", "model_version": "v3.1", "created_at": "2026-09-29T10:20:13.331292Z"}}, {"type": "Feature", "geometry": {"type": "Polygon", "coordinates": [[[-7.216778608960066, 39.403205114521825], [-7.221428966717644, 39.40960192881677], [-7.228290465340929, 39.40989181970415], [-7.2332156529930485, 39.406183376150956], [-7.232372649050729, 39.401157340402285], [-7.22816751995938, 39.39935785612879], [-7.222912795264615, 39.397998044843774], [-7.216778608960066, 39.403205114521825]]]}, "properties": {"id": "d01d4c38-c0f4-4a3f-bc23-030b6ab21014", "jurisdiction_code": "ES-EX", "jurisdiction_name": "Spain Extremadura", "class_label": "agroforestry", "agroforestry_subtype": "silvopasture", "confidence_score": 0.647, "area_ha": 155.21, "uncertainty": 0.353, "data_origin": "synthetic", "generation_method": "scripts/generate_sample_parcels.py (v2, illustrative PoC)", "source": "Synthetic PoC generator (illustrative)", "source_year": 2023, "source_url": null, "processing_method": "PlanetScope + CNN", "model_version": "v2.1", "created_at": "2026-09-29T10:20:13.331317Z"}}, {"type": "Feature", "geometry": {"type": "Polygon", "coordinates": [[[-7.395584423376287, 40.0069302521811], [-7.398297365004775, 40.00925886516518], [-7.401786756340351, 40.01024556721694], [-7.402812578992429, 40.00783852843464], [-7.403395304847692, 40.0051369179424], [-7.400488578711015, 40.00313060900706], [-7.397995100152631, 40.0051808941289], [-7.395584423376287, 40.0069302521811]]]}, "properties": {"id": "a40861f7-e657-4b01-b94a-bc0b9b30fddc", "jurisdiction_code": "ES-EX", "jurisdiction_name": "Spain Extremadura", "class_label": "agroforestry", "agroforestry_subtype": "silvopasture", "confidence_score": 0.603, "area_ha": 36.36, "uncertainty": 0.397, "data_origin": "synthetic", "generation_method": "scripts/generate_sample_parcels.py (v2, illustrative PoC)", "source": "Synthetic PoC generator (illustrative)", "source_year": 2024, "source_url": null, "processing_method": "Sentinel-2 + Random Forest", "model_version": "v2.7", "created_at": "2026-09-29T10:20:13.331343Z"}}, {"type": "Feature", "geometry": {"type": "Polygon", "coordinates": [[[-5.973978791555381, 39.74137430279238], [-5.979874306360835, 39.747701531390994], [-5.988736327276111, 39.74509442455567], [-5.986708202665232, 39.73861466249703], [-5.979736473316378, 39.73758161951298], [-5.973978791555381, 39.74137430279238]]]}, "properties": {"id": "3fcc7b66-bd5d-4cef-8f5b-8e6a9271016b", "jurisdiction_code": "ES-EX", "jurisdiction_name": "Spain Extremadura", "class_label": "agroforestry", "agroforestry_subtype": "dehesa", "confidence_score": 0.914, "area_ha": 94.22, "uncertainty": 0.086, "data_origin": "synthetic", "generation_method": "scripts/generate_sample_parcels.py (v2, illustrative PoC)", "source": "Synthetic PoC generator (illustrative)", "source_year": 2022, "source_url": null, "processing_method": "GEDI LiDAR + ML", "model_version": "v1.9", "created_at": "2026-09-29T10:20:13.331367Z"}}, {"type": "Feature", "geometry": {"type": "Polygon", "coordinates": [[[-6.102592292569252, 40.4806878134443], [-6.103936694199516, 40.48338920085329], [-6.106615889997486, 40.4845278059127], [-6.109787195072197, 40.485763190455486], [-6.1114115973402985, 40.48283545258484], [-6.11146071627149, 40.48073638472425], [-6.111829059657818, 40.477796023201726], [-6.108728461580479, 40.477894956693795], [-6.105568001725836, 40.47705483286704], [-6.10409506767672, 40.47881931975593], [-6.102592292569252, 40.4806878134443]]]}, "properties": {"id": "b3e93418-9db2-4918-a3cf-7b52939cde0e", "jurisdiction_code": "ES-EX", "jurisdiction_name": "Spain Extremadura", "class_label": "agroforestry", "agroforestry_subtype": "silvopasture", "confidence_score": 0.65, "area_ha": 61.56, "uncertainty": 0.35, "data_origin": "synthetic", "generation_method": "scripts/generate_sample_parcels.py (v2, illustrative PoC)", "source": "Synthetic PoC generator (illustrative)", "source_year": 2024, "source_url": null, "processing_method": "GEDI LiDAR + ML", "model_version": "v1.7", "created_at": "2026-09-29T10:20:13.331396Z"}}, {"type": "Feature", "geometry": {"type": "Polygon", "coordinates": [[[-5.256734591153357, 38.16986988324639], [-5.260456407035525, 38.1727389682523], [-5.2653833192784125, 38.17259070089615], [-5.26437915022456, 38.16738806274846], [-5.259974037692022, 38.16583185554521], [-5.256734591153357, 38.16986988324639]]]}, "properties": {"id": "2beaf9f4-41e6-46f7-90d0-525d82b11982", "jurisdiction_code": "ES-EX", "jurisdiction_name": "Spain Extremadura", "class_label": "agroforestry", "agroforestry_subtype": "montado", "confidence_score": 0.605, "area_ha": 38.41, "uncertainty": 0.395, "data_origin": "synthetic", "generation_method": "scripts/generate_sample_parcels.py (v2, illustrative PoC)", "source": "Synthetic PoC generator (illustrative)", "source_year": 2024, "source_url": null, "processing_method": "Hybrid Remote Sensing", "model_version": "v3.0", "created_at": "2026-09-29T10:20:13.331419Z"}}, {"type": "Feature", "geometry": {"type": "Polygon", "coordinates": [[[-5.293355260491007, 39.816835450763264], [-5.295578937893857, 39.81907122999902], [-5.298599100426936, 39.82119669502955], [-5.30181598942427, 39.82235103848307], [-5.30510696385483, 39.81859216472095], [-5.307264078897887, 39.81520288258124], [-5.301486301905082, 39.81165499372124], [-5.296676849217069, 39.8096390831476], [-5.292103526202117, 39.81311652156244], [-5.293355260491007, 39.816835450763264]]]}, "properties": {"id": "41eb8218-5c33-47f6-a49e-6f214c428d1b", "jurisdiction_code": "ES-EX", "jurisdiction_name": "Spain Extremadura", "class_label": "agroforestry", "agroforestry_subtype": "montado", "confidence_score": 0.683, "area_ha": 113.79, "uncertainty": 0.317, "data_origin": "synthetic", "generation_method": "scripts/generate_sample_parcels.py (v2, illustrative PoC)", "source": "Synthetic PoC generator (illustrative)", "source_year": 2020, "source_url": null, "processing_method": "Hybrid Remote Sensing", "model_version": "v3.0", "created_at": "2026-09-29T10:20:13.331447Z"}}, {"type": "Feature", "geometry": {"type": "Polygon", "coordinates": [[[-6.231922490489058, 39.52130925485631], [-6.234009055032224, 39.525803020018486], [-6.237577480355445, 39.526061091216796], [-6.243175577557658, 39.525901638711545], [-6.247428951397444, 39.52460878259536], [-6.249130586281116, 39.51949425023902], [-6.242044671819502, 39.51707942479206], [-6.237639470811456, 39.513577401092654], [-6.233431644087073, 39.516880853304855], [-6.231922490489058, 39.52130925485631]]]}, "properties": {"id": "f387eacb-d349-4870-b347-097e0d242e4f", "jurisdiction_code": "ES-EX", "jurisdiction_name": "Spain Extremadura", "class_label": "agroforestry", "agroforestry_subtype": "dehesa", "confidence_score": 0.945, "area_ha": 171.82, "uncertainty": 0.055, "data_origin": "synthetic", "generation_method": "scripts/generate_sample_parcels.py (v2, illustrative PoC)", "source": "Synthetic PoC generator (illustrative)", "source_year": 2024, "source_url": null, "processing_method": "PlanetScope + CNN", "model_version": "v2.1", "created_at": "2026-09-29T10:20:13.331475Z"}}, {"type": "Feature", "geometry": {"type": "Polygon", "coordinates": [[[-5.22507372168759, 38.86579721094167], [-5.227375161194644, 38.86802241215008], [-5.232122873052727, 38.871169936201724], [-5.237442066434374, 38.87011213192354], [-5.239226456020477, 38.8646794397559], [-5.237690048399073, 38.86137851245702], [-5.231646896798382, 38.85911432177364], [-5.226223356040966, 38.86229241615892], [-5.22507372168759, 38.86579721094167]]]}, "properties": {"id": "f62e6ac9-4715-4019-a034-984c478aace7", "jurisdiction_code": "ES-EX", "jurisdiction_name": "Spain Extremadura", "class_label": "agroforestry", "agroforestry_subtype": "dehesa", "confidence_score": 0.667, "area_ha": 143.39, "uncertainty": 0.333, "data_origin": "synthetic", "generation_method": "scripts/generate_sample_parcels.py (v2, illustrative PoC)", "source": "Synthetic PoC generator (illustrative)", "source_year": 2023, "source_url": null, "processing_method": "GEDI LiDAR + ML", "model_version": "v3.4", "created_at": "2026-09-29T10:20:13.331502Z"}}, {"type": "Feature", "geometry": {"type": "Polygon", "coordinates": [[[-6.866878942832462, 40.009423737482585], [-6.86774242545919, 40.01205887223108], [-6.87354113060095, 40.01472601604435], [-6.877202146486373, 40.014491084342616], [-6.880771304822337, 40.011639363360594], [-6.883799241926538, 40.00765171439325], [-6.882928659333184, 40.005051442924035], [-6.878350103350426, 40.0045659563134], [-6.873846301757494, 40.00174986127751], [-6.8688041140916205, 40.00518281671936], [-6.866878942832462, 40.009423737482585]]]}, "properties": {"id": "40f8cea4-a17c-44eb-85c4-8c71f59d47c6", "jurisdiction_code": "ES-EX", "jurisdiction_name": "Spain Extremadura", "class_label": "agroforestry", "agroforestry_subtype": "silvopasture", "confidence_score": 0.608, "area_ha": 176.13, "uncertainty": 0.392, "data_origin": "synthetic", "generation_method": "scripts/generate_sample_parcels.py (v2, illustrative PoC)", "source": "Synthetic PoC generator (illustrative)", "source_year": 2023, "source_url": null, "processing_method": "PlanetScope + CNN", "model_version": "v2.1", "created_at": "2026-09-29T10:20:13.331531Z"}}, {"type": "Feature", "geometry": {"type": "Polygon", "coordinates": [[[-6.532411238259271, 38.96626852333856], [-6.533148493606026, 38.97382494233335], [-6.541994317635647, 38.97411314666948], [-6.545913663004981, 38.965530180017275], [-6.542506643321459, 38.96181321515096], [-6.531418434993017, 38.96010573106799], [-6.532411238259271, 38.96626852333856]]]}, "properties": {"id": "428e3c08-a52a-466f-b2fd-76182512da23", "jurisdiction_code": "ES-EX", "jurisdiction_name": "Spain Extremadura", "class_label": "agroforestry", "agroforestry_subtype": "montado", "confidence_score": 0.673, "area_ha": 171.02, "uncertainty": 0.327, "data_origin": "synthetic", "generation_method": "scripts/generate_sample_parcels.py (v2, illustrative PoC)", "source": "Synthetic PoC generator (illustrative)", "source_year": 2023, "source_url": null, "processing_method": "Sentinel-2 + Random Forest", "model_version": "v1.7", "created_at": "2026-09-29T10:20:13.331555Z"}}, {"type": "Feature", "geometry": {"type": "Polygon", "coordinates": [[[-5.48697087046019, 38.63362435803493], [-5.491916434749288, 38.639678796443235], [-5.5021802259215455, 38.64022739565449], [-5.509627360282796, 38.6359054040117], [-5.508121068451256, 38.628328036516166], [-5.5024878938260935, 38.62503643566804], [-5.491159878222263, 38.62573156851165], [-5.48697087046019, 38.63362435803493]]]}, "properties": {"id": "b34f5f01-0b58-42de-853c-6a31c456a1d8", "jurisdiction_code": "ES-EX", "jurisdiction_name": "Spain Extremadura", "class_label": "agroforestry", "agroforestry_subtype": "dehesa", "confidence_score": 0.68, "area_ha": 206.52, "uncertainty": 0.32, "data_origin": "synthetic", "generation_method": "scripts/generate_sample_parcels.py (v2, illustrative PoC)", "source": "Synthetic PoC generator (illustrative)", "source_year": 2023, "source_url": null, "processing_method": "Hybrid Remote Sensing", "model_version": "v2.0", "created_at": "2026-09-29T10:20:13.331581Z"}}, {"type": "Feature", "geometry": {"type": "Polygon", "coordinates": [[[-5.632487756082573, 38.89308681616896], [-5.634118743196409, 38.897221936797656], [-5.641305158522429, 38.894941312324235], [-5.641915969287734, 38.88990622831267], [-5.634671243720803, 38.886561427795016], [-5.632487756082573, 38.89308681616896]]]}, "properties": {"id": "cfc4e0e8-e4e9-47ec-bc7a-08f7916da7f3", "jurisdiction_code": "ES-EX", "jurisdiction_name": "Spain Extremadura", "class_label": "agroforestry", "agroforestry_subtype": "dehesa", "confidence_score": 0.619, "area_ha": 64.13, "uncertainty": 0.381, "data_origin": "synthetic", "generation_method": "scripts/generate_sample_parcels.py (v2, illustrative PoC)", "source": "Synthetic PoC generator (illustrative)", "source_year": 2020, "source_url": null, "processing_method": "GEDI LiDAR + ML", "model_version": "v3.7", "created_at": "2026-09-29T10:20:13.331605Z"}}, {"type": "Feature", "geometry": {"type": "Polygon", "coordinates": [[[-5.7121606818365205, 39.901860170666545], [-5.715192283579267, 39.90756076338085], [-5.721088793320936, 39.90700382295841], [-5.727035592300955, 39.904899027314016], [-5.724243703799796, 39.89954056223416], [-5.719939549044594, 39.896440850553944], [-5.712744672286591, 39.897760427529455], [-5.7121606818365205, 39.901860170666545]]]}, "properties": {"id": "b272d93d-c04a-4598-92bf-07aa1e8d39e5", "jurisdiction_code": "ES-EX", "jurisdiction_name": "Spain Extremadura", "class_label": "agroforestry", "agroforestry_subtype": "dehesa", "confidence_score": 0.676, "area_ha": 119.97, "uncertainty": 0.324, "data_origin": "synthetic", "generation_method": "scripts/generate_sample_parcels.py (v2, illustrative PoC)", "source": "Synthetic PoC generator (illustrative)", "source_year": 2022, "source_url": null, "processing_method": "PlanetScope + CNN", "model_version": "v1.6", "created_at": "2026-09-29T10:20:13.331630Z"}}, {"type": "Feature", "geometry": {"type": "Polygon", "coordinates": [[[-5.0523648652177, 39.419092976598165], [-5.054777439441606, 39.42398257320654], [-5.064703513872622, 39.42402655772959], [-5.070214877351216, 39.4196294864853], [-5.06435240467619, 39.41477917111598], [-5.056476661813528, 39.411721430198256], [-5.0523648652177, 39.419092976598165]]]}, "properties": {"id": "d05ccf53-166d-4410-bda0-cf5058e8a9c6", "jurisdiction_code": "ES-EX", "jurisdiction_name": "Spain Extremadura", "class_label": "agroforestry", "agroforestry_subtype": "dehesa", "confidence_score": 0.681, "area_ha": 144.08, "uncertainty": 0.319, "data_origin": "synthetic", "generation_method": "scripts/generate_sample_parcels.py (v2, illustrative PoC)", "source": "Synthetic PoC generator (illustrative)", "source_year": 2024, "source_url": null, "processing_method": "PlanetScope + CNN", "model_version": "v2.4", "created_at": "2026-09-29T10:20:13.331655Z"}}, {"type": "Feature", "geometry": {"type": "Polygon", "coordinates": [[[-6.611707152677146, 40.30812365198731], [-6.6139724423091595, 40.31054277600799], [-6.616983827746078, 40.312672551386704], [-6.619698036826617, 40.31093234515939], [-6.620094716462414, 40.30780916288806], [-6.619449549870562, 40.30481671153955], [-6.616568112995703, 40.30504960354644], [-6.613001460446156, 40.30514894248881], [-6.611707152677146, 40.30812365198731]]]}, "properties": {"id": "fb284f8c-2165-4952-8ba6-91e2f83e5f78", "jurisdiction_code": "ES-EX", "jurisdiction_name": "Spain Extremadura", "class_label": "agroforestry", "agroforestry_subtype": "dehesa", "confidence_score": 0.683, "area_ha": 43.98, "uncertainty": 0.317, "data_origin": "synthetic", "generation_method": "scripts/generate_sample_parcels.py (v2, illustrative PoC)", "source": "Synthetic PoC generator (illustrative)", "source_year": 2022, "source_url": null, "processing_method": "PlanetScope + CNN", "model_version": "v3.3", "created_at": "2026-09-29T10:20:13.331681Z"}}, {"type": "Feature", "geometry": {"type": "Polygon", "coordinates": [[[-5.4125154825943955, 38.41455817630559], [-5.414412191563786, 38.41644648276132], [-5.418021126390806, 38.417099229501176], [-5.420065717548062, 38.41669175154987], [-5.423331341711067, 38.41317367672179], [-5.422850610261751, 38.41059349188354], [-5.417244668145552, 38.40914971639636], [-5.413389665298856, 38.411484866039274], [-5.4125154825943955, 38.41455817630559]]]}, "properties": {"id": "de5654f7-2bc6-48d0-aaf3-6a078ae670ff", "jurisdiction_code": "ES-EX", "jurisdiction_name": "Spain Extremadura", "class_label": "agroforestry", "agroforestry_subtype": "dehesa", "confidence_score": 0.932, "area_ha": 71.79, "uncertainty": 0.068, "data_origin": "synthetic", "generation_method": "scripts/generate_sample_parcels.py (v2, illustrative PoC)", "source": "Synthetic PoC generator (illustrative)", "source_year": 2023, "source_url": null, "processing_method": "PlanetScope + CNN", "model_version": "v2.7", "created_at": "2026-09-29T10:20:13.331714Z"}}, {"type": "Feature", "geometry": {"type": "Polygon", "coordinates": [[[-6.160616866447195, 39.302994308799164], [-6.163156426581329, 39.306548713168745], [-6.168149742170011, 39.30836628230541], [-6.172893694039488, 39.30671669300572], [-6.174129003991861, 39.30480514256371], [-6.1744126347859325, 39.29965388583443], [-6.174302753233943, 39.29592495207681], [-6.165587798571657, 39.295167012675535], [-6.162246280948057, 39.29732677058424], [-6.160616866447195, 39.302994308799164]]]}, "properties": {"id": "464d3db5-a8ab-4f2d-a735-ab5ab6c6e36a", "jurisdiction_code": "ES-EX", "jurisdiction_name": "Spain Extremadura", "class_label": "agroforestry", "agroforestry_subtype": "montado", "confidence_score": 0.632, "area_ha": 106.85, "uncertainty": 0.368, "data_origin": "synthetic", "generation_method": "scripts/generate_sample_parcels.py (v2, illustrative PoC)", "source": "Synthetic PoC generator (illustrative)", "source_year": 2021, "source_url": null, "processing_method": "Sentinel-2 + Random Forest", "model_version": "v2.9", "created_at": "2026-09-29T10:20:13.331743Z"}}, {"type": "Feature", "geometry": {"type": "Polygon", "coordinates": [[[-5.052311940372921, 40.29433725473977], [-5.059157328060666, 40.30196906287984], [-5.070973629906242, 40.303625052911045], [-5.072962668020343, 40.29729112368018], [-5.078772573924938, 40.28604001952466], [-5.067956395979774, 40.28181840532134], [-5.058890176906119, 40.288384826608315], [-5.052311940372921, 40.29433725473977]]]}, "properties": {"id": "2f9be6f6-dcb0-402f-b1e2-ce3728f3ec5b", "jurisdiction_code": "ES-EX", "jurisdiction_name": "Spain Extremadura", "class_label": "agroforestry", "agroforestry_subtype": "dehesa", "confidence_score": 0.682, "area_ha": 374.09, "uncertainty": 0.318, "data_origin": "synthetic", "generation_method": "scripts/generate_sample_parcels.py (v2, illustrative PoC)", "source": "Synthetic PoC generator (illustrative)", "source_year": 2023, "source_url": null, "processing_method": "GEDI LiDAR + ML", "model_version": "v3.0", "created_at": "2026-09-29T10:20:13.331769Z"}}, {"type": "Feature", "geometry": {"type": "Polygon", "coordinates": [[[-5.847526504258219, 38.354111792162875], [-5.84932883172479, 38.35795538116354], [-5.855636750818098, 38.358475137413585], [-5.857594007001821, 38.35839202050609], [-5.860342329416765, 38.356763777055015], [-5.864148262473056, 38.354963622764004], [-5.863029249870262, 38.351345469168926], [-5.858901894179684, 38.3498117865604], [-5.855505854745864, 38.35010742571256], [-5.849831987614233, 38.350543062266006], [-5.847526504258219, 38.354111792162875]]]}, "properties": {"id": "f11d48ea-77eb-4a2b-9ded-b8b5e9bba9ca", "jurisdiction_code": "ES-EX", "jurisdiction_name": "Spain Extremadura", "class_label": "agroforestry", "agroforestry_subtype": "montado", "confidence_score": 0.637, "area_ha": 108.44, "uncertainty": 0.363, "data_origin": "synthetic", "generation_method": "scripts/generate_sample_parcels.py (v2, illustrative PoC)", "source": "Synthetic PoC generator (illustrative)", "source_year": 2024, "source_url": null, "processing_method": "GEDI LiDAR + ML", "model_version": "v1.0", "created_at": "2026-09-29T10:20:13.331798Z"}}, {"type": "Feature", "geometry": {"type": "Polygon", "coordinates": [[[-7.08319016188527, 39.76112758677589], [-7.085294259069666, 39.76681831144674], [-7.093039001984383, 39.76630032296652], [-7.1017527042044, 39.76303665452084], [-7.098955852252313, 39.75715506957021], [-7.094882370925518, 39.75378984289575], [-7.087125203070766, 39.75283966926645], [-7.08319016188527, 39.76112758677589]]]}, "properties": {"id": "04d9ca65-4c4f-4bfe-8b0f-b5bf685730f4", "jurisdiction_code": "ES-EX", "jurisdiction_name": "Spain Extremadura", "class_label": "agroforestry", "agroforestry_subtype": "dehesa", "confidence_score": 0.674, "area_ha": 190.5, "uncertainty": 0.326, "data_origin": "synthetic", "generation_method": "scripts/generate_sample_parcels.py (v2, illustrative PoC)", "source": "Synthetic PoC generator (illustrative)", "source_year": 2022, "source_url": null, "processing_method": "PlanetScope + CNN", "model_version": "v2.2", "created_at": "2026-09-29T10:20:13.331823Z"}}, {"type": "Feature", "geometry": {"type": "Polygon", "coordinates": [[[-7.154533124271903, 39.801810228403546], [-7.1590610987637, 39.806132384024835], [-7.166010912366861, 39.80528599081332], [-7.1701558708272435, 39.80065339347723], [-7.165839397348664, 39.79652853708549], [-7.159658566723868, 39.797423497652304], [-7.154533124271903, 39.801810228403546]]]}, "properties": {"id": "fc4ae313-7858-470f-bb13-f79a56c85afc", "jurisdiction_code": "ES-EX", "jurisdiction_name": "Spain Extremadura", "class_label": "agroforestry", "agroforestry_subtype": "dehesa", "confidence_score": 0.946, "area_ha": 118.36, "uncertainty": 0.054, "data_origin": "synthetic", "generation_method": "scripts/generate_sample_parcels.py (v2, illustrative PoC)", "source": "Synthetic PoC generator (illustrative)", "source_year": 2024, "source_url": null, "processing_method": "Hybrid Remote Sensing", "model_version": "v1.1", "created_at": "2026-09-29T10:20:13.331848Z"}}, {"type": "Feature", "geometry": {"type": "Polygon", "coordinates": [[[-5.321908607182875, 38.72691822259101], [-5.330286468420673, 38.73506477479636], [-5.3407963571107215, 38.73347022362023], [-5.33929051836473, 38.72453564147868], [-5.328612646673925, 38.722431213725066], [-5.321908607182875, 38.72691822259101]]]}, "properties": {"id": "89c5af0b-ca54-4ce5-9201-c4093bd97353", "jurisdiction_code": "ES-EX", "jurisdiction_name": "Spain Extremadura", "class_label": "agroforestry", "agroforestry_subtype": "montado", "confidence_score": 0.612, "area_ha": 205.77, "uncertainty": 0.388, "data_origin": "synthetic", "generation_method": "scripts/generate_sample_parcels.py (v2, illustrative PoC)", "source": "Synthetic PoC generator (illustrative)", "source_year": 2022, "source_url": null, "processing_method": "Sentinel-2 + Random Forest", "model_version": "v2.4", "created_at": "2026-09-29T10:20:13.331871Z"}}, {"type": "Feature", "geometry": {"type": "Polygon", "coordinates": [[[-6.0040326298958036, 38.38637906551721], [-6.009171619564935, 38.39305194257974], [-6.015741991553262, 38.39458733089353], [-6.023388034602282, 38.39030350456697], [-6.02275608719496, 38.384897416395745], [-6.01693612486152, 38.379974384096165], [-6.010193019568265, 38.3812512861947], [-6.0040326298958036, 38.38637906551721]]]}, "properties": {"id": "1ffa7735-054f-46da-b142-45db6db2a3b4", "jurisdiction_code": "ES-EX", "jurisdiction_name": "Spain Extremadura", "class_label": "agroforestry", "agroforestry_subtype": "montado", "confidence_score": 0.619, "area_ha": 191.31, "uncertainty": 0.381, "data_origin": "synthetic", "generation_method": "scripts/generate_sample_parcels.py (v2, illustrative PoC)", "source": "Synthetic PoC generator (illustrative)", "source_year": 2023, "source_url": null, "processing_method": "GEDI LiDAR + ML", "model_version": "v3.8", "created_at": "2026-09-29T10:20:13.331897Z"}}, {"type": "Feature", "geometry": {"type": "Polygon", "coordinates": [[[-7.4857497871396745, 38.82249927092641], [-7.487529169815548, 38.82801081250735], [-7.492226975360838, 38.82547385680065], [-7.49634310120247, 38.82161652710583], [-7.494395652099095, 38.8171380061264], [-7.488272889788265, 38.8170103700758], [-7.4857497871396745, 38.82249927092641]]]}, "properties": {"id": "1b47ceef-c759-43f3-ab9b-bcda2e10d1f6", "jurisdiction_code": "ES-EX", "jurisdiction_name": "Spain Extremadura", "class_label": "agroforestry", "agroforestry_subtype": "dehesa", "confidence_score": 0.601, "area_ha": 74.5, "uncertainty": 0.399, "data_origin": "synthetic", "generation_method": "scripts/generate_sample_parcels.py (v2, illustrative PoC)", "source": "Synthetic PoC generator (illustrative)", "source_year": 2021, "source_url": null, "processing_method": "PlanetScope + CNN", "model_version": "v3.9", "created_at": "2026-09-29T10:20:13.331921Z"}}, {"type": "Feature", "geometry": {"type": "Polygon", "coordinates": [[[-7.2551095078947, 40.41555742088217], [-7.2553588923434225, 40.4207873632778], [-7.264455701699661, 40.41859248773262], [-7.265714822148303, 40.41504879999803], [-7.264613644264472, 40.41045288201886], [-7.256463874175771, 40.41051867984308], [-7.2551095078947, 40.41555742088217]]]}, "properties": {"id": "1de77998-cc85-4815-b6dc-88e848974949", "jurisdiction_code": "ES-EX", "jurisdiction_name": "Spain Extremadura", "class_label": "agroforestry", "agroforestry_subtype": "silvopasture", "confidence_score": 0.932, "area_ha": 73.49, "uncertainty": 0.068, "data_origin": "synthetic", "generation_method": "scripts/generate_sample_parcels.py (v2, illustrative PoC)", "source": "Synthetic PoC generator (illustrative)", "source_year": 2020, "source_url": null, "processing_method": "Sentinel-2 + Random Forest", "model_version": "v2.5", "created_at": "2026-09-29T10:20:13.331946Z"}}, {"type": "Feature", "geometry": {"type": "Polygon", "coordinates": [[[-6.020049292335269, 38.635620918971334], [-6.023312829945151, 38.642599493327104], [-6.034595805161787, 38.641843555871375], [-6.036454110571159, 38.63569892438557], [-6.03362662027553, 38.63022078543536], [-6.025549088965007, 38.63229206633432], [-6.020049292335269, 38.635620918971334]]]}, "properties": {"id": "9a885219-c05c-4464-bbbb-380e4d0ab0d2", "jurisdiction_code": "ES-EX", "jurisdiction_name": "Spain Extremadura", "class_label": "agroforestry", "agroforestry_subtype": "woodlot", "confidence_score": 0.649, "area_ha": 170.68, "uncertainty": 0.351, "data_origin": "synthetic", "generation_method": "scripts/generate_sample_parcels.py (v2, illustrative PoC)", "source": "Synthetic PoC generator (illustrative)", "source_year": 2022, "source_url": null, "processing_method": "PlanetScope + CNN", "model_version": "v3.4", "created_at": "2026-09-29T10:20:13.331970Z"}}, {"type": "Feature", "geometry": {"type": "Polygon", "coordinates": [[[-6.658258785924911, 40.055730770051824], [-6.65817118566308, 40.059830512573896], [-6.661735787951939, 40.06049920430587], [-6.666453233612458, 40.06052760578696], [-6.670244418639281, 40.057967829437764], [-6.667792775157937, 40.05418218698151], [-6.667206095802441, 40.05126344045834], [-6.662660301267277, 40.05079664454063], [-6.658944167875368, 40.05407322438426], [-6.658258785924911, 40.055730770051824]]]}, "properties": {"id": "f51ad613-482d-4cb0-8633-2d217f1af75c", "jurisdiction_code": "ES-EX", "jurisdiction_name": "Spain Extremadura", "class_label": "agroforestry", "agroforestry_subtype": "montado", "confidence_score": 0.941, "area_ha": 77.42, "uncertainty": 0.059, "data_origin": "synthetic", "generation_method": "scripts/generate_sample_parcels.py (v2, illustrative PoC)", "source": "Synthetic PoC generator (illustrative)", "source_year": 2024, "source_url": null, "processing_method": "Hybrid Remote Sensing", "model_version": "v2.2", "created_at": "2026-09-29T10:20:13.331998Z"}}, {"type": "Feature", "geometry": {"type": "Polygon", "coordinates": [[[-5.282720585865576, 38.65606803524043], [-5.288277499351241, 38.66532588035819], [-5.301208877600775, 38.66494689674716], [-5.306182549403432, 38.654969012487015], [-5.297133052799869, 38.64837472992287], [-5.290857338836227, 38.64884772974618], [-5.282720585865576, 38.65606803524043]]]}, "properties": {"id": "bff59796-4ed2-45ba-8f3d-8de1dc8571ee", "jurisdiction_code": "ES-EX", "jurisdiction_name": "Spain Extremadura", "class_label": "agroforestry", "agroforestry_subtype": "montado", "confidence_score": 0.904, "area_ha": 263.88, "uncertainty": 0.096, "data_origin": "synthetic", "generation_method": "scripts/generate_sample_parcels.py (v2, illustrative PoC)", "source": "Synthetic PoC generator (illustrative)", "source_year": 2021, "source_url": null, "processing_method": "GEDI LiDAR + ML", "model_version": "v1.3", "created_at": "2026-09-29T10:20:13.332022Z"}}, {"type": "Feature", "geometry": {"type": "Polygon", "coordinates": [[[-5.167685621840815, 39.872746984012934], [-5.1671342282919905, 39.878543931884785], [-5.17326067186435, 39.88069112279885], [-5.179700540032581, 39.87825373335342], [-5.182210113975508, 39.870541461502825], [-5.18166366846871, 39.867564334358605], [-5.174442778218394, 39.866756744112735], [-5.167737654028278, 39.865015443450474], [-5.167685621840815, 39.872746984012934]]]}, "properties": {"id": "1a78cad8-2194-4260-8916-921e3b10b341", "jurisdiction_code": "ES-EX", "jurisdiction_name": "Spain Extremadura", "class_label": "agroforestry", "agroforestry_subtype": "dehesa", "confidence_score": 0.918, "area_ha": 193.58, "uncertainty": 0.082, "data_origin": "synthetic", "generation_method": "scripts/generate_sample_parcels.py (v2, illustrative PoC)", "source": "Synthetic PoC generator (illustrative)", "source_year": 2022, "source_url": null, "processing_method": "GEDI LiDAR + ML", "model_version": "v2.6", "created_at": "2026-09-29T10:20:13.332049Z"}}, {"type": "Feature", "geometry": {"type": "Polygon", "coordinates": [[[-6.019887626725619, 39.293370161367726], [-6.0226676012573765, 39.29837889941964], [-6.029867981444531, 39.29617591543693], [-6.031321283732203, 39.28901375177476], [-6.024195912382744, 39.28971525814531], [-6.019887626725619, 39.293370161367726]]]}, "properties": {"id": "299adbc5-d640-4093-a8cf-59d70917d878", "jurisdiction_code": "ES-EX", "jurisdiction_name": "Spain Extremadura", "class_label": "agroforestry", "agroforestry_subtype": "silvopasture", "confidence_score": 0.934, "area_ha": 67.12, "uncertainty": 0.066, "data_origin": "synthetic", "generation_method": "scripts/generate_sample_parcels.py (v2, illustrative PoC)", "source": "Synthetic PoC generator (illustrative)", "source_year": 2020, "source_url": null, "processing_method": "Sentinel-2 + Random Forest", "model_version": "v2.2", "created_at": "2026-09-29T10:20:13.332072Z"}}, {"type": "Feature", "geometry": {"type": "Polygon", "coordinates": [[[-6.878788503635313, 38.866533849890715], [-6.881459803932946, 38.872019127917184], [-6.889111622064931, 38.876823930492066], [-6.893509706733939, 38.87434987850707], [-6.899697611192594, 38.869443304150955], [-6.894878438829089, 38.8627783980061], [-6.887714366135112, 38.85800408310129], [-6.880438956636539, 38.86016469923614], [-6.878788503635313, 38.866533849890715]]]}, "properties": {"id": "411f29c6-87a7-4ad8-9446-3b3adde9aa17", "jurisdiction_code": "ES-EX", "jurisdiction_name": "Spain Extremadura", "class_label": "agroforestry", "agroforestry_subtype": "dehesa", "confidence_score": 0.906, "area_ha": 245.74, "uncertainty": 0.094, "data_origin": "synthetic", "generation_method": "scripts/generate_sample_parcels.py (v2, illustrative PoC)", "source": "Synthetic PoC generator (illustrative)", "source_year": 2024, "source_url": null, "processing_method": "Hybrid Remote Sensing", "model_version": "v3.3", "created_at": "2026-09-29T10:20:13.332099Z"}}, {"type": "Feature", "geometry": {"type": "Polygon", "coordinates": [[[-7.373262194934801, 39.95198596731791], [-7.37755528786206, 39.955360223035235], [-7.384058866492246, 39.952915261571064], [-7.385140708397962, 39.94856615684134], [-7.377614320816182, 39.946493953857605], [-7.373262194934801, 39.95198596731791]]]}, "properties": {"id": "d1e293e4-d62a-4ab0-9f32-33da1a075047", "jurisdiction_code": "ES-EX", "jurisdiction_name": "Spain Extremadura", "class_label": "agroforestry", "agroforestry_subtype": "montado", "confidence_score": 0.647, "area_ha": 85.47, "uncertainty": 0.353, "data_origin": "synthetic", "generation_method": "scripts/generate_sample_parcels.py (v2, illustrative PoC)", "source": "Synthetic PoC generator (illustrative)", "source_year": 2021, "source_url": null, "processing_method": "PlanetScope + CNN", "model_version": "v3.8", "created_at": "2026-09-29T10:20:13.332122Z"}}, {"type": "Feature", "geometry": {"type": "Polygon", "coordinates": [[[-6.472219311563568, 39.7096711453387], [-6.472864162257495, 39.7131130521068], [-6.475030133780951, 39.715788307115915], [-6.480335022615518, 39.7145858001309], [-6.487173846249862, 39.71460288357942], [-6.48719762323356, 39.71164756713319], [-6.4847732275298275, 39.70697926509499], [-6.482324488744024, 39.703568384281276], [-6.476285503204549, 39.7034189463972], [-6.472225943822198, 39.70770470678617], [-6.472219311563568, 39.7096711453387]]]}, "properties": {"id": "015ec118-38ab-4881-84a8-86e6598c5f57", "jurisdiction_code": "ES-EX", "jurisdiction_name": "Spain Extremadura", "class_label": "agroforestry", "agroforestry_subtype": "montado", "confidence_score": 0.671, "area_ha": 109.74, "uncertainty": 0.329, "data_origin": "synthetic", "generation_method": "scripts/generate_sample_parcels.py (v2, illustrative PoC)", "source": "Synthetic PoC generator (illustrative)", "source_year": 2024, "source_url": null, "processing_method": "Hybrid Remote Sensing", "model_version": "v1.5", "created_at": "2026-09-29T10:20:13.332153Z"}}, {"type": "Feature", "geometry": {"type": "Polygon", "coordinates": [[[-5.923197871535314, 39.287037771917966], [-5.9305562758945936, 39.29219668376326], [-5.942413549699372, 39.29494588486298], [-5.951857368276525, 39.28938080385746], [-5.945792757943925, 39.28211098037594], [-5.94021457544094, 39.276529600379156], [-5.931888631191872, 39.27965155257272], [-5.923197871535314, 39.287037771917966]]]}, "properties": {"id": "c21bcf4d-b044-48ff-93bc-65c2f6c971c3", "jurisdiction_code": "ES-EX", "jurisdiction_name": "Spain Extremadura", "class_label": "agroforestry", "agroforestry_subtype": "dehesa", "confidence_score": 0.648, "area_ha": 344.37, "uncertainty": 0.352, "data_origin": "synthetic", "generation_method": "scripts/generate_sample_parcels.py (v2, illustrative PoC)", "source": "Synthetic PoC generator (illustrative)", "source_year": 2021, "source_url": null, "processing_method": "Sentinel-2 + Random Forest", "model_version": "v3.2", "created_at": "2026-09-29T10:20:13.332180Z"}}, {"type": "Feature", "geometry": {"type": "Polygon", "coordinates": [[[-5.540381752695524, 38.288826478185925], [-5.544726827456895, 38.2930901800431], [-5.550734183581507, 38.29009895734567], [-5.550824655030611, 38.28459037702868], [-5.543928860456409, 38.28437656606313], [-5.540381752695524, 38.288826478185925]]]}, "properties": {"id": "33b7512e-4b31-4f98-b286-ba83cf0a1361", "jurisdiction_code": "ES-EX", "jurisdiction_name": "Spain Extremadura", "class_label": "agroforestry", "agroforestry_subtype": "dehesa", "confidence_score": 0.942, "area_ha": 73.43, "uncertainty": 0.058, "data_origin": "synthetic", "generation_method": "scripts/generate_sample_parcels.py (v2, illustrative PoC)", "source": "Synthetic PoC generator (illustrative)", "source_year": 2024, "source_url": null, "processing_method": "Hybrid Remote Sensing", "model_version": "v1.4", "created_at": "2026-09-29T10:20:13.332204Z"}}, {"type": "Feature", "geometry": {"type": "Polygon", "coordinates": [[[-6.32685740140471, 39.34009841079104], [-6.333063065990484, 39.34942890327305], [-6.348811266967994, 39.34605660265158], [-6.349384644740385, 39.33697436865145], [-6.335210669114691, 39.33557009689243], [-6.32685740140471, 39.34009841079104]]]}, "properties": {"id": "d6fefd1b-106a-447d-950f-00073fe3b998", "jurisdiction_code": "ES-EX", "jurisdiction_name": "Spain Extremadura", "class_label": "agroforestry", "agroforestry_subtype": "montado", "confidence_score": 0.618, "area_ha": 212.03, "uncertainty": 0.382, "data_origin": "synthetic", "generation_method": "scripts/generate_sample_parcels.py (v2, illustrative PoC)", "source": "Synthetic PoC generator (illustrative)", "source_year": 2024, "source_url": null, "processing_method": "GEDI LiDAR + ML", "model_version": "v2.9", "created_at": "2026-09-29T10:20:13.332227Z"}}, {"type": "Feature", "geometry": {"type": "Polygon", "coordinates": [[[-7.237375124446723, 38.64287975119397], [-7.2417399587349776, 38.649195254192854], [-7.24635364584485, 38.651688818643265], [-7.256678817926849, 38.64760369542219], [-7.256758939520957, 38.643531603489976], [-7.25556861084531, 38.63838950759198], [-7.248820699277172, 38.633309339172854], [-7.236731775949175, 38.63516661221158], [-7.237375124446723, 38.64287975119397]]]}, "properties": {"id": "0fc4cc92-56eb-4a4b-83d2-75f528211419", "jurisdiction_code": "ES-EX", "jurisdiction_name": "Spain Extremadura", "class_label": "agroforestry", "agroforestry_subtype": "dehesa", "confidence_score": 0.641, "area_ha": 280.55, "uncertainty": 0.359, "data_origin": "synthetic", "generation_method": "scripts/generate_sample_parcels.py (v2, illustrative PoC)", "source": "Synthetic PoC generator (illustrative)", "source_year": 2020, "source_url": null, "processing_method": "Sentinel-2 + Random Forest", "model_version": "v3.4", "created_at": "2026-09-29T10:20:13.332254Z"}}, {"type": "Feature", "geometry": {"type": "Polygon", "coordinates": [[[-7.440285527091706, 39.33697519571614], [-7.445689718092306, 39.34437576941334], [-7.45786648969106, 39.34276437599398], [-7.459783977532454, 39.33586456012174], [-7.454781112041538, 39.330461220629495], [-7.446715525642114, 39.3281107688701], [-7.440285527091706, 39.33697519571614]]]}, "properties": {"id": "a1a8a6f3-3964-4bc7-b016-066c1e0d27a1", "jurisdiction_code": "ES-EX", "jurisdiction_name": "Spain Extremadura", "class_label": "agroforestry", "agroforestry_subtype": "dehesa", "confidence_score": 0.618, "area_ha": 211.11, "uncertainty": 0.382, "data_origin": "synthetic", "generation_method": "scripts/generate_sample_parcels.py (v2, illustrative PoC)", "source": "Synthetic PoC generator (illustrative)", "source_year": 2023, "source_url": null, "processing_method": "GEDI LiDAR + ML", "model_version": "v3.7", "created_at": "2026-09-29T10:20:13.332278Z"}}, {"type": "Feature", "geometry": {"type": "Polygon", "coordinates": [[[-7.459888154590858, 39.831449612161514], [-7.4643688208690735, 39.83436327134309], [-7.468006571341511, 39.837486111537665], [-7.476182505107829, 39.83814906698282], [-7.4775352691906365, 39.83612651344076], [-7.482018380749186, 39.830009167084796], [-7.478642738255524, 39.82639107208967], [-7.472538511132177, 39.82255907444123], [-7.466932342013514, 39.82509327535939], [-7.464243642588019, 39.828299954791106], [-7.459888154590858, 39.831449612161514]]]}, "properties": {"id": "aad49bfa-c2ab-4922-a72a-0f7e07054864", "jurisdiction_code": "ES-EX", "jurisdiction_name": "Spain Extremadura", "class_label": "agroforestry", "agroforestry_subtype": "montado", "confidence_score": 0.632, "area_ha": 227.8, "uncertainty": 0.368, "data_origin": "synthetic", "generation_method": "scripts/generate_sample_parcels.py (v2, illustrative PoC)", "source": "Synthetic PoC generator (illustrative)", "source_year": 2023, "source_url": null, "processing_method": "GEDI LiDAR + ML", "model_version": "v1.5", "created_at": "2026-09-29T10:20:13.332307Z"}}, {"type": "Feature", "geometry": {"type": "Polygon", "coordinates": [[[-6.963942128829672, 38.209378648033216], [-6.967551862331168, 38.21515708932049], [-6.977625568385584, 38.212256277455744], [-6.975031455157128, 38.206257565252145], [-6.968324613024906, 38.20365499470247], [-6.963942128829672, 38.209378648033216]]]}, "properties": {"id": "e84a7291-c78b-4e30-8d1b-1525950fe533", "jurisdiction_code": "ES-EX", "jurisdiction_name": "Spain Extremadura", "class_label": "agroforestry", "agroforestry_subtype": "montado", "confidence_score": 0.899, "area_ha": 100.18, "uncertainty": 0.101, "data_origin": "synthetic", "generation_method": "scripts/generate_sample_parcels.py (v2, illustrative PoC)", "source": "Synthetic PoC generator (illustrative)", "source_year": 2022, "source_url": null, "processing_method": "Hybrid Remote Sensing", "model_version": "v2.4", "created_at": "2026-09-29T10:20:13.332330Z"}}, {"type": "Feature", "geometry": {"type": "Polygon", "coordinates": [[[-7.482296511129212, 40.45576381042253], [-7.486540377168871, 40.46004673020982], [-7.492820421390543, 40.459197857395836], [-7.4950770361329075, 40.45276444698183], [-7.48657284707867, 40.45113650483157], [-7.482296511129212, 40.45576381042253]]]}, "properties": {"id": "1d4b2b17-6571-47c6-954a-1044cf8a1989", "jurisdiction_code": "ES-EX", "jurisdiction_name": "Spain Extremadura", "class_label": "agroforestry", "agroforestry_subtype": "dehesa", "confidence_score": 0.631, "area_ha": 93.34, "uncertainty": 0.369, "data_origin": "synthetic", "generation_method": "scripts/generate_sample_parcels.py (v2, illustrative PoC)", "source": "Synthetic PoC generator (illustrative)", "source_year": 2020, "source_url": null, "processing_method": "Hybrid Remote Sensing", "model_version": "v3.4", "created_at": "2026-09-29T10:20:13.332353Z"}}, {"type": "Feature", "geometry": {"type": "Polygon", "coordinates": [[[-7.428012000148662, 39.41906558819883], [-7.4299268840988395, 39.42455447253981], [-7.441495901832335, 39.42651186945499], [-7.444665270634837, 39.42031973756513], [-7.442617263251549, 39.41502463098653], [-7.439942405545162, 39.41125478676687], [-7.432415419497083, 39.41205604977847], [-7.428012000148662, 39.41906558819883]]]}, "properties": {"id": "e91c0eb0-a032-4067-9d6d-a626b20403ea", "jurisdiction_code": "ES-EX", "jurisdiction_name": "Spain Extremadura", "class_label": "agroforestry", "agroforestry_subtype": "silvopasture", "confidence_score": 0.629, "area_ha": 193.75, "uncertainty": 0.371, "data_origin": "synthetic", "generation_method": "scripts/generate_sample_parcels.py (v2, illustrative PoC)", "source": "Synthetic PoC generator (illustrative)", "source_year": 2020, "source_url": null, "processing_method": "Sentinel-2 + Random Forest", "model_version": "v2.8", "created_at": "2026-09-29T10:20:13.332379Z"}}, {"type": "Feature", "geometry": {"type": "Polygon", "coordinates": [[[-6.750731964516538, 38.636871275023545], [-6.753831426849955, 38.63969015056015], [-6.7578549472311975, 38.640698359196655], [-6.760645842864282, 38.63598820026347], [-6.757298895900563, 38.63225544666786], [-6.752406049785664, 38.6329850946309], [-6.750731964516538, 38.636871275023545]]]}, "properties": {"id": "99fd2993-c50a-42fc-99e2-7c77ab15721c", "jurisdiction_code": "ES-EX", "jurisdiction_name": "Spain Extremadura", "class_label": "agroforestry", "agroforestry_subtype": "dehesa", "confidence_score": 0.89, "area_ha": 66.96, "uncertainty": 0.11, "data_origin": "synthetic", "generation_method": "scripts/generate_sample_parcels.py (v2, illustrative PoC)", "source": "Synthetic PoC generator (illustrative)", "source_year": 2020, "source_url": null, "processing_method": "Sentinel-2 + Random Forest", "model_version": "v2.4", "created_at": "2026-09-29T10:20:13.332404Z"}}, {"type": "Feature", "geometry": {"type": "Polygon", "coordinates": [[[-7.173718600925652, 38.14449396166581], [-7.175452725288579, 38.146378385929395], [-7.177446594326527, 38.14664784720916], [-7.180159660891818, 38.147099513129106], [-7.18226500185745, 38.14419874581504], [-7.179229675869093, 38.142324351949654], [-7.178000972620563, 38.14106721119447], [-7.173542853776201, 38.14154561577493], [-7.173718600925652, 38.14449396166581]]]}, "properties": {"id": "a600a39a-f7a8-4100-b118-bf7deda6d643", "jurisdiction_code": "ES-EX", "jurisdiction_name": "Spain Extremadura", "class_label": "agroforestry", "agroforestry_subtype": "montado", "confidence_score": 0.631, "area_ha": 34.13, "uncertainty": 0.369, "data_origin": "synthetic", "generation_method": "scripts/generate_sample_parcels.py (v2, illustrative PoC)", "source": "Synthetic PoC generator (illustrative)", "source_year": 2020, "source_url": null, "processing_method": "Sentinel-2 + Random Forest", "model_version": "v3.8", "created_at": "2026-09-29T10:20:13.332431Z"}}, {"type": "Feature", "geometry": {"type": "Polygon", "coordinates": [[[-5.143980085842515, 39.6846427263129], [-5.145703292066183, 39.68691752392384], [-5.149949343165108, 39.68780366814916], [-5.154779075645474, 39.686741530996194], [-5.15715496328943, 39.68434149027049], [-5.155300985387385, 39.679866077981394], [-5.152089664826993, 39.67836650541191], [-5.146567944427128, 39.67992517797675], [-5.143980085842515, 39.6846427263129]]]}, "properties": {"id": "258e42d9-8e8a-4095-b0d6-24894f25a135", "jurisdiction_code": "ES-EX", "jurisdiction_name": "Spain Extremadura", "class_label": "agroforestry", "agroforestry_subtype": "montado", "confidence_score": 0.656, "area_ha": 90.65, "uncertainty": 0.344, "data_origin": "synthetic", "generation_method": "scripts/generate_sample_parcels.py (v2, illustrative PoC)", "source": "Synthetic PoC generator (illustrative)", "source_year": 2021, "source_url": null, "processing_method": "PlanetScope + CNN", "model_version": "v3.3", "created_at": "2026-09-29T10:20:13.332457Z"}}, {"type": "Feature", "geometry": {"type": "Polygon", "coordinates": [[[-7.066342658665267, 39.51301325819129], [-7.069550076219781, 39.51718743892585], [-7.073845547961685, 39.51674107160493], [-7.079138746584635, 39.516321184072815], [-7.078327255475758, 39.50988696773227], [-7.073620168617485, 39.507176903325316], [-7.067252210387238, 39.50826038650398], [-7.066342658665267, 39.51301325819129]]]}, "properties": {"id": "0ee6ff7e-c877-4078-8caf-5c118604f163", "jurisdiction_code": "ES-EX", "jurisdiction_name": "Spain Extremadura", "class_label": "agroforestry", "agroforestry_subtype": "dehesa", "confidence_score": 0.607, "area_ha": 77.18, "uncertainty": 0.393, "data_origin": "synthetic", "generation_method": "scripts/generate_sample_parcels.py (v2, illustrative PoC)", "source": "Synthetic PoC generator (illustrative)", "source_year": 2023, "source_url": null, "processing_method": "Hybrid Remote Sensing", "model_version": "v3.5", "created_at": "2026-09-29T10:20:13.332482Z"}}, {"type": "Feature", "geometry": {"type": "Polygon", "coordinates": [[[-6.610131162518218, 38.66802042628809], [-6.610829823077128, 38.67132719357199], [-6.616114997862128, 38.67529741215997], [-6.62165933707869, 38.67052942950934], [-6.6233353984058505, 38.66361803418475], [-6.618325946605313, 38.66125269557942], [-6.610465808340874, 38.661334787035145], [-6.610131162518218, 38.66802042628809]]]}, "properties": {"id": "f8d57938-a6ae-40a6-893f-bfab5b4e8e55", "jurisdiction_code": "ES-EX", "jurisdiction_name": "Spain Extremadura", "class_label": "agroforestry", "agroforestry_subtype": "montado", "confidence_score": 0.947, "area_ha": 107.23, "uncertainty": 0.053, "data_origin": "synthetic", "generation_method": "scripts/generate_sample_parcels.py (v2, illustrative PoC)", "source": "Synthetic PoC generator (illustrative)", "source_year": 2020, "source_url": null, "processing_method": "GEDI LiDAR + ML", "model_version": "v1.7", "created_at": "2026-09-29T10:20:13.332508Z"}}, {"type": "Feature", "geometry": {"type": "Polygon", "coordinates": [[[-7.114744573552096, 39.77721305170046], [-7.11653036172837, 39.78070754912788], [-7.122241865221929, 39.78145153870594], [-7.128219877823313, 39.78308118035144], [-7.132410423812485, 39.780065774503434], [-7.129087899945407, 39.775244974593804], [-7.128712554906322, 39.772155452768025], [-7.122694601229466, 39.7724405061023], [-7.118058898690924, 39.77229263164695], [-7.114744573552096, 39.77721305170046]]]}, "properties": {"id": "498a4b13-070e-4de8-bd32-029bceb49e01", "jurisdiction_code": "ES-EX", "jurisdiction_name": "Spain Extremadura", "class_label": "agroforestry", "agroforestry_subtype": "dehesa", "confidence_score": 0.617, "area_ha": 151.76, "uncertainty": 0.383, "data_origin": "synthetic", "generation_method": "scripts/generate_sample_parcels.py (v2, illustrative PoC)", "source": "Synthetic PoC generator (illustrative)", "source_year": 2020, "source_url": null, "processing_method": "PlanetScope + CNN", "model_version": "v3.5", "created_at": "2026-09-29T10:20:13.332536Z"}}, {"type": "Feature", "geometry": {"type": "Polygon", "coordinates": [[[-6.64658710426659, 39.77990022911448], [-6.647240429717714, 39.78391225619878], [-6.65338665364175, 39.78333284963086], [-6.657383672560737, 39.78210440388969], [-6.657381579686158, 39.77967386130373], [-6.656996660416553, 39.776493312326686], [-6.652214191168074, 39.77463558154769], [-6.649567069013394, 39.777194535944155], [-6.64658710426659, 39.77990022911448]]]}, "properties": {"id": "95662eac-acf2-48bc-a074-7d2e27a3eb20", "jurisdiction_code": "ES-EX", "jurisdiction_name": "Spain Extremadura", "class_label": "agroforestry", "agroforestry_subtype": "montado", "confidence_score": 0.634, "area_ha": 60.2, "uncertainty": 0.366, "data_origin": "synthetic", "generation_method": "scripts/generate_sample_parcels.py (v2, illustrative PoC)", "source": "Synthetic PoC generator (illustrative)", "source_year": 2021, "source_url": null, "processing_method": "PlanetScope + CNN", "model_version": "v1.3", "created_at": "2026-09-29T10:20:13.332564Z"}}, {"type": "Feature", "geometry": {"type": "Polygon", "coordinates": [[[-5.071867795026869, 40.176576285628386], [-5.077553326056433, 40.18115057731414], [-5.082228301795209, 40.17790808132341], [-5.081957712346951, 40.17457985752218], [-5.077441668981301, 40.17134760542735], [-5.071867795026869, 40.176576285628386]]]}, "properties": {"id": "3a849e4f-aaa2-4584-be7f-1b4dcd7be147", "jurisdiction_code": "ES-EX", "jurisdiction_name": "Spain Extremadura", "class_label": "agroforestry", "agroforestry_subtype": "woodlot", "confidence_score": 0.93, "area_ha": 67.05, "uncertainty": 0.07, "data_origin": "synthetic", "generation_method": "scripts/generate_sample_parcels.py (v2, illustrative PoC)", "source": "Synthetic PoC generator (illustrative)", "source_year": 2023, "source_url": null, "processing_method": "Hybrid Remote Sensing", "model_version": "v1.4", "created_at": "2026-09-29T10:20:13.332588Z"}}, {"type": "Feature", "geometry": {"type": "Polygon", "coordinates": [[[-5.331944336679756, 38.61800914408449], [-5.335430376375705, 38.621240741787474], [-5.338181876312615, 38.62524440040919], [-5.341794263404096, 38.624116213605795], [-5.346969353516602, 38.622862783558865], [-5.352015609781085, 38.616914532895926], [-5.345671536838377, 38.61484558680714], [-5.342207530480234, 38.61206465971637], [-5.336169126158838, 38.611763797636506], [-5.336112175493147, 38.61484000893593], [-5.331944336679756, 38.61800914408449]]]}, "properties": {"id": "816158fc-4b1e-4178-9019-7c3367e245ce", "jurisdiction_code": "ES-EX", "jurisdiction_name": "Spain Extremadura", "class_label": "agroforestry", "agroforestry_subtype": "dehesa", "confidence_score": 0.661, "area_ha": 163.49, "uncertainty": 0.339, "data_origin": "synthetic", "generation_method": "scripts/generate_sample_parcels.py (v2, illustrative PoC)", "source": "Synthetic PoC generator (illustrative)", "source_year": 2024, "source_url": null, "processing_method": "PlanetScope + CNN", "model_version": "v1.4", "created_at": "2026-09-29T10:20:13.332617Z"}}, {"type": "Feature", "geometry": {"type": "Polygon", "coordinates": [[[-7.0638324168204685, 40.02707090124651], [-7.064692989713101, 40.02907703647814], [-7.068388701568786, 40.030274961055504], [-7.069758981580607, 40.02859975879653], [-7.06962752488536, 40.02633726830777], [-7.067482288787447, 40.02572645995465], [-7.0645848280928885, 40.025123465462976], [-7.0638324168204685, 40.02707090124651]]]}, "properties": {"id": "81ee7b49-f09a-45a5-b9ad-7bd50d13f550", "jurisdiction_code": "ES-EX", "jurisdiction_name": "Spain Extremadura", "class_label": "agroforestry", "agroforestry_subtype": "dehesa", "confidence_score": 0.645, "area_ha": 19.76, "uncertainty": 0.355, "data_origin": "synthetic", "generation_method": "scripts/generate_sample_parcels.py (v2, illustrative PoC)", "source": "Synthetic PoC generator (illustrative)", "source_year": 2022, "source_url": null, "processing_method": "Hybrid Remote Sensing", "model_version": "v1.7", "created_at": "2026-09-29T10:20:13.332642Z"}}, {"type": "Feature", "geometry": {"type": "Polygon", "coordinates": [[[-7.13660804286142, 38.29059161175744], [-7.137744441904678, 38.29352408922384], [-7.140672091204596, 38.29694929202256], [-7.1456929982276405, 38.29776317118696], [-7.150417740621958, 38.29528454679929], [-7.152594949059, 38.29132828145576], [-7.14910360687688, 38.287269953241946], [-7.14787883971994, 38.285081202337366], [-7.142014724336664, 38.28420273548081], [-7.138432493987088, 38.28874899122975], [-7.13660804286142, 38.29059161175744]]]}, "properties": {"id": "0e076d0a-af4d-4a45-8dcb-3a6e77994a0a", "jurisdiction_code": "ES-EX", "jurisdiction_name": "Spain Extremadura", "class_label": "agroforestry", "agroforestry_subtype": "dehesa", "confidence_score": 0.623, "area_ha": 154.44, "uncertainty": 0.377, "data_origin": "synthetic", "generation_method": "scripts/generate_sample_parcels.py (v2, illustrative PoC)", "source": "Synthetic PoC generator (illustrative)", "source_year": 2020, "source_url": null, "processing_method": "Sentinel-2 + Random Forest", "model_version": "v2.8", "created_at": "2026-09-29T10:20:13.332672Z"}}, {"type": "Feature", "geometry": {"type": "Polygon", "coordinates": [[[-7.12037179780843, 38.62962406472964], [-7.122602825708049, 38.634187081376155], [-7.130492710654467, 38.63351483326965], [-7.132271084303415, 38.62871234099158], [-7.1284505772825595, 38.62624172175154], [-7.124184734080044, 38.62405988648713], [-7.12037179780843, 38.62962406472964]]]}, "properties": {"id": "bd1383e9-dd40-49c7-b9b3-428c37cc48a6", "jurisdiction_code": "ES-EX", "jurisdiction_name": "Spain Extremadura", "class_label": "agroforestry", "agroforestry_subtype": "dehesa", "confidence_score": 0.89, "area_ha": 78.44, "uncertainty": 0.11, "data_origin": "synthetic", "generation_method": "scripts/generate_sample_parcels.py (v2, illustrative PoC)", "source": "Synthetic PoC generator (illustrative)", "source_year": 2023, "source_url": null, "processing_method": "Hybrid Remote Sensing", "model_version": "v3.3", "created_at": "2026-09-29T10:20:13.332704Z"}}, {"type": "Feature", "geometry": {"type": "Polygon", "coordinates": [[[-5.964433910826763, 38.989304119569205], [-5.968710416321607, 38.99425418259865], [-5.975083412367915, 38.99372031057447], [-5.97606800916005, 38.98901956955265], [-5.974003903238436, 38.98462283024646], [-5.9671784379628505, 38.98434961928721], [-5.964433910826763, 38.989304119569205]]]}, "properties": {"id": "0990cbd8-b2bd-4ea0-b432-0c2e42468191", "jurisdiction_code": "ES-EX", "jurisdiction_name": "Spain Extremadura", "class_label": "agroforestry", "agroforestry_subtype": "montado", "confidence_score": 0.663, "area_ha": 96.37, "uncertainty": 0.337, "data_origin": "synthetic", "generation_method": "scripts/generate_sample_parcels.py (v2, illustrative PoC)", "source": "Synthetic PoC generator (illustrative)", "source_year": 2021, "source_url": null, "processing_method": "GEDI LiDAR + ML", "model_version": "v1.6", "created_at": "2026-09-29T10:20:13.332756Z"}}, {"type": "Feature", "geometry": {"type": "Polygon", "coordinates": [[[-5.4977954309109505, 40.185851166282475], [-5.495203944591096, 40.1905080518357], [-5.502568444072482, 40.192506525094295], [-5.510118771178949, 40.19122050444645], [-5.512160402854184, 40.18616475706311], [-5.512890069695302, 40.18221675116128], [-5.510485166106775, 40.177689017493755], [-5.503133281757244, 40.178912131147094], [-5.4987851525599964, 40.180308135749364], [-5.4977954309109505, 40.185851166282475]]]}, "properties": {"id": "d691e93d-c6c5-4e24-9ead-dc1419c37c94", "jurisdiction_code": "ES-EX", "jurisdiction_name": "Spain Extremadura", "class_label": "agroforestry", "agroforestry_subtype": "montado", "confidence_score": 0.676, "area_ha": 186.35, "uncertainty": 0.324, "data_origin": "synthetic", "generation_method": "scripts/generate_sample_parcels.py (v2, illustrative PoC)", "source": "Synthetic PoC generator (illustrative)", "source_year": 2024, "source_url": null, "processing_method": "GEDI LiDAR + ML", "model_version": "v1.2", "created_at": "2026-09-29T10:20:13.332784Z"}}, {"type": "Feature", "geometry": {"type": "Polygon", "coordinates": [[[-6.354681793114094, 39.4185001273319], [-6.355138717516587, 39.42053381616165], [-6.359490003317718, 39.42374721413244], [-6.361898597617421, 39.422356238092206], [-6.365712339297894, 39.42138293972679], [-6.364827151073555, 39.41837327786196], [-6.363706286992105, 39.41578650092433], [-6.3623739256141985, 39.41489003323264], [-6.358933470149514, 39.413771422116], [-6.3555945384576695, 39.415883047534855], [-6.354681793114094, 39.4185001273319]]]}, "properties": {"id": "07f22bfa-83c4-4641-9a97-0af2f7969928", "jurisdiction_code": "ES-EX", "jurisdiction_name": "Spain Extremadura", "class_label": "agroforestry", "agroforestry_subtype": "dehesa", "confidence_score": 0.685, "area_ha": 71.97, "uncertainty": 0.315, "data_origin": "synthetic", "generation_method": "scripts/generate_sample_parcels.py (v2, illustrative PoC)", "source": "Synthetic PoC generator (illustrative)", "source_year": 2023, "source_url": null, "processing_method": "GEDI LiDAR + ML", "model_version": "v1.7", "created_at": "2026-09-29T10:20:13.332813Z"}}, {"type": "Feature", "geometry": {"type": "Polygon", "coordinates": [[[-5.135505768384256, 39.831886111451624], [-5.138409717597487, 39.833817992068546], [-5.141738354955863, 39.83614755676863], [-5.14416403073553, 39.83568407009829], [-5.150213181097779, 39.835297122197964], [-5.152337940097383, 39.83190813532233], [-5.15015766544149, 39.828037295858856], [-5.144805847806598, 39.825059679300274], [-5.140140235973015, 39.82440576720006], [-5.13862475949638, 39.82800022679121], [-5.135505768384256, 39.831886111451624]]]}, "properties": {"id": "56756ca6-345a-4c86-88bb-80001b420ac6", "jurisdiction_code": "ES-EX", "jurisdiction_name": "Spain Extremadura", "class_label": "agroforestry", "agroforestry_subtype": "dehesa", "confidence_score": 0.901, "area_ha": 133.51, "uncertainty": 0.099, "data_origin": "synthetic", "generation_method": "scripts/generate_sample_parcels.py (v2, illustrative PoC)", "source": "Synthetic PoC generator (illustrative)", "source_year": 2022, "source_url": null, "processing_method": "Sentinel-2 + Random Forest", "model_version": "v1.8", "created_at": "2026-09-29T10:20:13.332843Z"}}, {"type": "Feature", "geometry": {"type": "Polygon", "coordinates": [[[-6.265724071045593, 38.26963666288774], [-6.267187301002422, 38.27232034598201], [-6.270817873960306, 38.275231918892096], [-6.275521752458276, 38.274690206972124], [-6.279993412236425, 38.27079229697032], [-6.279339009187175, 38.26828306839438], [-6.274903556494782, 38.26532620420892], [-6.269697769960418, 38.26428554161878], [-6.269364744257751, 38.26723443139738], [-6.265724071045593, 38.26963666288774]]]}, "properties": {"id": "5e017179-64a9-495d-a549-2ecc348867f7", "jurisdiction_code": "ES-EX", "jurisdiction_name": "Spain Extremadura", "class_label": "agroforestry", "agroforestry_subtype": "dehesa", "confidence_score": 0.666, "area_ha": 114.06, "uncertainty": 0.334, "data_origin": "synthetic", "generation_method": "scripts/generate_sample_parcels.py (v2, illustrative PoC)", "source": "Synthetic PoC generator (illustrative)", "source_year": 2022, "source_url": null, "processing_method": "Sentinel-2 + Random Forest", "model_version": "v2.6", "created_at": "2026-09-29T10:20:13.332870Z"}}, {"type": "Feature", "geometry": {"type": "Polygon", "coordinates": [[[-6.722355013303928, 40.28534890770563], [-6.728205372825185, 40.291382669603244], [-6.730016237303165, 40.29776712955299], [-6.740167668017374, 40.295171737579345], [-6.74278487985018, 40.291499862998684], [-6.749483954650445, 40.28763035300837], [-6.744920246575625, 40.280637026199926], [-6.740466580917761, 40.27722651075412], [-6.731465645388239, 40.28104963337086], [-6.7244230311582855, 40.281871327675375], [-6.722355013303928, 40.28534890770563]]]}, "properties": {"id": "6467cf8f-b81c-4410-b72d-f86552349c22", "jurisdiction_code": "ES-EX", "jurisdiction_name": "Spain Extremadura", "class_label": "agroforestry", "agroforestry_subtype": "dehesa", "confidence_score": 0.668, "area_ha": 405.04, "uncertainty": 0.332, "data_origin": "synthetic", "generation_method": "scripts/generate_sample_parcels.py (v2, illustrative PoC)", "source": "Synthetic PoC generator (illustrative)", "source_year": 2022, "source_url": null, "processing_method": "PlanetScope + CNN", "model_version": "v1.4", "created_at": "2026-09-29T10:20:13.332899Z"}}, {"type": "Feature", "geometry": {"type": "Polygon", "coordinates": [[[-5.7577883441641236, 40.0223212498139], [-5.7605825498165775, 40.02664778855557], [-5.767597846371224, 40.02611842755135], [-5.772546489431793, 40.02068124099992], [-5.767087929278157, 40.01499738383842], [-5.759250503971729, 40.016171313667265], [-5.7577883441641236, 40.0223212498139]]]}, "properties": {"id": "80678abc-c5d0-49ae-85e0-e5015f09d69a", "jurisdiction_code": "ES-EX", "jurisdiction_name": "Spain Extremadura", "class_label": "agroforestry", "agroforestry_subtype": "dehesa", "confidence_score": 0.686, "area_ha": 142.1, "uncertainty": 0.314, "data_origin": "synthetic", "generation_method": "scripts/generate_sample_parcels.py (v2, illustrative PoC)", "source": "Synthetic PoC generator (illustrative)", "source_year": 2020, "source_url": null, "processing_method": "Sentinel-2 + Random Forest", "model_version": "v3.6", "created_at": "2026-09-29T10:20:13.332923Z"}}, {"type": "Feature", "geometry": {"type": "Polygon", "coordinates": [[[-5.111797609808176, 38.25478359241014], [-5.113023094499754, 38.257250979141375], [-5.115367453352158, 38.25736722817718], [-5.1192338978364065, 38.25687225767911], [-5.12125757314117, 38.25636646721262], [-5.122400236609548, 38.25388609773917], [-5.120669508673064, 38.25288677225817], [-5.118439491291129, 38.250705068038464], [-5.115778120875263, 38.2496759814887], [-5.113538330198191, 38.25229496656796], [-5.111797609808176, 38.25478359241014]]]}, "properties": {"id": "d9fb575c-f843-4c60-adc7-efd28ba2f661", "jurisdiction_code": "ES-EX", "jurisdiction_name": "Spain Extremadura", "class_label": "agroforestry", "agroforestry_subtype": "silvopasture", "confidence_score": 0.66, "area_ha": 55.7, "uncertainty": 0.34, "data_origin": "synthetic", "generation_method": "scripts/generate_sample_parcels.py (v2, illustrative PoC)", "source": "Synthetic PoC generator (illustrative)", "source_year": 2022, "source_url": null, "processing_method": "GEDI LiDAR + ML", "model_version": "v1.8", "created_at": "2026-09-29T10:20:13.332953Z"}}, {"type": "Feature", "geometry": {"type": "Polygon", "coordinates": [[[-5.128018946687742, 40.41237997899353], [-5.128294722241303, 40.418468278342246], [-5.136290353548444, 40.42130557512486], [-5.143546666346439, 40.417932800306154], [-5.145570889393661, 40.41217704385205], [-5.144775370882018, 40.40894836953138], [-5.136994974379176, 40.406375818080434], [-5.130417835032781, 40.40831298073325], [-5.128018946687742, 40.41237997899353]]]}, "properties": {"id": "aca42a7c-920a-450b-b9c3-18ca4b4b6d03", "jurisdiction_code": "ES-EX", "jurisdiction_name": "Spain Extremadura", "class_label": "agroforestry", "agroforestry_subtype": "dehesa", "confidence_score": 0.949, "area_ha": 152.18, "uncertainty": 0.051, "data_origin": "synthetic", "generation_method": "scripts/generate_sample_parcels.py (v2, illustrative PoC)", "source": "Synthetic PoC generator (illustrative)", "source_year": 2020, "source_url": null, "processing_method": "GEDI LiDAR + ML", "model_version": "v2.3", "created_at": "2026-09-29T10:20:13.332979Z"}}, {"type": "Feature", "geometry": {"type": "Polygon", "coordinates": [[[-6.435310548906065, 39.995083305071304], [-6.437823925701505, 39.99836853535776], [-6.439853194192419, 39.99878732137201], [-6.443551346709511, 39.999553894772845], [-6.445428839986555, 39.99825944075663], [-6.445660775006132, 39.99620982128364], [-6.444118964497213, 39.99365186656295], [-6.442308896166492, 39.993083062880345], [-6.440840282975225, 39.9924253330232], [-6.4380431293045675, 39.99444384089927], [-6.435310548906065, 39.995083305071304]]]}, "properties": {"id": "5388af2e-052f-4b42-857b-61f5ee17b027", "jurisdiction_code": "ES-EX", "jurisdiction_name": "Spain Extremadura", "class_label": "agroforestry", "agroforestry_subtype": "dehesa", "confidence_score": 0.617, "area_ha": 46.84, "uncertainty": 0.383, "data_origin": "synthetic", "generation_method": "scripts/generate_sample_parcels.py (v2, illustrative PoC)", "source": "Synthetic PoC generator (illustrative)", "source_year": 2020, "source_url": null, "processing_method": "PlanetScope + CNN", "model_version": "v1.0", "created_at": "2026-09-29T10:20:13.333008Z"}}, {"type": "Feature", "geometry": {"type": "Polygon", "coordinates": [[[-6.449452122952899, 38.29376011237698], [-6.450802136207479, 38.30117886999699], [-6.461233178954997, 38.301328912661475], [-6.463655483663878, 38.29463637541615], [-6.461819467514475, 38.28779254323853], [-6.4535601057198795, 38.289774122147854], [-6.449452122952899, 38.29376011237698]]]}, "properties": {"id": "86281bf1-0c81-451b-8564-9bf67f8b1ed9", "jurisdiction_code": "ES-EX", "jurisdiction_name": "Spain Extremadura", "class_label": "agroforestry", "agroforestry_subtype": "dehesa", "confidence_score": 0.937, "area_ha": 129.92, "uncertainty": 0.063, "data_origin": "synthetic", "generation_method": "scripts/generate_sample_parcels.py (v2, illustrative PoC)", "source": "Synthetic PoC generator (illustrative)", "source_year": 2024, "source_url": null, "processing_method": "PlanetScope + CNN", "model_version": "v1.0", "created_at": "2026-09-29T10:20:13.333032Z"}}, {"type": "Feature", "geometry": {"type": "Polygon", "coordinates": [[[-5.630933482164054, 38.67864787024802], [-5.6310081784631345, 38.681441976425894], [-5.636169629459758, 38.68419227281543], [-5.642754804579076, 38.68379837151223], [-5.644743653463201, 38.67731889093711], [-5.64196750957882, 38.675059659053574], [-5.637611906377164, 38.67232537155179], [-5.631678502090227, 38.671586614326415], [-5.630933482164054, 38.67864787024802]]]}, "properties": {"id": "4a6a484b-436a-4209-8d8d-eb4cc1e41af3", "jurisdiction_code": "ES-EX", "jurisdiction_name": "Spain Extremadura", "class_label": "agroforestry", "agroforestry_subtype": "montado", "confidence_score": 0.894, "area_ha": 129.19, "uncertainty": 0.106, "data_origin": "synthetic", "generation_method": "scripts/generate_sample_parcels.py (v2, illustrative PoC)", "source": "Synthetic PoC generator (illustrative)", "source_year": 2021, "source_url": null, "processing_method": "Sentinel-2 + Random Forest", "model_version": "v2.8", "created_at": "2026-09-29T10:20:13.333059Z"}}, {"type": "Feature", "geometry": {"type": "Polygon", "coordinates": [[[-5.606872842774993, 38.14765132006342], [-5.613457385829997, 38.155046849886524], [-5.625968356705604, 38.15357042994986], [-5.627785303949173, 38.141667364036145], [-5.613437357978301, 38.140297041385764], [-5.606872842774993, 38.14765132006342]]]}, "properties": {"id": "cec0581e-f1d7-4b99-a62d-9254bb583a84", "jurisdiction_code": "ES-EX", "jurisdiction_name": "Spain Extremadura", "class_label": "agroforestry", "agroforestry_subtype": "dehesa", "confidence_score": 0.667, "area_ha": 191.85, "uncertainty": 0.333, "data_origin": "synthetic", "generation_method": "scripts/generate_sample_parcels.py (v2, illustrative PoC)", "source": "Synthetic PoC generator (illustrative)", "source_year": 2020, "source_url": null, "processing_method": "PlanetScope + CNN", "model_version": "v1.3", "created_at": "2026-09-29T10:20:13.333082Z"}}, {"type": "Feature", "geometry": {"type": "Polygon", "coordinates": [[[-5.1926257646831235, 39.5248236610045], [-5.194987677370495, 39.530307376946254], [-5.2063601206091725, 39.52778066341129], [-5.203379044454686, 39.52115880636589], [-5.197421381185305, 39.51726496246416], [-5.1926257646831235, 39.5248236610045]]]}, "properties": {"id": "19c62691-4730-4827-9bb2-36f37ae04d8d", "jurisdiction_code": "ES-EX", "jurisdiction_name": "Spain Extremadura", "class_label": "agroforestry", "agroforestry_subtype": "woodlot", "confidence_score": 0.897, "area_ha": 105.46, "uncertainty": 0.103, "data_origin": "synthetic", "generation_method": "scripts/generate_sample_parcels.py (v2, illustrative PoC)", "source": "Synthetic PoC generator (illustrative)", "source_year": 2021, "source_url": null, "processing_method": "Hybrid Remote Sensing", "model_version": "v2.2", "created_at": "2026-09-29T10:20:13.333111Z"}}, {"type": "Feature", "geometry": {"type": "Polygon", "coordinates": [[[-5.19134531226891, 39.36307778966986], [-5.194529635955677, 39.36781188395838], [-5.201666628391904, 39.36679201346686], [-5.205912454695182, 39.36232868311393], [-5.201991713298668, 39.35923602579463], [-5.193552938163199, 39.3578408316449], [-5.19134531226891, 39.36307778966986]]]}, "properties": {"id": "26b8ead2-293c-4fae-9b5e-e90f86f7fb03", "jurisdiction_code": "ES-EX", "jurisdiction_name": "Spain Extremadura", "class_label": "agroforestry", "agroforestry_subtype": "dehesa", "confidence_score": 0.651, "area_ha": 117.47, "uncertainty": 0.349, "data_origin": "synthetic", "generation_method": "scripts/generate_sample_parcels.py (v2, illustrative PoC)", "source": "Synthetic PoC generator (illustrative)", "source_year": 2022, "source_url": null, "processing_method": "Hybrid Remote Sensing", "model_version": "v1.3", "created_at": "2026-09-29T10:20:13.333136Z"}}, {"type": "Feature", "geometry": {"type": "Polygon", "coordinates": [[[-5.862575287628878, 40.44172317586069], [-5.86586864524753, 40.44883730393667], [-5.874201896588514, 40.450818691281754], [-5.878933641335181, 40.4454075077397], [-5.878287763710597, 40.43908114050701], [-5.873811152118119, 40.433744028456275], [-5.866511486861304, 40.43902770215275], [-5.862575287628878, 40.44172317586069]]]}, "properties": {"id": "4417baca-f995-4edd-8996-2b80c9163fac", "jurisdiction_code": "ES-EX", "jurisdiction_name": "Spain Extremadura", "class_label": "agroforestry", "agroforestry_subtype": "dehesa", "confidence_score": 0.645, "area_ha": 194.26, "uncertainty": 0.355, "data_origin": "synthetic", "generation_method": "scripts/generate_sample_parcels.py (v2, illustrative PoC)", "source": "Synthetic PoC generator (illustrative)", "source_year": 2023, "source_url": null, "processing_method": "GEDI LiDAR + ML", "model_version": "v3.1", "created_at": "2026-09-29T10:20:13.333181Z"}}, {"type": "Feature", "geometry": {"type": "Polygon", "coordinates": [[[-6.336292886044916, 38.34132360293659], [-6.34228640372672, 38.34689351704447], [-6.345872149149819, 38.35067875566755], [-6.351849882720766, 38.34461542723525], [-6.353500798886979, 38.34012415416986], [-6.347952561382216, 38.33736572864225], [-6.340487505822432, 38.33651623553243], [-6.336292886044916, 38.34132360293659]]]}, "properties": {"id": "befc930d-d52e-454e-8f0b-b497df58bb1b", "jurisdiction_code": "ES-EX", "jurisdiction_name": "Spain Extremadura", "class_label": "agroforestry", "agroforestry_subtype": "dehesa", "confidence_score": 0.624, "area_ha": 183.71, "uncertainty": 0.376, "data_origin": "synthetic", "generation_method": "scripts/generate_sample_parcels.py (v2, illustrative PoC)", "source": "Synthetic PoC generator (illustrative)", "source_year": 2021, "source_url": null, "processing_method": "PlanetScope + CNN", "model_version": "v3.5", "created_at": "2026-09-29T10:20:13.333207Z"}}, {"type": "Feature", "geometry": {"type": "Polygon", "coordinates": [[[-6.379015286525592, 40.38682713567496], [-6.380494515302914, 40.391545308372436], [-6.387598665729692, 40.392673323899366], [-6.391272824892278, 40.39013810007339], [-6.390439753886942, 40.385076861908736], [-6.3870036244793305, 40.38185769220385], [-6.379104363325401, 40.38103773923408], [-6.379015286525592, 40.38682713567496]]]}, "properties": {"id": "762a02d3-5611-4eb9-a710-daae97f15c3d", "jurisdiction_code": "ES-EX", "jurisdiction_name": "Spain Extremadura", "class_label": "agroforestry", "agroforestry_subtype": "montado", "confidence_score": 0.66, "area_ha": 94.84, "uncertainty": 0.34, "data_origin": "synthetic", "generation_method": "scripts/generate_sample_parcels.py (v2, illustrative PoC)", "source": "Synthetic PoC generator (illustrative)", "source_year": 2021, "source_url": null, "processing_method": "PlanetScope + CNN", "model_version": "v2.1", "created_at": "2026-09-29T10:20:13.333232Z"}}, {"type": "Feature", "geometry": {"type": "Polygon", "coordinates": [[[-5.050785636032847, 39.48134045053762], [-5.054476564745852, 39.483969501709424], [-5.058321126431082, 39.48406185396612], [-5.058140493085975, 39.480227135120266], [-5.053921428933358, 39.47985086414766], [-5.050785636032847, 39.48134045053762]]]}, "properties": {"id": "7e76063c-6d4e-442f-a8cd-63c256a20053", "jurisdiction_code": "ES-EX", "jurisdiction_name": "Spain Extremadura", "class_label": "agroforestry", "agroforestry_subtype": "dehesa", "confidence_score": 0.679, "area_ha": 23.8, "uncertainty": 0.321, "data_origin": "synthetic", "generation_method": "scripts/generate_sample_parcels.py (v2, illustrative PoC)", "source": "Synthetic PoC generator (illustrative)", "source_year": 2023, "source_url": null, "processing_method": "Sentinel-2 + Random Forest", "model_version": "v1.6", "created_at": "2026-09-29T10:20:13.333256Z"}}, {"type": "Feature", "geometry": {"type": "Polygon", "coordinates": [[[-6.998693998871073, 39.46513554028391], [-6.999970486521917, 39.46791999642395], [-7.003713114012318, 39.471811848274605], [-7.008363208047611, 39.471326025098705], [-7.010452805667368, 39.46770493765293], [-7.013933986152151, 39.463622390791414], [-7.012262204065918, 39.46152621834187], [-7.010346371971024, 39.458678807776366], [-7.001546245915237, 39.45773988664388], [-6.997271683930214, 39.46129609595465], [-6.998693998871073, 39.46513554028391]]]}, "properties": {"id": "c3264933-647d-4951-99ad-4b7afb8bc292", "jurisdiction_code": "ES-EX", "jurisdiction_name": "Spain Extremadura", "class_label": "agroforestry", "agroforestry_subtype": "montado", "confidence_score": 0.636, "area_ha": 136.02, "uncertainty": 0.364, "data_origin": "synthetic", "generation_method": "scripts/generate_sample_parcels.py (v2, illustrative PoC)", "source": "Synthetic PoC generator (illustrative)", "source_year": 2021, "source_url": null, "processing_method": "Sentinel-2 + Random Forest", "model_version": "v3.8", "created_at": "2026-09-29T10:20:13.333286Z"}}, {"type": "Feature", "geometry": {"type": "Polygon", "coordinates": [[[-7.2161608689494505, 40.08008304122367], [-7.222403822675847, 40.08440422308761], [-7.232265448947137, 40.08249743860432], [-7.231821899782582, 40.075515695109225], [-7.221551942828702, 40.07359569942188], [-7.2161608689494505, 40.08008304122367]]]}, "properties": {"id": "3e535421-169b-46d0-bac3-d448acfee9ea", "jurisdiction_code": "ES-EX", "jurisdiction_name": "Spain Extremadura", "class_label": "agroforestry", "agroforestry_subtype": "dehesa", "confidence_score": 0.664, "area_ha": 120.27, "uncertainty": 0.336, "data_origin": "synthetic", "generation_method": "scripts/generate_sample_parcels.py (v2, illustrative PoC)", "source": "Synthetic PoC generator (illustrative)", "source_year": 2020, "source_url": null, "processing_method": "PlanetScope + CNN", "model_version": "v1.3", "created_at": "2026-09-29T10:20:13.333310Z"}}, {"type": "Feature", "geometry": {"type": "Polygon", "coordinates": [[[-6.981347290921699, 40.29947939525157], [-6.9827419341280015, 40.306835133526256], [-6.989131485019857, 40.30671621789468], [-6.994479129932597, 40.304449356347405], [-6.99684660728922, 40.29920863691463], [-6.994605820591608, 40.2958633054387], [-6.9896649181517105, 40.29461583226382], [-6.98412557525725, 40.29547664160073], [-6.981347290921699, 40.29947939525157]]]}, "properties": {"id": "b694d1a8-0659-462e-bff5-77e3eb509741", "jurisdiction_code": "ES-EX", "jurisdiction_name": "Spain Extremadura", "class_label": "agroforestry", "agroforestry_subtype": "silvopasture", "confidence_score": 0.687, "area_ha": 116.65, "uncertainty": 0.313, "data_origin": "synthetic", "generation_method": "scripts/generate_sample_parcels.py (v2, illustrative PoC)", "source": "Synthetic PoC generator (illustrative)", "source_year": 2024, "source_url": null, "processing_method": "GEDI LiDAR + ML", "model_version": "v3.4", "created_at": "2026-09-29T10:20:13.333336Z"}}, {"type": "Feature", "geometry": {"type": "Polygon", "coordinates": [[[-7.22169468016715, 39.962083726841726], [-7.22195507772511, 39.96487287851072], [-7.226907184818931, 39.966064992519456], [-7.23091439945805, 39.96534898919669], [-7.231036979752256, 39.96199741678668], [-7.2298858808513256, 39.95930611634509], [-7.226496596664397, 39.95754361656188], [-7.224427888301625, 39.95919434532967], [-7.22169468016715, 39.962083726841726]]]}, "properties": {"id": "e4003ac5-33eb-4ade-acb7-c665d6a5e8ef", "jurisdiction_code": "ES-EX", "jurisdiction_name": "Spain Extremadura", "class_label": "agroforestry", "agroforestry_subtype": "silvopasture", "confidence_score": 0.675, "area_ha": 52.53, "uncertainty": 0.325, "data_origin": "synthetic", "generation_method": "scripts/generate_sample_parcels.py (v2, illustrative PoC)", "source": "Synthetic PoC generator (illustrative)", "source_year": 2024, "source_url": null, "processing_method": "PlanetScope + CNN", "model_version": "v3.9", "created_at": "2026-09-29T10:20:13.333363Z"}}, {"type": "Feature", "geometry": {"type": "Polygon", "coordinates": [[[-7.022719130368523, 40.396494777200964], [-7.023944295239062, 40.40098872797972], [-7.029286181981669, 40.40277641077733], [-7.034855671623589, 40.405329371680374], [-7.038482562340169, 40.40084004208564], [-7.040039128820307, 40.39656401313294], [-7.042136270780171, 40.39321112349932], [-7.033880927899556, 40.39188556759959], [-7.029747089017221, 40.39285755025811], [-7.025367508752911, 40.39271941533102], [-7.022719130368523, 40.396494777200964]]]}, "properties": {"id": "0e58a316-7b57-4aa5-b70f-60fed9ef98e2", "jurisdiction_code": "ES-EX", "jurisdiction_name": "Spain Extremadura", "class_label": "agroforestry", "agroforestry_subtype": "dehesa", "confidence_score": 0.661, "area_ha": 198.76, "uncertainty": 0.339, "data_origin": "synthetic", "generation_method": "scripts/generate_sample_parcels.py (v2, illustrative PoC)", "source": "Synthetic PoC generator (illustrative)", "source_year": 2023, "source_url": null, "processing_method": "Hybrid Remote Sensing", "model_version": "v2.0", "created_at": "2026-09-29T10:20:13.333393Z"}}, {"type": "Feature", "geometry": {"type": "Polygon", "coordinates": [[[-6.064285698256733, 39.440381724027006], [-6.06732089450344, 39.44500015798259], [-6.0732567638957375, 39.44308008561249], [-6.072787251445441, 39.43815073165913], [-6.067083688440692, 39.436658417677954], [-6.064285698256733, 39.440381724027006]]]}, "properties": {"id": "e66465f4-15e9-4ccc-a769-f9dbfe9587e6", "jurisdiction_code": "ES-EX", "jurisdiction_name": "Spain Extremadura", "class_label": "agroforestry", "agroforestry_subtype": "montado", "confidence_score": 0.633, "area_ha": 47.5, "uncertainty": 0.367, "data_origin": "synthetic", "generation_method": "scripts/generate_sample_parcels.py (v2, illustrative PoC)", "source": "Synthetic PoC generator (illustrative)", "source_year": 2021, "source_url": null, "processing_method": "Hybrid Remote Sensing", "model_version": "v2.1", "created_at": "2026-09-29T10:20:13.333416Z"}}, {"type": "Feature", "geometry": {"type": "Polygon", "coordinates": [[[-5.563543425363734, 38.044088050994056], [-5.563524739203224, 38.048051132256475], [-5.568337509947879, 38.04970730774893], [-5.573106863268899, 38.048571789893224], [-5.577799616162742, 38.044864100286475], [-5.579147805811923, 38.042345567134866], [-5.574280226266337, 38.037640939523094], [-5.568409839824799, 38.03694422223809], [-5.563565129531748, 38.04046214929514], [-5.563543425363734, 38.044088050994056]]]}, "properties": {"id": "3ab119ca-360c-4bc4-8b8e-cb3024e961e4", "jurisdiction_code": "ES-EX", "jurisdiction_name": "Spain Extremadura", "class_label": "agroforestry", "agroforestry_subtype": "woodlot", "confidence_score": 0.652, "area_ha": 159.17, "uncertainty": 0.348, "data_origin": "synthetic", "generation_method": "scripts/generate_sample_parcels.py (v2, illustrative PoC)", "source": "Synthetic PoC generator (illustrative)", "source_year": 2022, "source_url": null, "processing_method": "GEDI LiDAR + ML", "model_version": "v3.0", "created_at": "2026-09-29T10:20:13.333446Z"}}, {"type": "Feature", "geometry": {"type": "Polygon", "coordinates": [[[-6.637063414193735, 39.96292947285476], [-6.644564271830605, 39.969617099117826], [-6.653167285242579, 39.97284731881493], [-6.657656056329173, 39.96492564335886], [-6.651103398891166, 39.95877337418937], [-6.64136150093368, 39.95797596076028], [-6.637063414193735, 39.96292947285476]]]}, "properties": {"id": "75f7845d-26c9-4565-aa6b-8738cd233a3c", "jurisdiction_code": "ES-EX", "jurisdiction_name": "Spain Extremadura", "class_label": "agroforestry", "agroforestry_subtype": "dehesa", "confidence_score": 0.631, "area_ha": 244.9, "uncertainty": 0.369, "data_origin": "synthetic", "generation_method": "scripts/generate_sample_parcels.py (v2, illustrative PoC)", "source": "Synthetic PoC generator (illustrative)", "source_year": 2024, "source_url": null, "processing_method": "Sentinel-2 + Random Forest", "model_version": "v3.5", "created_at": "2026-09-29T10:20:13.333470Z"}}, {"type": "Feature", "geometry": {"type": "Polygon", "coordinates": [[[-7.455321816942355, 39.20697755907882], [-7.45640440823438, 39.21332887126006], [-7.460140951803082, 39.21401150150331], [-7.465214346822823, 39.21561572704422], [-7.470487652752516, 39.21143323054195], [-7.474488994695515, 39.20855824671919], [-7.47144050982777, 39.20151886994496], [-7.46754979032741, 39.20009942663349], [-7.4604683438009625, 39.20299953771025], [-7.454730935642742, 39.20293238602005], [-7.455321816942355, 39.20697755907882]]]}, "properties": {"id": "6171971b-bec8-4940-b034-1591798ea64e", "jurisdiction_code": "ES-EX", "jurisdiction_name": "Spain Extremadura", "class_label": "agroforestry", "agroforestry_subtype": "dehesa", "confidence_score": 0.665, "area_ha": 257.99, "uncertainty": 0.335, "data_origin": "synthetic", "generation_method": "scripts/generate_sample_parcels.py (v2, illustrative PoC)", "source": "Synthetic PoC generator (illustrative)", "source_year": 2024, "source_url": null, "processing_method": "Hybrid Remote Sensing", "model_version": "v2.4", "created_at": "2026-09-29T10:20:13.333499Z"}}, {"type": "Feature", "geometry": {"type": "Polygon", "coordinates": [[[-7.271561346994094, 39.889732785220104], [-7.272401768712538, 39.8917906182603], [-7.2753810901793505, 39.89252695552425], [-7.276726086929032, 39.890537618746805], [-7.276623469299579, 39.88929290120972], [-7.275224766509983, 39.88861755343597], [-7.273482660442665, 39.888685902556404], [-7.271561346994094, 39.889732785220104]]]}, "properties": {"id": "e62e08ed-db8c-4c17-8a67-461485a36aca", "jurisdiction_code": "ES-EX", "jurisdiction_name": "Spain Extremadura", "class_label": "agroforestry", "agroforestry_subtype": "montado", "confidence_score": 0.653, "area_ha": 14.42, "uncertainty": 0.347, "data_origin": "synthetic", "generation_method": "scripts/generate_sample_parcels.py (v2, illustrative PoC)", "source": "Synthetic PoC generator (illustrative)", "source_year": 2021, "source_url": null, "processing_method": "Sentinel-2 + Random Forest", "model_version": "v3.0", "created_at": "2026-09-29T10:20:13.333525Z"}}, {"type": "Feature", "geometry": {"type": "Polygon", "coordinates": [[[-7.1338416170413, 39.61449405035227], [-7.135787837393832, 39.616815301879846], [-7.138288533080328, 39.616646806551415], [-7.139832099637965, 39.61444172703114], [-7.138274383477269, 39.61219512051404], [-7.1354148939650415, 39.61253903476181], [-7.1338416170413, 39.61449405035227]]]}, "properties": {"id": "75b2288a-5cc8-4848-88f1-06ad9655dd73", "jurisdiction_code": "ES-EX", "jurisdiction_name": "Spain Extremadura", "class_label": "agroforestry", "agroforestry_subtype": "montado", "confidence_score": 0.656, "area_ha": 20.6, "uncertainty": 0.344, "data_origin": "synthetic", "generation_method": "scripts/generate_sample_parcels.py (v2, illustrative PoC)", "source": "Synthetic PoC generator (illustrative)", "source_year": 2024, "source_url": null, "processing_method": "Sentinel-2 + Random Forest", "model_version": "v3.2", "created_at": "2026-09-29T10:20:13.333549Z"}}, {"type": "Feature", "geometry": {"type": "Polygon", "coordinates": [[[-7.493161898155323, 38.70874230375842], [-7.496435855627808, 38.71299479312849], [-7.503143687990731, 38.71235113734321], [-7.502524879407363, 38.70547857879057], [-7.496755228900693, 38.705170186484885], [-7.493161898155323, 38.70874230375842]]]}, "properties": {"id": "623f25f1-714d-478f-abc3-0c12be790380", "jurisdiction_code": "ES-EX", "jurisdiction_name": "Spain Extremadura", "class_label": "agroforestry", "agroforestry_subtype": "dehesa", "confidence_score": 0.617, "area_ha": 55.66, "uncertainty": 0.383, "data_origin": "synthetic", "generation_method": "scripts/generate_sample_parcels.py (v2, illustrative PoC)", "source": "Synthetic PoC generator (illustrative)", "source_year": 2020, "source_url": null, "processing_method": "PlanetScope + CNN", "model_version": "v3.3", "created_at": "2026-09-29T10:20:13.333572Z"}}, {"type": "Feature", "geometry": {"type": "Polygon", "coordinates": [[[-5.723876926485191, 39.070925107314814], [-5.724279205293029, 39.073611344190965], [-5.728554997383004, 39.07427836909728], [-5.732133301665016, 39.071810570462894], [-5.732847168861138, 39.068148286641794], [-5.729204710597954, 39.06687559430335], [-5.7245439764717, 39.06691932818621], [-5.723876926485191, 39.070925107314814]]]}, "properties": {"id": "a7ffddad-2c77-4988-ae0a-2650224440b3", "jurisdiction_code": "ES-EX", "jurisdiction_name": "Spain Extremadura", "class_label": "agroforestry", "agroforestry_subtype": "dehesa", "confidence_score": 0.909, "area_ha": 45.51, "uncertainty": 0.091, "data_origin": "synthetic", "generation_method": "scripts/generate_sample_parcels.py (v2, illustrative PoC)", "source": "Synthetic PoC generator (illustrative)", "source_year": 2021, "source_url": null, "processing_method": "PlanetScope + CNN", "model_version": "v1.2", "created_at": "2026-09-29T10:20:13.333599Z"}}, {"type": "Feature", "geometry": {"type": "Polygon", "coordinates": [[[-5.027717283619458, 38.80515420445507], [-5.03238891839228, 38.80835548983248], [-5.0385515612678695, 38.80852098096379], [-5.040909058462092, 38.8053751448187], [-5.038497677698802, 38.8011528152383], [-5.032639717332147, 38.80067152526053], [-5.027717283619458, 38.80515420445507]]]}, "properties": {"id": "7225d94b-ea4f-4092-a941-a47a51d4d24a", "jurisdiction_code": "ES-EX", "jurisdiction_name": "Spain Extremadura", "class_label": "agroforestry", "agroforestry_subtype": "dehesa", "confidence_score": 0.614, "area_ha": 71.77, "uncertainty": 0.386, "data_origin": "synthetic", "generation_method": "scripts/generate_sample_parcels.py (v2, illustrative PoC)", "source": "Synthetic PoC generator (illustrative)", "source_year": 2020, "source_url": null, "processing_method": "GEDI LiDAR + ML", "model_version": "v1.2", "created_at": "2026-09-29T10:20:13.333624Z"}}, {"type": "Feature", "geometry": {"type": "Polygon", "coordinates": [[[-7.487130329326514, 38.75735997071668], [-7.489194272705988, 38.76669441821014], [-7.49903573679378, 38.766234353074694], [-7.508223447661658, 38.761978164112215], [-7.506205068539727, 38.75315621997328], [-7.500571215385723, 38.74868455415519], [-7.4896466012974345, 38.751879710067556], [-7.487130329326514, 38.75735997071668]]]}, "properties": {"id": "a736f650-b2f5-4364-83a1-4c263e2e3632", "jurisdiction_code": "ES-EX", "jurisdiction_name": "Spain Extremadura", "class_label": "agroforestry", "agroforestry_subtype": "dehesa", "confidence_score": 0.648, "area_ha": 317.03, "uncertainty": 0.352, "data_origin": "synthetic", "generation_method": "scripts/generate_sample_parcels.py (v2, illustrative PoC)", "source": "Synthetic PoC generator (illustrative)", "source_year": 2021, "source_url": null, "processing_method": "Sentinel-2 + Random Forest", "model_version": "v1.4", "created_at": "2026-09-29T10:20:13.333649Z"}}, {"type": "Feature", "geometry": {"type": "Polygon", "coordinates": [[[-6.858323886183824, 38.8386025390882], [-6.859723265384248, 38.84083999778358], [-6.862296854942541, 38.84218485331874], [-6.864316737884665, 38.84248586632934], [-6.867578765119352, 38.84106928050726], [-6.866488775449212, 38.838374487715036], [-6.866446174761768, 38.83648128295067], [-6.864305738277397, 38.83602129836498], [-6.8621467609917115, 38.83629984672814], [-6.859526238794522, 38.83666479146955], [-6.858323886183824, 38.8386025390882]]]}, "properties": {"id": "625a2559-8a98-496f-8cd0-6aacce14a74b", "jurisdiction_code": "ES-EX", "jurisdiction_name": "Spain Extremadura", "class_label": "agroforestry", "agroforestry_subtype": "montado", "confidence_score": 0.617, "area_ha": 42.98, "uncertainty": 0.383, "data_origin": "synthetic", "generation_method": "scripts/generate_sample_parcels.py (v2, illustrative PoC)", "source": "Synthetic PoC generator (illustrative)", "source_year": 2022, "source_url": null, "processing_method": "GEDI LiDAR + ML", "model_version": "v2.5", "created_at": "2026-09-29T10:20:13.333681Z"}}, {"type": "Feature", "geometry": {"type": "Polygon", "coordinates": [[[-7.143976966659021, 40.36293616195787], [-7.146854347732985, 40.372277110149035], [-7.1607046789475, 40.37024844380053], [-7.163846171448051, 40.363447601033904], [-7.158335181647408, 40.356018733694405], [-7.147200448147247, 40.355800669910785], [-7.143976966659021, 40.36293616195787]]]}, "properties": {"id": "6c98b5d5-b25f-4cb3-a9f9-9d88ab64b0ca", "jurisdiction_code": "ES-EX", "jurisdiction_name": "Spain Extremadura", "class_label": "agroforestry", "agroforestry_subtype": "silvopasture", "confidence_score": 0.612, "area_ha": 270.18, "uncertainty": 0.388, "data_origin": "synthetic", "generation_method": "scripts/generate_sample_parcels.py (v2, illustrative PoC)", "source": "Synthetic PoC generator (illustrative)", "source_year": 2024, "source_url": null, "processing_method": "Hybrid Remote Sensing", "model_version": "v2.0", "created_at": "2026-09-29T10:20:13.333710Z"}}, {"type": "Feature", "geometry": {"type": "Polygon", "coordinates": [[[-5.008747502078907, 39.04931143354658], [-5.011898035019454, 39.054050147347], [-5.017951075297438, 39.057351932227874], [-5.020776460592688, 39.05770192267009], [-5.027102073863173, 39.057239082370494], [-5.029372206756982, 39.0521680166484], [-5.02746882588047, 39.045195868730126], [-5.0235862266599565, 39.04345041911504], [-5.015644094772081, 39.04391295233316], [-5.011425767667063, 39.046910503978935], [-5.008747502078907, 39.04931143354658]]]}, "properties": {"id": "61b6f8bd-dda2-4507-8882-b1e46e6cc31e", "jurisdiction_code": "ES-EX", "jurisdiction_name": "Spain Extremadura", "class_label": "agroforestry", "agroforestry_subtype": "montado", "confidence_score": 0.605, "area_ha": 171.28, "uncertainty": 0.395, "data_origin": "synthetic", "generation_method": "scripts/generate_sample_parcels.py (v2, illustrative PoC)", "source": "Synthetic PoC generator (illustrative)", "source_year": 2020, "source_url": null, "processing_method": "PlanetScope + CNN", "model_version": "v2.5", "created_at": "2026-09-29T10:20:13.333739Z"}}, {"type": "Feature", "geometry": {"type": "Polygon", "coordinates": [[[-7.452546290561197, 38.4374263887288], [-7.455562743828622, 38.44105784034321], [-7.457662475670882, 38.44273827210225], [-7.464262541430145, 38.44213278266787], [-7.462827806965526, 38.43880113128816], [-7.462144500164679, 38.43423856252081], [-7.457218735642957, 38.43242495630385], [-7.454331113257585, 38.4356200759857], [-7.452546290561197, 38.4374263887288]]]}, "properties": {"id": "aacebe79-47ad-433c-93a9-80af84ff791d", "jurisdiction_code": "ES-EX", "jurisdiction_name": "Spain Extremadura", "class_label": "agroforestry", "agroforestry_subtype": "dehesa", "confidence_score": 0.621, "area_ha": 73.01, "uncertainty": 0.379, "data_origin": "synthetic", "generation_method": "scripts/generate_sample_parcels.py (v2, illustrative PoC)", "source": "Synthetic PoC generator (illustrative)", "source_year": 2023, "source_url": null, "processing_method": "Hybrid Remote Sensing", "model_version": "v3.7", "created_at": "2026-09-29T10:20:13.333769Z"}}, {"type": "Feature", "geometry": {"type": "Polygon", "coordinates": [[[-6.736233285727806, 38.75048059649309], [-6.73558274576636, 38.754953180265005], [-6.740370090263274, 38.75499685038858], [-6.744862203370242, 38.75317709953534], [-6.746750478508854, 38.75061037989584], [-6.744944913414284, 38.74738509811918], [-6.740763157152506, 38.7441107124573], [-6.73711756457506, 38.74690716533874], [-6.736233285727806, 38.75048059649309]]]}, "properties": {"id": "48328023-957a-4834-86d8-20d5b5412785", "jurisdiction_code": "ES-EX", "jurisdiction_name": "Spain Extremadura", "class_label": "agroforestry", "agroforestry_subtype": "montado", "confidence_score": 0.663, "area_ha": 95.43, "uncertainty": 0.337, "data_origin": "synthetic", "generation_method": "scripts/generate_sample_parcels.py (v2, illustrative PoC)", "source": "Synthetic PoC generator (illustrative)", "source_year": 2022, "source_url": null, "processing_method": "PlanetScope + CNN", "model_version": "v3.0", "created_at": "2026-09-29T10:20:13.333799Z"}}, {"type": "Feature", "geometry": {"type": "Polygon", "coordinates": [[[-5.420540416947911, 38.655421133203504], [-5.42648736992464, 38.65898121449856], [-5.4338143463415, 38.66028758812744], [-5.435947033796164, 38.655037891577045], [-5.434238322032162, 38.64988875187052], [-5.426956211203405, 38.6496137024133], [-5.420540416947911, 38.655421133203504]]]}, "properties": {"id": "ef6183bd-cd1f-4088-9ed8-6d753d411913", "jurisdiction_code": "ES-EX", "jurisdiction_name": "Spain Extremadura", "class_label": "agroforestry", "agroforestry_subtype": "woodlot", "confidence_score": 0.616, "area_ha": 129.96, "uncertainty": 0.384, "data_origin": "synthetic", "generation_method": "scripts/generate_sample_parcels.py (v2, illustrative PoC)", "source": "Synthetic PoC generator (illustrative)", "source_year": 2021, "source_url": null, "processing_method": "GEDI LiDAR + ML", "model_version": "v2.7", "created_at": "2026-09-29T10:20:13.333824Z"}}, {"type": "Feature", "geometry": {"type": "Polygon", "coordinates": [[[-6.372904638879223, 39.68491154092205], [-6.374595960131497, 39.68726365081712], [-6.376566334048885, 39.68778455059975], [-6.379232654498284, 39.68793314846421], [-6.3831394690522485, 39.686873293700025], [-6.381705680894585, 39.68352856151456], [-6.38094210951617, 39.681650529196546], [-6.376307451516909, 39.680567373905006], [-6.373241651792804, 39.68196114789589], [-6.372904638879223, 39.68491154092205]]]}, "properties": {"id": "6270fcfa-38b2-4f08-b486-e065df109b7e", "jurisdiction_code": "ES-EX", "jurisdiction_name": "Spain Extremadura", "class_label": "agroforestry", "agroforestry_subtype": "dehesa", "confidence_score": 0.628, "area_ha": 60.0, "uncertainty": 0.372, "data_origin": "synthetic", "generation_method": "scripts/generate_sample_parcels.py (v2, illustrative PoC)", "source": "Synthetic PoC generator (illustrative)", "source_year": 2024, "source_url": null, "processing_method": "PlanetScope + CNN", "model_version": "v1.0", "created_at": "2026-09-29T10:20:13.333854Z"}}, {"type": "Feature", "geometry": {"type": "Polygon", "coordinates": [[[-6.145205710436439, 39.40275807887967], [-6.146198044169096, 39.40500017064165], [-6.150031963075502, 39.40461477054208], [-6.151701508999694, 39.40548378352009], [-6.153922773180748, 39.40337999198112], [-6.155359927446225, 39.40103971260825], [-6.1526399428254175, 39.398924258814034], [-6.149606987912601, 39.399398125846844], [-6.146129154108005, 39.39969380401003], [-6.145205710436439, 39.40275807887967]]]}, "properties": {"id": "10445515-a442-4b7d-9a5a-1f8ef0eac6ca", "jurisdiction_code": "ES-EX", "jurisdiction_name": "Spain Extremadura", "class_label": "agroforestry", "agroforestry_subtype": "dehesa", "confidence_score": 0.642, "area_ha": 54.28, "uncertainty": 0.358, "data_origin": "synthetic", "generation_method": "scripts/generate_sample_parcels.py (v2, illustrative PoC)", "source": "Synthetic PoC generator (illustrative)", "source_year": 2021, "source_url": null, "processing_method": "Sentinel-2 + Random Forest", "model_version": "v3.7", "created_at": "2026-09-29T10:20:13.333882Z"}}, {"type": "Feature", "geometry": {"type": "Polygon", "coordinates": [[[-6.238021016604533, 40.13467565726575], [-6.239380340123941, 40.13820715645084], [-6.242401376021999, 40.13800347075891], [-6.245743440070173, 40.138549072739444], [-6.247512988467796, 40.1370088920169], [-6.24893099403919, 40.135650419770954], [-6.2493362979593945, 40.13340850198627], [-6.24663523922277, 40.13067292837737], [-6.242641378399988, 40.13149066391988], [-6.240901117380793, 40.13388316982772], [-6.238021016604533, 40.13467565726575]]]}, "properties": {"id": "8f3636fe-d04a-44b6-86ca-4c6acff1351b", "jurisdiction_code": "ES-EX", "jurisdiction_name": "Spain Extremadura", "class_label": "agroforestry", "agroforestry_subtype": "dehesa", "confidence_score": 0.614, "area_ha": 58.64, "uncertainty": 0.386, "data_origin": "synthetic", "generation_method": "scripts/generate_sample_parcels.py (v2, illustrative PoC)", "source": "Synthetic PoC generator (illustrative)", "source_year": 2022, "source_url": null, "processing_method": "Hybrid Remote Sensing", "model_version": "v3.1", "created_at": "2026-09-29T10:20:13.333912Z"}}, {"type": "Feature", "geometry": {"type": "Polygon", "coordinates": [[[-6.930761454826482, 38.452009927239175], [-6.93314306517836, 38.45849207814455], [-6.940674720266916, 38.457671893297444], [-6.943812080325431, 38.45331164283613], [-6.9403881781253265, 38.44750136673062], [-6.9334600823796775, 38.44795108164349], [-6.930761454826482, 38.452009927239175]]]}, "properties": {"id": "faeabf2e-6a44-4c2d-8857-5d80b2e62ce2", "jurisdiction_code": "ES-EX", "jurisdiction_name": "Spain Extremadura", "class_label": "agroforestry", "agroforestry_subtype": "dehesa", "confidence_score": 0.648, "area_ha": 101.29, "uncertainty": 0.352, "data_origin": "synthetic", "generation_method": "scripts/generate_sample_parcels.py (v2, illustrative PoC)", "source": "Synthetic PoC generator (illustrative)", "source_year": 2022, "source_url": null, "processing_method": "Sentinel-2 + Random Forest", "model_version": "v1.4", "created_at": "2026-09-29T10:20:13.333936Z"}}, {"type": "Feature", "geometry": {"type": "Polygon", "coordinates": [[[-5.12521745686373, 38.91600016247629], [-5.126540868970443, 38.919693446233254], [-5.1314933851035045, 38.92528980291325], [-5.138427976900064, 38.92347632377184], [-5.1431041151907655, 38.920537275314246], [-5.140596365911018, 38.91395403866436], [-5.135842832173815, 38.91169025228677], [-5.129253274470502, 38.908232633042644], [-5.125596622204267, 38.912449812220565], [-5.12521745686373, 38.91600016247629]]]}, "properties": {"id": "11a65e8f-61bc-43d0-afcc-62ec5401eaca", "jurisdiction_code": "ES-EX", "jurisdiction_name": "Spain Extremadura", "class_label": "agroforestry", "agroforestry_subtype": "dehesa", "confidence_score": 0.891, "area_ha": 188.71, "uncertainty": 0.109, "data_origin": "synthetic", "generation_method": "scripts/generate_sample_parcels.py (v2, illustrative PoC)", "source": "Synthetic PoC generator (illustrative)", "source_year": 2021, "source_url": null, "processing_method": "PlanetScope + CNN", "model_version": "v1.8", "created_at": "2026-09-29T10:20:13.333964Z"}}, {"type": "Feature", "geometry": {"type": "Polygon", "coordinates": [[[-5.774768291522022, 39.20579018073025], [-5.779925909343981, 39.21467498460187], [-5.791428078301252, 39.20881845846545], [-5.79391760150354, 39.199748513197235], [-5.782717345568108, 39.19689183054933], [-5.774768291522022, 39.20579018073025]]]}, "properties": {"id": "781e7cfc-67d4-47c0-996b-cc70dbf39948", "jurisdiction_code": "ES-EX", "jurisdiction_name": "Spain Extremadura", "class_label": "agroforestry", "agroforestry_subtype": "dehesa", "confidence_score": 0.649, "area_ha": 272.39, "uncertainty": 0.351, "data_origin": "synthetic", "generation_method": "scripts/generate_sample_parcels.py (v2, illustrative PoC)", "source": "Synthetic PoC generator (illustrative)", "source_year": 2024, "source_url": null, "processing_method": "PlanetScope + CNN", "model_version": "v2.2", "created_at": "2026-09-29T10:20:13.333988Z"}}, {"type": "Feature", "geometry": {"type": "Polygon", "coordinates": [[[-6.168822494350045, 40.06239538993633], [-6.169357314750857, 40.063465350718126], [-6.171191596303951, 40.064607970093775], [-6.173164058967958, 40.064607369555226], [-6.175802081073831, 40.06405582499292], [-6.17483229404744, 40.06276549652087], [-6.174502456523054, 40.06081949160702], [-6.1736523697258265, 40.05876085467393], [-6.1707441497564695, 40.05924924495164], [-6.1692049640627085, 40.06019938525658], [-6.168822494350045, 40.06239538993633]]]}, "properties": {"id": "fbf88cce-2506-4579-8025-35a25640d56b", "jurisdiction_code": "ES-EX", "jurisdiction_name": "Spain Extremadura", "class_label": "agroforestry", "agroforestry_subtype": "silvopasture", "confidence_score": 0.615, "area_ha": 28.59, "uncertainty": 0.385, "data_origin": "synthetic", "generation_method": "scripts/generate_sample_parcels.py (v2, illustrative PoC)", "source": "Synthetic PoC generator (illustrative)", "source_year": 2020, "source_url": null, "processing_method": "PlanetScope + CNN", "model_version": "v3.5", "created_at": "2026-09-29T10:20:13.334018Z"}}, {"type": "Feature", "geometry": {"type": "Polygon", "coordinates": [[[-5.266677943922326, 38.74103789841306], [-5.267324108420047, 38.74236433759524], [-5.269182924161857, 38.74309368886306], [-5.271119543390501, 38.744100013571156], [-5.2730809807948535, 38.74211618819826], [-5.273951579537484, 38.74061675721324], [-5.272136471666915, 38.739642977827074], [-5.271110959753051, 38.73797685384961], [-5.268294317517525, 38.73760885326858], [-5.266178277421467, 38.738638429567565], [-5.266677943922326, 38.74103789841306]]]}, "properties": {"id": "89cb9a18-10ce-4fb8-9cd8-ed1ec19cf872", "jurisdiction_code": "ES-EX", "jurisdiction_name": "Spain Extremadura", "class_label": "agroforestry", "agroforestry_subtype": "montado", "confidence_score": 0.654, "area_ha": 39.77, "uncertainty": 0.346, "data_origin": "synthetic", "generation_method": "scripts/generate_sample_parcels.py (v2, illustrative PoC)", "source": "Synthetic PoC generator (illustrative)", "source_year": 2022, "source_url": null, "processing_method": "Sentinel-2 + Random Forest", "model_version": "v3.3", "created_at": "2026-09-29T10:20:13.334047Z"}}, {"type": "Feature", "geometry": {"type": "Polygon", "coordinates": [[[-7.111862888743697, 40.24160169819049], [-7.116836719825557, 40.24726918437706], [-7.123653025146568, 40.24777305290062], [-7.131402111987293, 40.24595259636525], [-7.137056807783041, 40.238815305796415], [-7.131270346824532, 40.23262164895373], [-7.1260911839317975, 40.23110643020572], [-7.119519524806032, 40.234386513855085], [-7.111862888743697, 40.24160169819049]]]}, "properties": {"id": "08f52163-430c-485e-afca-ed861a531831", "jurisdiction_code": "ES-EX", "jurisdiction_name": "Spain Extremadura", "class_label": "agroforestry", "agroforestry_subtype": "montado", "confidence_score": 0.675, "area_ha": 267.29, "uncertainty": 0.325, "data_origin": "synthetic", "generation_method": "scripts/generate_sample_parcels.py (v2, illustrative PoC)", "source": "Synthetic PoC generator (illustrative)", "source_year": 2020, "source_url": null, "processing_method": "Sentinel-2 + Random Forest", "model_version": "v3.8", "created_at": "2026-09-29T10:20:13.334076Z"}}, {"type": "Feature", "geometry": {"type": "Polygon", "coordinates": [[[-6.89560232688511, 39.7090109108591], [-6.896190925432274, 39.71160149150888], [-6.903829063378997, 39.712224295142335], [-6.907529557975927, 39.71125015179382], [-6.909615120794886, 39.7069729605456], [-6.906959828788469, 39.704811193338585], [-6.9042751260155715, 39.70228704974231], [-6.898792149458856, 39.7030637552149], [-6.89560232688511, 39.7090109108591]]]}, "properties": {"id": "aae344f9-ae5e-4ad5-b59e-375b104e6285", "jurisdiction_code": "ES-EX", "jurisdiction_name": "Spain Extremadura", "class_label": "agroforestry", "agroforestry_subtype": "montado", "confidence_score": 0.672, "area_ha": 85.28, "uncertainty": 0.328, "data_origin": "synthetic", "generation_method": "scripts/generate_sample_parcels.py (v2, illustrative PoC)", "source": "Synthetic PoC generator (illustrative)", "source_year": 2024, "source_url": null, "processing_method": "Hybrid Remote Sensing", "model_version": "v2.0", "created_at": "2026-09-29T10:20:13.334103Z"}}, {"type": "Feature", "geometry": {"type": "Polygon", "coordinates": [[[-5.347619852461353, 40.22326604414393], [-5.351011006134231, 40.2269878921036], [-5.358807375393758, 40.225696105413], [-5.3611529955501185, 40.22314378499629], [-5.358921491462884, 40.21653574756457], [-5.352323791264459, 40.21746001092902], [-5.347619852461353, 40.22326604414393]]]}, "properties": {"id": "c1ee25b4-1d01-4142-bb99-0c5c141afe6f", "jurisdiction_code": "ES-EX", "jurisdiction_name": "Spain Extremadura", "class_label": "agroforestry", "agroforestry_subtype": "dehesa", "confidence_score": 0.64, "area_ha": 116.44, "uncertainty": 0.36, "data_origin": "synthetic", "generation_method": "scripts/generate_sample_parcels.py (v2, illustrative PoC)", "source": "Synthetic PoC generator (illustrative)", "source_year": 2022, "source_url": null, "processing_method": "GEDI LiDAR + ML", "model_version": "v2.8", "created_at": "2026-09-29T10:20:13.334127Z"}}, {"type": "Feature", "geometry": {"type": "Polygon", "coordinates": [[[-5.944692965373117, 38.19473943292233], [-5.948766505754039, 38.19961106144581], [-5.957806683487851, 38.19839631657102], [-5.9575310631087, 38.192338384027146], [-5.951206995992727, 38.190330462061326], [-5.944692965373117, 38.19473943292233]]]}, "properties": {"id": "b4c2e797-7ff4-4ca9-b6ce-8d789943dda1", "jurisdiction_code": "ES-EX", "jurisdiction_name": "Spain Extremadura", "class_label": "agroforestry", "agroforestry_subtype": "silvopasture", "confidence_score": 0.628, "area_ha": 78.15, "uncertainty": 0.372, "data_origin": "synthetic", "generation_method": "scripts/generate_sample_parcels.py (v2, illustrative PoC)", "source": "Synthetic PoC generator (illustrative)", "source_year": 2021, "source_url": null, "processing_method": "GEDI LiDAR + ML", "model_version": "v3.9", "created_at": "2026-09-29T10:20:13.334150Z"}}, {"type": "Feature", "geometry": {"type": "Polygon", "coordinates": [[[-6.7911218457402125, 40.36426160677595], [-6.796481459139411, 40.36849150035169], [-6.805167445040233, 40.372122932181306], [-6.807692119228105, 40.36781277629687], [-6.806907927070989, 40.36233317656675], [-6.802667768164632, 40.357197478108745], [-6.794077060600684, 40.35836625581622], [-6.7911218457402125, 40.36426160677595]]]}, "properties": {"id": "32738552-a5d9-4d5c-84c9-0ec5be4b49f8", "jurisdiction_code": "ES-EX", "jurisdiction_name": "Spain Extremadura", "class_label": "agroforestry", "agroforestry_subtype": "dehesa", "confidence_score": 0.642, "area_ha": 204.51, "uncertainty": 0.358, "data_origin": "synthetic", "generation_method": "scripts/generate_sample_parcels.py (v2, illustrative PoC)", "source": "Synthetic PoC generator (illustrative)", "source_year": 2022, "source_url": null, "processing_method": "PlanetScope + CNN", "model_version": "v1.0", "created_at": "2026-09-29T10:20:13.334176Z"}}, {"type": "Feature", "geometry": {"type": "Polygon", "coordinates": [[[-6.7097792451334275, 40.18837190898437], [-6.712312058717963, 40.19223759131486], [-6.716400928617091, 40.192144373853566], [-6.721199760381452, 40.190718638959666], [-6.7222619243780475, 40.18461491713977], [-6.716934063130929, 40.18211720033884], [-6.711710333097966, 40.185135800247174], [-6.7097792451334275, 40.18837190898437]]]}, "properties": {"id": "9ddb0577-772f-4a6f-ac82-76eda7d0ab72", "jurisdiction_code": "ES-EX", "jurisdiction_name": "Spain Extremadura", "class_label": "agroforestry", "agroforestry_subtype": "silvopasture", "confidence_score": 0.935, "area_ha": 71.36, "uncertainty": 0.065, "data_origin": "synthetic", "generation_method": "scripts/generate_sample_parcels.py (v2, illustrative PoC)", "source": "Synthetic PoC generator (illustrative)", "source_year": 2020, "source_url": null, "processing_method": "Sentinel-2 + Random Forest", "model_version": "v2.9", "created_at": "2026-09-29T10:20:13.334202Z"}}, {"type": "Feature", "geometry": {"type": "Polygon", "coordinates": [[[-7.490218218434324, 39.51852661008621], [-7.491808316851869, 39.521811578027645], [-7.495833872451298, 39.520709961553194], [-7.496824730409396, 39.51907962182012], [-7.495475361988649, 39.51600722463355], [-7.492421106781101, 39.516500205381924], [-7.490218218434324, 39.51852661008621]]]}, "properties": {"id": "5cd56b6c-0a4b-43b6-adde-7d4259dd2ce7", "jurisdiction_code": "ES-EX", "jurisdiction_name": "Spain Extremadura", "class_label": "agroforestry", "agroforestry_subtype": "montado", "confidence_score": 0.623, "area_ha": 27.9, "uncertainty": 0.377, "data_origin": "synthetic", "generation_method": "scripts/generate_sample_parcels.py (v2, illustrative PoC)", "source": "Synthetic PoC generator (illustrative)", "source_year": 2024, "source_url": null, "processing_method": "Hybrid Remote Sensing", "model_version": "v3.9", "created_at": "2026-09-29T10:20:13.334228Z"}}, {"type": "Feature", "geometry": {"type": "Polygon", "coordinates": [[[-5.5312359387891865, 38.848464569841816], [-5.533716745473751, 38.850573346199496], [-5.535969798387975, 38.851896951610286], [-5.540677840362898, 38.851238942769676], [-5.542802798265181, 38.848947807136994], [-5.539671865980032, 38.84649831491517], [-5.535876805176991, 38.84510667259036], [-5.532903798232697, 38.8462426629562], [-5.5312359387891865, 38.848464569841816]]]}, "properties": {"id": "ee6c32a2-dfa1-4c8a-8d7a-653dfab7da30", "jurisdiction_code": "ES-EX", "jurisdiction_name": "Spain Extremadura", "class_label": "agroforestry", "agroforestry_subtype": "montado", "confidence_score": 0.902, "area_ha": 45.31, "uncertainty": 0.098, "data_origin": "synthetic", "generation_method": "scripts/generate_sample_parcels.py (v2, illustrative PoC)", "source": "Synthetic PoC generator (illustrative)", "source_year": 2021, "source_url": null, "processing_method": "PlanetScope + CNN", "model_version": "v3.2", "created_at": "2026-09-29T10:20:13.334256Z"}}, {"type": "Feature", "geometry": {"type": "Polygon", "coordinates": [[[-6.914376767224543, 39.45841928259984], [-6.916332630002734, 39.461890573416376], [-6.922459938959811, 39.46299378497694], [-6.925342112067052, 39.460025086435735], [-6.924900262120678, 39.45656972957893], [-6.922579782067168, 39.453207673055815], [-6.9163763409581005, 39.45479227341712], [-6.914376767224543, 39.45841928259984]]]}, "properties": {"id": "d9eb484d-71cb-436b-a04e-9b0b55031958", "jurisdiction_code": "ES-EX", "jurisdiction_name": "Spain Extremadura", "class_label": "agroforestry", "agroforestry_subtype": "dehesa", "confidence_score": 0.601, "area_ha": 88.94, "uncertainty": 0.399, "data_origin": "synthetic", "generation_method": "scripts/generate_sample_parcels.py (v2, illustrative PoC)", "source": "Synthetic PoC generator (illustrative)", "source_year": 2024, "source_url": null, "processing_method": "PlanetScope + CNN", "model_version": "v3.5", "created_at": "2026-09-29T10:20:13.334281Z"}}, {"type": "Feature", "geometry": {"type": "Polygon", "coordinates": [[[-5.2005749788054825, 38.00575762767391], [-5.202925656174078, 38.01007635508386], [-5.204916304969422, 38.01153594467742], [-5.209780466738938, 38.01172833969904], [-5.211088615292877, 38.00937734763869], [-5.214762564306029, 38.00775797900127], [-5.210878168928094, 38.004781322891965], [-5.208660526678874, 38.00191671286056], [-5.204995096204547, 38.00160173256334], [-5.201090919953437, 38.00305923966882], [-5.2005749788054825, 38.00575762767391]]]}, "properties": {"id": "a256d0dc-e773-48c7-ae36-8e11863e7ab0", "jurisdiction_code": "ES-EX", "jurisdiction_name": "Spain Extremadura", "class_label": "agroforestry", "agroforestry_subtype": "dehesa", "confidence_score": 0.941, "area_ha": 95.47, "uncertainty": 0.059, "data_origin": "synthetic", "generation_method": "scripts/generate_sample_parcels.py (v2, illustrative PoC)", "source": "Synthetic PoC generator (illustrative)", "source_year": 2024, "source_url": null, "processing_method": "GEDI LiDAR + ML", "model_version": "v2.0", "created_at": "2026-09-29T10:20:13.334310Z"}}, {"type": "Feature", "geometry": {"type": "Polygon", "coordinates": [[[-5.555072253888394, 40.14488431624865], [-5.557860651839826, 40.147324474622714], [-5.5613234495462285, 40.147561182762644], [-5.564121731095114, 40.145779914457094], [-5.562718219924095, 40.14276726000101], [-5.55683348960865, 40.14231009989455], [-5.555072253888394, 40.14488431624865]]]}, "properties": {"id": "fe143ea4-c4d3-4f02-be50-5ba6a9fa2fa5", "jurisdiction_code": "ES-EX", "jurisdiction_name": "Spain Extremadura", "class_label": "agroforestry", "agroforestry_subtype": "dehesa", "confidence_score": 0.949, "area_ha": 40.01, "uncertainty": 0.051, "data_origin": "synthetic", "generation_method": "scripts/generate_sample_parcels.py (v2, illustrative PoC)", "source": "Synthetic PoC generator (illustrative)", "source_year": 2023, "source_url": null, "processing_method": "Hybrid Remote Sensing", "model_version": "v1.3", "created_at": "2026-09-29T10:20:13.334334Z"}}, {"type": "Feature", "geometry": {"type": "Polygon", "coordinates": [[[-6.425480221556104, 38.43401298275587], [-6.4311997929104825, 38.43612125488682], [-6.437128078318698, 38.442977455603625], [-6.4436414483128015, 38.43946848292863], [-6.448581166872824, 38.43163309272758], [-6.441887218891427, 38.42670012881313], [-6.438695471523238, 38.4259047341134], [-6.4294370968870185, 38.42513436727418], [-6.425480221556104, 38.43401298275587]]]}, "properties": {"id": "0cb2e70d-7709-47e9-b851-6e3db6417fe9", "jurisdiction_code": "ES-EX", "jurisdiction_name": "Spain Extremadura", "class_label": "agroforestry", "agroforestry_subtype": "dehesa", "confidence_score": 0.653, "area_ha": 326.78, "uncertainty": 0.347, "data_origin": "synthetic", "generation_method": "scripts/generate_sample_parcels.py (v2, illustrative PoC)", "source": "Synthetic PoC generator (illustrative)", "source_year": 2023, "source_url": null, "processing_method": "Hybrid Remote Sensing", "model_version": "v1.6", "created_at": "2026-09-29T10:20:13.334361Z"}}, {"type": "Feature", "geometry": {"type": "Polygon", "coordinates": [[[-5.176325528913904, 38.102971049606026], [-5.180322227638277, 38.10871670580755], [-5.188707128503217, 38.108658015312955], [-5.192108479990058, 38.10454104390837], [-5.188641081433379, 38.09960063892805], [-5.179694504833028, 38.09945824667731], [-5.176325528913904, 38.102971049606026]]]}, "properties": {"id": "bed4aed1-0047-400f-9358-ba5d52131a54", "jurisdiction_code": "ES-EX", "jurisdiction_name": "Spain Extremadura", "class_label": "agroforestry", "agroforestry_subtype": "dehesa", "confidence_score": 0.615, "area_ha": 102.95, "uncertainty": 0.385, "data_origin": "synthetic", "generation_method": "scripts/generate_sample_parcels.py (v2, illustrative PoC)", "source": "Synthetic PoC generator (illustrative)", "source_year": 2023, "source_url": null, "processing_method": "Sentinel-2 + Random Forest", "model_version": "v2.1", "created_at": "2026-09-29T10:20:13.334414Z"}}, {"type": "Feature", "geometry": {"type": "Polygon", "coordinates": [[[-7.264010834151799, 39.513574477488156], [-7.26787809314803, 39.51984555306437], [-7.274604880710534, 39.51961222750712], [-7.281559009994949, 39.51927239276753], [-7.287235722564058, 39.518343574987945], [-7.287339112636852, 39.51277839435131], [-7.287327854927987, 39.50819831597792], [-7.281129965989611, 39.50478199100467], [-7.275632335334254, 39.50290995570945], [-7.265551719928837, 39.50677924902717], [-7.264010834151799, 39.513574477488156]]]}, "properties": {"id": "81d57c80-89aa-458b-90ce-6ab3dedf8720", "jurisdiction_code": "ES-EX", "jurisdiction_name": "Spain Extremadura", "class_label": "agroforestry", "agroforestry_subtype": "dehesa", "confidence_score": 0.615, "area_ha": 253.49, "uncertainty": 0.385, "data_origin": "synthetic", "generation_method": "scripts/generate_sample_parcels.py (v2, illustrative PoC)", "source": "Synthetic PoC generator (illustrative)", "source_year": 2020, "source_url": null, "processing_method": "Sentinel-2 + Random Forest", "model_version": "v2.2", "created_at": "2026-09-29T10:20:13.334443Z"}}, {"type": "Feature", "geometry": {"type": "Polygon", "coordinates": [[[-5.203483447011208, 40.0742421724552], [-5.20431530872918, 40.07718529942806], [-5.207926618872631, 40.07672056079794], [-5.210542699004368, 40.074771040360254], [-5.210083089846322, 40.073161078394456], [-5.208473165110796, 40.069798853904665], [-5.203921423087174, 40.071129326050695], [-5.203483447011208, 40.0742421724552]]]}, "properties": {"id": "2f5a0da0-28ae-4641-a297-8c1512e44104", "jurisdiction_code": "ES-EX", "jurisdiction_name": "Spain Extremadura", "class_label": "agroforestry", "agroforestry_subtype": "dehesa", "confidence_score": 0.627, "area_ha": 43.87, "uncertainty": 0.373, "data_origin": "synthetic", "generation_method": "scripts/generate_sample_parcels.py (v2, illustrative PoC)", "source": "Synthetic PoC generator (illustrative)", "source_year": 2021, "source_url": null, "processing_method": "Hybrid Remote Sensing", "model_version": "v1.2", "created_at": "2026-09-29T10:20:13.334468Z"}}, {"type": "Feature", "geometry": {"type": "Polygon", "coordinates": [[[-5.701858076701714, 39.7089192192119], [-5.705570190506965, 39.713225898492176], [-5.712241267729431, 39.714134460491294], [-5.715749003837752, 39.70839850399803], [-5.713581903133362, 39.70466691797893], [-5.705018025492835, 39.704054843726745], [-5.701858076701714, 39.7089192192119]]]}, "properties": {"id": "54e8ff92-92e5-4939-9406-48700c8101a4", "jurisdiction_code": "ES-EX", "jurisdiction_name": "Spain Extremadura", "class_label": "agroforestry", "agroforestry_subtype": "dehesa", "confidence_score": 0.641, "area_ha": 102.87, "uncertainty": 0.359, "data_origin": "synthetic", "generation_method": "scripts/generate_sample_parcels.py (v2, illustrative PoC)", "source": "Synthetic PoC generator (illustrative)", "source_year": 2022, "source_url": null, "processing_method": "Hybrid Remote Sensing", "model_version": "v2.2", "created_at": "2026-09-29T10:20:13.334493Z"}}, {"type": "Feature", "geometry": {"type": "Polygon", "coordinates": [[[-5.100364863332544, 40.21700639888345], [-5.102358989347734, 40.22043167620513], [-5.107911626740901, 40.21982269625299], [-5.1086281469026815, 40.21465618189797], [-5.102370595068065, 40.21323900421355], [-5.100364863332544, 40.21700639888345]]]}, "properties": {"id": "83f068e3-b16d-45e4-a43d-9b2c6ed9e99d", "jurisdiction_code": "ES-EX", "jurisdiction_name": "Spain Extremadura", "class_label": "agroforestry", "agroforestry_subtype": "montado", "confidence_score": 0.611, "area_ha": 46.07, "uncertainty": 0.389, "data_origin": "synthetic", "generation_method": "scripts/generate_sample_parcels.py (v2, illustrative PoC)", "source": "Synthetic PoC generator (illustrative)", "source_year": 2023, "source_url": null, "processing_method": "Sentinel-2 + Random Forest", "model_version": "v1.0", "created_at": "2026-09-29T10:20:13.334516Z"}}, {"type": "Feature", "geometry": {"type": "Polygon", "coordinates": [[[-7.491231576801641, 40.25713091180623], [-7.492511503552467, 40.26580319288998], [-7.50300865280275, 40.265960066545716], [-7.50897291608441, 40.256976109240064], [-7.502759842614228, 40.25043643170957], [-7.494003726176172, 40.25020693610027], [-7.491231576801641, 40.25713091180623]]]}, "properties": {"id": "5daa7d13-ced9-4435-8161-57d71f49ed94", "jurisdiction_code": "ES-EX", "jurisdiction_name": "Spain Extremadura", "class_label": "agroforestry", "agroforestry_subtype": "dehesa", "confidence_score": 0.679, "area_ha": 181.95, "uncertainty": 0.321, "data_origin": "synthetic", "generation_method": "scripts/generate_sample_parcels.py (v2, illustrative PoC)", "source": "Synthetic PoC generator (illustrative)", "source_year": 2020, "source_url": null, "processing_method": "PlanetScope + CNN", "model_version": "v1.4", "created_at": "2026-09-29T10:20:13.334540Z"}}, {"type": "Feature", "geometry": {"type": "Polygon", "coordinates": [[[-7.07017146378281, 39.31685607179154], [-7.07427765851483, 39.324350402513815], [-7.0851460914985145, 39.321004076988054], [-7.085128761975137, 39.31108189640551], [-7.075631821257161, 39.31061455509089], [-7.07017146378281, 39.31685607179154]]]}, "properties": {"id": "2d36e72e-9ae9-45ad-91b7-cb8668b6d16c", "jurisdiction_code": "ES-EX", "jurisdiction_name": "Spain Extremadura", "class_label": "agroforestry", "agroforestry_subtype": "dehesa", "confidence_score": 0.618, "area_ha": 155.6, "uncertainty": 0.382, "data_origin": "synthetic", "generation_method": "scripts/generate_sample_parcels.py (v2, illustrative PoC)", "source": "Synthetic PoC generator (illustrative)", "source_year": 2021, "source_url": null, "processing_method": "Sentinel-2 + Random Forest", "model_version": "v2.0", "created_at": "2026-09-29T10:20:13.334565Z"}}, {"type": "Feature", "geometry": {"type": "Polygon", "coordinates": [[[-6.420658920444012, 39.240642417332516], [-6.4252081072407, 39.24462689460254], [-6.429238465882773, 39.24684739702341], [-6.43242037298597, 39.24384015770013], [-6.435520794436085, 39.24027841361779], [-6.430032031536881, 39.238039618974504], [-6.425111003231809, 39.23839061329735], [-6.420658920444012, 39.240642417332516]]]}, "properties": {"id": "3b3b9483-ff54-46bb-a3e0-e11a783b5978", "jurisdiction_code": "ES-EX", "jurisdiction_name": "Spain Extremadura", "class_label": "agroforestry", "agroforestry_subtype": "silvopasture", "confidence_score": 0.638, "area_ha": 104.71, "uncertainty": 0.362, "data_origin": "synthetic", "generation_method": "scripts/generate_sample_parcels.py (v2, illustrative PoC)", "source": "Synthetic PoC generator (illustrative)", "source_year": 2023, "source_url": null, "processing_method": "Sentinel-2 + Random Forest", "model_version": "v1.6", "created_at": "2026-09-29T10:20:13.334590Z"}}, {"type": "Feature", "geometry": {"type": "Polygon", "coordinates": [[[-6.951423554165255, 39.677899820786536], [-6.954167920707703, 39.68074068754722], [-6.959048540527445, 39.67974748159051], [-6.9598398126712295, 39.67648487355892], [-6.954879222030556, 39.67582792206665], [-6.951423554165255, 39.677899820786536]]]}, "properties": {"id": "2951dfd0-1365-44c4-81f1-dc64a40ae6d9", "jurisdiction_code": "ES-EX", "jurisdiction_name": "Spain Extremadura", "class_label": "agroforestry", "agroforestry_subtype": "dehesa", "confidence_score": 0.628, "area_ha": 23.79, "uncertainty": 0.372, "data_origin": "synthetic", "generation_method": "scripts/generate_sample_parcels.py (v2, illustrative PoC)", "source": "Synthetic PoC generator (illustrative)", "source_year": 2022, "source_url": null, "processing_method": "GEDI LiDAR + ML", "model_version": "v1.6", "created_at": "2026-09-29T10:20:13.334615Z"}}, {"type": "Feature", "geometry": {"type": "Polygon", "coordinates": [[[-5.2115303675658815, 39.44038274467059], [-5.217839439219272, 39.44636589105117], [-5.228105829154297, 39.44726878760643], [-5.235407807460049, 39.443810460628704], [-5.236991737165276, 39.43538762512083], [-5.226891921354208, 39.433967428890206], [-5.213370702801793, 39.4327374281039], [-5.2115303675658815, 39.44038274467059]]]}, "properties": {"id": "40d43699-a150-4cb2-b45d-1ce22afc13df", "jurisdiction_code": "ES-EX", "jurisdiction_name": "Spain Extremadura", "class_label": "agroforestry", "agroforestry_subtype": "montado", "confidence_score": 0.651, "area_ha": 250.88, "uncertainty": 0.349, "data_origin": "synthetic", "generation_method": "scripts/generate_sample_parcels.py (v2, illustrative PoC)", "source": "Synthetic PoC generator (illustrative)", "source_year": 2020, "source_url": null, "processing_method": "Sentinel-2 + Random Forest", "model_version": "v3.8", "created_at": "2026-09-29T10:20:13.334640Z"}}, {"type": "Feature", "geometry": {"type": "Polygon", "coordinates": [[[-5.204489237637559, 38.90068739893616], [-5.206608124638527, 38.90215530635244], [-5.209519907579037, 38.903233316016646], [-5.211900796639571, 38.903613076557534], [-5.214794103712022, 38.90317775288507], [-5.214228773671005, 38.90006003793642], [-5.214777768668316, 38.897344889467576], [-5.212981905658409, 38.89606383984032], [-5.2096587299422294, 38.896317519814694], [-5.205428100390873, 38.8979000855251], [-5.204489237637559, 38.90068739893616]]]}, "properties": {"id": "35243e58-b6e4-448b-88f5-b8d5c69e8edf", "jurisdiction_code": "ES-EX", "jurisdiction_name": "Spain Extremadura", "class_label": "agroforestry", "agroforestry_subtype": "silvopasture", "confidence_score": 0.911, "area_ha": 45.02, "uncertainty": 0.089, "data_origin": "synthetic", "generation_method": "scripts/generate_sample_parcels.py (v2, illustrative PoC)", "source": "Synthetic PoC generator (illustrative)", "source_year": 2024, "source_url": null, "processing_method": "GEDI LiDAR + ML", "model_version": "v2.4", "created_at": "2026-09-29T10:20:13.334669Z"}}, {"type": "Feature", "geometry": {"type": "Polygon", "coordinates": [[[-6.115958294321779, 39.985958232711845], [-6.1188168589682315, 39.988169716779446], [-6.121983277572301, 39.989141852965396], [-6.126639084512797, 39.988726223340244], [-6.128295842350341, 39.98480938153249], [-6.124956198293748, 39.982655874364966], [-6.1218425057947075, 39.980382457677585], [-6.120302250759186, 39.98272016634646], [-6.115958294321779, 39.985958232711845]]]}, "properties": {"id": "bca4ae12-71c0-4766-a3dc-643269d7e0e9", "jurisdiction_code": "ES-EX", "jurisdiction_name": "Spain Extremadura", "class_label": "agroforestry", "agroforestry_subtype": "dehesa", "confidence_score": 0.674, "area_ha": 62.51, "uncertainty": 0.326, "data_origin": "synthetic", "generation_method": "scripts/generate_sample_parcels.py (v2, illustrative PoC)", "source": "Synthetic PoC generator (illustrative)", "source_year": 2022, "source_url": null, "processing_method": "PlanetScope + CNN", "model_version": "v1.3", "created_at": "2026-09-29T10:20:13.334702Z"}}, {"type": "Feature", "geometry": {"type": "Polygon", "coordinates": [[[-6.689940504095814, 40.25375495811839], [-6.698124052575318, 40.258677829110276], [-6.704217971856786, 40.261295429204615], [-6.711036589358876, 40.25365112645279], [-6.705480583359333, 40.24899483452132], [-6.695196759028953, 40.247956213122315], [-6.689940504095814, 40.25375495811839]]]}, "properties": {"id": "88855a5c-da97-4025-85b7-3366b65a110d", "jurisdiction_code": "ES-EX", "jurisdiction_name": "Spain Extremadura", "class_label": "agroforestry", "agroforestry_subtype": "dehesa", "confidence_score": 0.934, "area_ha": 229.99, "uncertainty": 0.066, "data_origin": "synthetic", "generation_method": "scripts/generate_sample_parcels.py (v2, illustrative PoC)", "source": "Synthetic PoC generator (illustrative)", "source_year": 2024, "source_url": null, "processing_method": "GEDI LiDAR + ML", "model_version": "v2.0", "created_at": "2026-09-29T10:20:13.334727Z"}}, {"type": "Feature", "geometry": {"type": "Polygon", "coordinates": [[[-6.160451064479119, 40.01617615839737], [-6.164477288853004, 40.02238531769271], [-6.171244537741216, 40.02489076954736], [-6.179510930666521, 40.024968892576474], [-6.179880588918445, 40.01739245895323], [-6.180147319422666, 40.01112226133261], [-6.172542624183692, 40.00847328430544], [-6.163288098831946, 40.013251753328156], [-6.160451064479119, 40.01617615839737]]]}, "properties": {"id": "fe4d3267-2012-4d53-920f-855463c93046", "jurisdiction_code": "ES-EX", "jurisdiction_name": "Spain Extremadura", "class_label": "agroforestry", "agroforestry_subtype": "montado", "confidence_score": 0.917, "area_ha": 255.23, "uncertainty": 0.083, "data_origin": "synthetic", "generation_method": "scripts/generate_sample_parcels.py (v2, illustrative PoC)", "source": "Synthetic PoC generator (illustrative)", "source_year": 2021, "source_url": null, "processing_method": "GEDI LiDAR + ML", "model_version": "v1.5", "created_at": "2026-09-29T10:20:13.334754Z"}}, {"type": "Feature", "geometry": {"type": "Polygon", "coordinates": [[[-5.586921395687098, 39.96288414474485], [-5.5936142253971655, 39.971846629906366], [-5.606851586737105, 39.971078889579495], [-5.608205665043914, 39.963650261369885], [-5.6038441822019385, 39.9550949421298], [-5.592988264485461, 39.95633291177964], [-5.586921395687098, 39.96288414474485]]]}, "properties": {"id": "837feded-2fb9-46a4-86b1-79f9a3c9d41d", "jurisdiction_code": "ES-EX", "jurisdiction_name": "Spain Extremadura", "class_label": "agroforestry", "agroforestry_subtype": "montado", "confidence_score": 0.938, "area_ha": 257.28, "uncertainty": 0.062, "data_origin": "synthetic", "generation_method": "scripts/generate_sample_parcels.py (v2, illustrative PoC)", "source": "Synthetic PoC generator (illustrative)", "source_year": 2023, "source_url": null, "processing_method": "PlanetScope + CNN", "model_version": "v2.0", "created_at": "2026-09-29T10:20:13.334778Z"}}, {"type": "Feature", "geometry": {"type": "Polygon", "coordinates": [[[-5.558833034894737, 40.09692405813386], [-5.563186547095378, 40.10337578479805], [-5.573099729147568, 40.104622590185485], [-5.582089470373386, 40.098905686338455], [-5.571922503766078, 40.092052817639605], [-5.56438118774216, 40.09105644972649], [-5.558833034894737, 40.09692405813386]]]}, "properties": {"id": "d90ecc03-0835-4f82-996b-741b102303ab", "jurisdiction_code": "ES-EX", "jurisdiction_name": "Spain Extremadura", "class_label": "agroforestry", "agroforestry_subtype": "montado", "confidence_score": 0.646, "area_ha": 195.42, "uncertainty": 0.354, "data_origin": "synthetic", "generation_method": "scripts/generate_sample_parcels.py (v2, illustrative PoC)", "source": "Synthetic PoC generator (illustrative)", "source_year": 2022, "source_url": null, "processing_method": "PlanetScope + CNN", "model_version": "v3.4", "created_at": "2026-09-29T10:20:13.334804Z"}}, {"type": "Feature", "geometry": {"type": "Polygon", "coordinates": [[[-6.309546460992084, 39.28322342141704], [-6.314906396339403, 39.287049489536734], [-6.323711495943225, 39.288580788145204], [-6.329319641999071, 39.281400626212644], [-6.324550064798675, 39.27669073864846], [-6.3161079688759045, 39.27515676160807], [-6.309546460992084, 39.28322342141704]]]}, "properties": {"id": "81d6e210-5aad-402b-95b4-f1b3dce1046e", "jurisdiction_code": "ES-EX", "jurisdiction_name": "Spain Extremadura", "class_label": "agroforestry", "agroforestry_subtype": "dehesa", "confidence_score": 0.677, "area_ha": 177.11, "uncertainty": 0.323, "data_origin": "synthetic", "generation_method": "scripts/generate_sample_parcels.py (v2, illustrative PoC)", "source": "Synthetic PoC generator (illustrative)", "source_year": 2022, "source_url": null, "processing_method": "GEDI LiDAR + ML", "model_version": "v2.1", "created_at": "2026-09-29T10:20:13.334828Z"}}, {"type": "Feature", "geometry": {"type": "Polygon", "coordinates": [[[-6.413586971231556, 38.35011661677357], [-6.416921023333079, 38.35425912293591], [-6.422503155394461, 38.35751772943767], [-6.4252536681067935, 38.35295959822146], [-6.427644159706322, 38.34965188826051], [-6.421447712868532, 38.345355439833774], [-6.415573100450413, 38.3450730204211], [-6.413586971231556, 38.35011661677357]]]}, "properties": {"id": "b3197f52-b8a5-4d56-9f31-2356ccea2b77", "jurisdiction_code": "ES-EX", "jurisdiction_name": "Spain Extremadura", "class_label": "agroforestry", "agroforestry_subtype": "dehesa", "confidence_score": 0.626, "area_ha": 130.66, "uncertainty": 0.374, "data_origin": "synthetic", "generation_method": "scripts/generate_sample_parcels.py (v2, illustrative PoC)", "source": "Synthetic PoC generator (illustrative)", "source_year": 2022, "source_url": null, "processing_method": "Sentinel-2 + Random Forest", "model_version": "v1.5", "created_at": "2026-09-29T10:20:13.334854Z"}}, {"type": "Feature", "geometry": {"type": "Polygon", "coordinates": [[[-5.3751271126564655, 38.338461615398856], [-5.379371728996517, 38.34933658219435], [-5.393873143441813, 38.34688228322288], [-5.397897112235367, 38.33614380403361], [-5.396704989230708, 38.327578644039626], [-5.378233858550301, 38.328136950645494], [-5.3751271126564655, 38.338461615398856]]]}, "properties": {"id": "c2eb1dce-7e96-409e-9797-16461c6a7263", "jurisdiction_code": "ES-EX", "jurisdiction_name": "Spain Extremadura", "class_label": "agroforestry", "agroforestry_subtype": "dehesa", "confidence_score": 0.902, "area_ha": 354.55, "uncertainty": 0.098, "data_origin": "synthetic", "generation_method": "scripts/generate_sample_parcels.py (v2, illustrative PoC)", "source": "Synthetic PoC generator (illustrative)", "source_year": 2021, "source_url": null, "processing_method": "GEDI LiDAR + ML", "model_version": "v1.0", "created_at": "2026-09-29T10:20:13.334879Z"}}, {"type": "Feature", "geometry": {"type": "Polygon", "coordinates": [[[-5.375686773369197, 40.184267556787184], [-5.377781343939984, 40.18698892356134], [-5.380844610072419, 40.18805139728087], [-5.385584534592282, 40.186827242069135], [-5.386183687578584, 40.18185615197283], [-5.383009416275575, 40.17967824000643], [-5.376598165724868, 40.18168101912707], [-5.375686773369197, 40.184267556787184]]]}, "properties": {"id": "cd9c3e30-540d-47ce-b1a7-2dee30c46fdb", "jurisdiction_code": "ES-EX", "jurisdiction_name": "Spain Extremadura", "class_label": "agroforestry", "agroforestry_subtype": "silvopasture", "confidence_score": 0.91, "area_ha": 66.62, "uncertainty": 0.09, "data_origin": "synthetic", "generation_method": "scripts/generate_sample_parcels.py (v2, illustrative PoC)", "source": "Synthetic PoC generator (illustrative)", "source_year": 2020, "source_url": null, "processing_method": "GEDI LiDAR + ML", "model_version": "v3.4", "created_at": "2026-09-29T10:20:13.334905Z"}}, {"type": "Feature", "geometry": {"type": "Polygon", "coordinates": [[[-5.804408281875511, 39.696031817287995], [-5.812750238210834, 39.703808599283825], [-5.821862113028787, 39.70046380925461], [-5.821417319348505, 39.69258131926784], [-5.810600365747593, 39.68891992968162], [-5.804408281875511, 39.696031817287995]]]}, "properties": {"id": "fbc403f5-5cd4-4293-9e8a-e9b5615616e3", "jurisdiction_code": "ES-EX", "jurisdiction_name": "Spain Extremadura", "class_label": "agroforestry", "agroforestry_subtype": "dehesa", "confidence_score": 0.949, "area_ha": 199.15, "uncertainty": 0.051, "data_origin": "synthetic", "generation_method": "scripts/generate_sample_parcels.py (v2, illustrative PoC)", "source": "Synthetic PoC generator (illustrative)", "source_year": 2022, "source_url": null, "processing_method": "Hybrid Remote Sensing", "model_version": "v1.3", "created_at": "2026-09-29T10:20:13.334929Z"}}, {"type": "Feature", "geometry": {"type": "Polygon", "coordinates": [[[-5.358720485831183, 39.063908888336854], [-5.362611225382106, 39.068043873065356], [-5.367749372266325, 39.06850251659463], [-5.376596138076825, 39.06677418884929], [-5.373554902456503, 39.060055667356686], [-5.369639507857631, 39.05627580316331], [-5.361081065471588, 39.0583386119292], [-5.358720485831183, 39.063908888336854]]]}, "properties": {"id": "ed134916-d356-434b-a333-ee565ae09622", "jurisdiction_code": "ES-EX", "jurisdiction_name": "Spain Extremadura", "class_label": "agroforestry", "agroforestry_subtype": "dehesa", "confidence_score": 0.683, "area_ha": 150.35, "uncertainty": 0.317, "data_origin": "synthetic", "generation_method": "scripts/generate_sample_parcels.py (v2, illustrative PoC)", "source": "Synthetic PoC generator (illustrative)", "source_year": 2022, "source_url": null, "processing_method": "Hybrid Remote Sensing", "model_version": "v3.5", "created_at": "2026-09-29T10:20:13.334954Z"}}, {"type": "Feature", "geometry": {"type": "Polygon", "coordinates": [[[-6.476743640310849, 39.245651649827906], [-6.4778104195699795, 39.2482984090087], [-6.480982656932919, 39.24913907440098], [-6.482815789901917, 39.24763556853754], [-6.484311483459018, 39.24647922811631], [-6.485099237153544, 39.24381393663763], [-6.482383353775938, 39.24294747951203], [-6.480239520742782, 39.24331948625174], [-6.4789635753491766, 39.243920035279906], [-6.476743640310849, 39.245651649827906]]]}, "properties": {"id": "6b0d576a-b950-4ed4-b7fc-72a09dd098ed", "jurisdiction_code": "ES-EX", "jurisdiction_name": "Spain Extremadura", "class_label": "agroforestry", "agroforestry_subtype": "dehesa", "confidence_score": 0.632, "area_ha": 41.26, "uncertainty": 0.368, "data_origin": "synthetic", "generation_method": "scripts/generate_sample_parcels.py (v2, illustrative PoC)", "source": "Synthetic PoC generator (illustrative)", "source_year": 2022, "source_url": null, "processing_method": "Hybrid Remote Sensing", "model_version": "v1.9", "created_at": "2026-09-29T10:20:13.334984Z"}}, {"type": "Feature", "geometry": {"type": "Polygon", "coordinates": [[[-6.010363185057979, 39.913445650782336], [-6.015610825892694, 39.91932890942716], [-6.028676944242312, 39.918707702740164], [-6.028049951132402, 39.9076892073825], [-6.0171416565556415, 39.90803713956149], [-6.010363185057979, 39.913445650782336]]]}, "properties": {"id": "7f928558-d28f-4ba7-82ac-06e5e605ffae", "jurisdiction_code": "ES-EX", "jurisdiction_name": "Spain Extremadura", "class_label": "agroforestry", "agroforestry_subtype": "dehesa", "confidence_score": 0.644, "area_ha": 139.86, "uncertainty": 0.356, "data_origin": "synthetic", "generation_method": "scripts/generate_sample_parcels.py (v2, illustrative PoC)", "source": "Synthetic PoC generator (illustrative)", "source_year": 2020, "source_url": null, "processing_method": "PlanetScope + CNN", "model_version": "v3.8", "created_at": "2026-09-29T10:20:13.335007Z"}}, {"type": "Feature", "geometry": {"type": "Polygon", "coordinates": [[[-5.062939656149581, 39.844304617055045], [-5.0713350594428865, 39.851721765235744], [-5.081219891447526, 39.853053775795516], [-5.08778971456882, 39.843573440200835], [-5.081070428768242, 39.8358138096907], [-5.070030632920208, 39.83795019559331], [-5.062939656149581, 39.844304617055045]]]}, "properties": {"id": "e1a692c4-ba39-42b6-877c-311638a57b3f", "jurisdiction_code": "ES-EX", "jurisdiction_name": "Spain Extremadura", "class_label": "agroforestry", "agroforestry_subtype": "dehesa", "confidence_score": 0.646, "area_ha": 274.56, "uncertainty": 0.354, "data_origin": "synthetic", "generation_method": "scripts/generate_sample_parcels.py (v2, illustrative PoC)", "source": "Synthetic PoC generator (illustrative)", "source_year": 2024, "source_url": null, "processing_method": "Hybrid Remote Sensing", "model_version": "v1.8", "created_at": "2026-09-29T10:20:13.335033Z"}}, {"type": "Feature", "geometry": {"type": "Polygon", "coordinates": [[[-5.092214720542754, 38.29405349394542], [-5.096178225826016, 38.299417554606556], [-5.102267605134605, 38.303747717713364], [-5.109419989838477, 38.29781079179088], [-5.112886480743626, 38.28880267155333], [-5.102392985091224, 38.28694632406173], [-5.091800060126405, 38.28648110138566], [-5.092214720542754, 38.29405349394542]]]}, "properties": {"id": "d69991e4-571a-406f-a1f9-6b840370070e", "jurisdiction_code": "ES-EX", "jurisdiction_name": "Spain Extremadura", "class_label": "agroforestry", "agroforestry_subtype": "dehesa", "confidence_score": 0.906, "area_ha": 231.12, "uncertainty": 0.094, "data_origin": "synthetic", "generation_method": "scripts/generate_sample_parcels.py (v2, illustrative PoC)", "source": "Synthetic PoC generator (illustrative)", "source_year": 2024, "source_url": null, "processing_method": "Sentinel-2 + Random Forest", "model_version": "v3.6", "created_at": "2026-09-29T10:20:13.335059Z"}}, {"type": "Feature", "geometry": {"type": "Polygon", "coordinates": [[[-6.2533871286228315, 39.58705981364215], [-6.255524140169291, 39.59238199896202], [-6.265055707908796, 39.59325938611838], [-6.272251918379434, 39.58931680307121], [-6.271566851216276, 39.58198601201503], [-6.264708403717072, 39.579874695473755], [-6.255721413069882, 39.58128996033735], [-6.2533871286228315, 39.58705981364215]]]}, "properties": {"id": "cc0dbefe-0b9c-4ffb-bd9c-80f300368aae", "jurisdiction_code": "ES-EX", "jurisdiction_name": "Spain Extremadura", "class_label": "agroforestry", "agroforestry_subtype": "dehesa", "confidence_score": 0.949, "area_ha": 143.98, "uncertainty": 0.051, "data_origin": "synthetic", "generation_method": "scripts/generate_sample_parcels.py (v2, illustrative PoC)", "source": "Synthetic PoC generator (illustrative)", "source_year": 2020, "source_url": null, "processing_method": "Hybrid Remote Sensing", "model_version": "v3.4", "created_at": "2026-09-29T10:20:13.335086Z"}}, {"type": "Feature", "geometry": {"type": "Polygon", "coordinates": [[[-6.380210840183952, 39.77700503667367], [-6.384344969540364, 39.777639598944326], [-6.387050905879992, 39.77973051933019], [-6.394812394752681, 39.78271135346921], [-6.397001712000048, 39.7805398208072], [-6.398853423039204, 39.777016920236356], [-6.397424140087112, 39.76951333852736], [-6.391687966589786, 39.76993780223008], [-6.387762648717004, 39.767809447182934], [-6.384513669675904, 39.77295298677461], [-6.380210840183952, 39.77700503667367]]]}, "properties": {"id": "98129b63-3472-4ac4-bbd5-43c00959c134", "jurisdiction_code": "ES-EX", "jurisdiction_name": "Spain Extremadura", "class_label": "agroforestry", "agroforestry_subtype": "dehesa", "confidence_score": 0.623, "area_ha": 218.8, "uncertainty": 0.377, "data_origin": "synthetic", "generation_method": "scripts/generate_sample_parcels.py (v2, illustrative PoC)", "source": "Synthetic PoC generator (illustrative)", "source_year": 2021, "source_url": null, "processing_method": "PlanetScope + CNN", "model_version": "v1.4", "created_at": "2026-09-29T10:20:13.335116Z"}}, {"type": "Feature", "geometry": {"type": "Polygon", "coordinates": [[[-5.819915112952942, 38.05440533709765], [-5.8249382036339235, 38.06103160867543], [-5.835340091371169, 38.05876442002327], [-5.834859816498893, 38.04997210813411], [-5.82459019073231, 38.04910684853259], [-5.819915112952942, 38.05440533709765]]]}, "properties": {"id": "8ac8ef7b-327c-403f-9901-3e46febaff31", "jurisdiction_code": "ES-EX", "jurisdiction_name": "Spain Extremadura", "class_label": "agroforestry", "agroforestry_subtype": "dehesa", "confidence_score": 0.681, "area_ha": 107.92, "uncertainty": 0.319, "data_origin": "synthetic", "generation_method": "scripts/generate_sample_parcels.py (v2, illustrative PoC)", "source": "Synthetic PoC generator (illustrative)", "source_year": 2021, "source_url": null, "processing_method": "Hybrid Remote Sensing", "model_version": "v2.8", "created_at": "2026-09-29T10:20:13.335139Z"}}, {"type": "Feature", "geometry": {"type": "Polygon", "coordinates": [[[-5.619582110826148, 38.55424256135821], [-5.621588754241903, 38.56020049019384], [-5.631555349377278, 38.56006589069999], [-5.639077799698021, 38.55795533809765], [-5.634499381859852, 38.551821309191915], [-5.631680293450345, 38.54548968309219], [-5.6233428074301335, 38.547310140209056], [-5.619582110826148, 38.55424256135821]]]}, "properties": {"id": "12668095-8ac9-4756-be94-4315b6481d60", "jurisdiction_code": "ES-EX", "jurisdiction_name": "Spain Extremadura", "class_label": "agroforestry", "agroforestry_subtype": "dehesa", "confidence_score": 0.635, "area_ha": 186.06, "uncertainty": 0.365, "data_origin": "synthetic", "generation_method": "scripts/generate_sample_parcels.py (v2, illustrative PoC)", "source": "Synthetic PoC generator (illustrative)", "source_year": 2022, "source_url": null, "processing_method": "GEDI LiDAR + ML", "model_version": "v3.7", "created_at": "2026-09-29T10:20:13.335167Z"}}, {"type": "Feature", "geometry": {"type": "Polygon", "coordinates": [[[-7.108534749231297, 38.34342714341313], [-7.10999482654966, 38.345877141445634], [-7.113038318742851, 38.349084054996865], [-7.118632706683935, 38.348212426363574], [-7.124591964969179, 38.345435654192755], [-7.12401891146522, 38.34063508045969], [-7.121083548325064, 38.33800892925551], [-7.112708679016877, 38.33746226101805], [-7.109886091722242, 38.339429908488675], [-7.108534749231297, 38.34342714341313]]]}, "properties": {"id": "9d755c54-b936-4f44-a303-8a65349bb632", "jurisdiction_code": "ES-EX", "jurisdiction_name": "Spain Extremadura", "class_label": "agroforestry", "agroforestry_subtype": "silvopasture", "confidence_score": 0.646, "area_ha": 124.75, "uncertainty": 0.354, "data_origin": "synthetic", "generation_method": "scripts/generate_sample_parcels.py (v2, illustrative PoC)", "source": "Synthetic PoC generator (illustrative)", "source_year": 2024, "source_url": null, "processing_method": "Sentinel-2 + Random Forest", "model_version": "v3.0", "created_at": "2026-09-29T10:20:13.335196Z"}}, {"type": "Feature", "geometry": {"type": "Polygon", "coordinates": [[[-7.197567793805036, 39.52368452123992], [-7.201522926977233, 39.53199287136023], [-7.208813188118961, 39.53502671771332], [-7.213473713949864, 39.52799442968253], [-7.216694404609784, 39.52217816950164], [-7.209434881761667, 39.516911816678125], [-7.197883177756392, 39.51801506873961], [-7.197567793805036, 39.52368452123992]]]}, "properties": {"id": "5ee004b0-1dff-405f-b606-a1d8f75a72de", "jurisdiction_code": "ES-EX", "jurisdiction_name": "Spain Extremadura", "class_label": "agroforestry", "agroforestry_subtype": "dehesa", "confidence_score": 0.616, "area_ha": 271.9, "uncertainty": 0.384, "data_origin": "synthetic", "generation_method": "scripts/generate_sample_parcels.py (v2, illustrative PoC)", "source": "Synthetic PoC generator (illustrative)", "source_year": 2020, "source_url": null, "processing_method": "Hybrid Remote Sensing", "model_version": "v2.8", "created_at": "2026-09-29T10:20:13.335222Z"}}, {"type": "Feature", "geometry": {"type": "Polygon", "coordinates": [[[-6.172541756190827, 40.393958045343204], [-6.174314148896307, 40.40287376327021], [-6.185664742169509, 40.40000268425684], [-6.189342806615853, 40.39433424267395], [-6.186418858356658, 40.38671787476397], [-6.176965568703079, 40.388429161727636], [-6.172541756190827, 40.393958045343204]]]}, "properties": {"id": "6f7a7d80-7c30-4207-9854-4f071377cccd", "jurisdiction_code": "ES-EX", "jurisdiction_name": "Spain Extremadura", "class_label": "agroforestry", "agroforestry_subtype": "montado", "confidence_score": 0.67, "area_ha": 206.77, "uncertainty": 0.33, "data_origin": "synthetic", "generation_method": "scripts/generate_sample_parcels.py (v2, illustrative PoC)", "source": "Synthetic PoC generator (illustrative)", "source_year": 2023, "source_url": null, "processing_method": "Hybrid Remote Sensing", "model_version": "v1.7", "created_at": "2026-09-29T10:20:13.335246Z"}}, {"type": "Feature", "geometry": {"type": "Polygon", "coordinates": [[[-5.405410390311776, 39.62712730788344], [-5.407642343947913, 39.63019495032204], [-5.412158358130403, 39.63384371249489], [-5.414785352965836, 39.63153954971087], [-5.419818496843516, 39.63193829613733], [-5.418452954178604, 39.627134596435276], [-5.420165266840325, 39.62432709145841], [-5.41429984526439, 39.62359728638554], [-5.410159159533958, 39.62164418002757], [-5.408376677774515, 39.62390474972295], [-5.405410390311776, 39.62712730788344]]]}, "properties": {"id": "c36d5555-5e9d-444c-b9f8-eb24395ac492", "jurisdiction_code": "ES-EX", "jurisdiction_name": "Spain Extremadura", "class_label": "agroforestry", "agroforestry_subtype": "dehesa", "confidence_score": 0.684, "area_ha": 113.43, "uncertainty": 0.316, "data_origin": "synthetic", "generation_method": "scripts/generate_sample_parcels.py (v2, illustrative PoC)", "source": "Synthetic PoC generator (illustrative)", "source_year": 2024, "source_url": null, "processing_method": "PlanetScope + CNN", "model_version": "v1.3", "created_at": "2026-09-29T10:20:13.335275Z"}}, {"type": "Feature", "geometry": {"type": "Polygon", "coordinates": [[[-6.599933341709296, 38.47618531793504], [-6.604297971261274, 38.48027350840662], [-6.610712002442489, 38.48393067094658], [-6.621221813645505, 38.48649726381982], [-6.624270336809867, 38.484842920839256], [-6.628577675361413, 38.47485254871276], [-6.623617730219116, 38.4712232219607], [-6.617897263841517, 38.46672185364364], [-6.609505090670567, 38.46715918323883], [-6.602759224462936, 38.471158823594635], [-6.599933341709296, 38.47618531793504]]]}, "properties": {"id": "b9eb670e-d623-4869-b350-5d65dd10a769", "jurisdiction_code": "ES-EX", "jurisdiction_name": "Spain Extremadura", "class_label": "agroforestry", "agroforestry_subtype": "woodlot", "confidence_score": 0.941, "area_ha": 444.67, "uncertainty": 0.059, "data_origin": "synthetic", "generation_method": "scripts/generate_sample_parcels.py (v2, illustrative PoC)", "source": "Synthetic PoC generator (illustrative)", "source_year": 2024, "source_url": null, "processing_method": "PlanetScope + CNN", "model_version": "v2.6", "created_at": "2026-09-29T10:20:13.335304Z"}}, {"type": "Feature", "geometry": {"type": "Polygon", "coordinates": [[[-6.830066176041394, 38.743651950532545], [-6.837588946574799, 38.75398469938412], [-6.849724878222714, 38.74898674967912], [-6.851298220780214, 38.73797291821251], [-6.832736218645179, 38.732842556066075], [-6.830066176041394, 38.743651950532545]]]}, "properties": {"id": "2b6f64a6-9038-4220-abfe-e297e1c16362", "jurisdiction_code": "ES-EX", "jurisdiction_name": "Spain Extremadura", "class_label": "agroforestry", "agroforestry_subtype": "montado", "confidence_score": 0.613, "area_ha": 349.33, "uncertainty": 0.387, "data_origin": "synthetic", "generation_method": "scripts/generate_sample_parcels.py (v2, illustrative PoC)", "source": "Synthetic PoC generator (illustrative)", "source_year": 2023, "source_url": null, "processing_method": "PlanetScope + CNN", "model_version": "v2.9", "created_at": "2026-09-29T10:20:13.335328Z"}}, {"type": "Feature", "geometry": {"type": "Polygon", "coordinates": [[[-5.837538498654219, 38.57692730696475], [-5.840978466420325, 38.58164968644291], [-5.8481257287176405, 38.5845663259941], [-5.85423690915607, 38.57870044853445], [-5.849153156552342, 38.571990012259846], [-5.841913617300669, 38.57262744255521], [-5.837538498654219, 38.57692730696475]]]}, "properties": {"id": "5b48046c-0e1b-41c1-a445-5bc2c24178ee", "jurisdiction_code": "ES-EX", "jurisdiction_name": "Spain Extremadura", "class_label": "agroforestry", "agroforestry_subtype": "silvopasture", "confidence_score": 0.678, "area_ha": 150.65, "uncertainty": 0.322, "data_origin": "synthetic", "generation_method": "scripts/generate_sample_parcels.py (v2, illustrative PoC)", "source": "Synthetic PoC generator (illustrative)", "source_year": 2020, "source_url": null, "processing_method": "Sentinel-2 + Random Forest", "model_version": "v2.9", "created_at": "2026-09-29T10:20:13.335356Z"}}, {"type": "Feature", "geometry": {"type": "Polygon", "coordinates": [[[-6.60051427673463, 40.06309435300066], [-6.602500604606414, 40.069006953084475], [-6.6097239716632945, 40.06928432280194], [-6.6152907341300695, 40.067371921310006], [-6.620771841326827, 40.06257443801462], [-6.6171090570436855, 40.058431543733406], [-6.611476450914151, 40.05677848136455], [-6.6036768533385795, 40.05751187050695], [-6.60051427673463, 40.06309435300066]]]}, "properties": {"id": "c8e1934f-c9fe-42c2-ac3d-9baa2ef8a34d", "jurisdiction_code": "ES-EX", "jurisdiction_name": "Spain Extremadura", "class_label": "agroforestry", "agroforestry_subtype": "dehesa", "confidence_score": 0.685, "area_ha": 193.79, "uncertainty": 0.315, "data_origin": "synthetic", "generation_method": "scripts/generate_sample_parcels.py (v2, illustrative PoC)", "source": "Synthetic PoC generator (illustrative)", "source_year": 2020, "source_url": null, "processing_method": "GEDI LiDAR + ML", "model_version": "v3.0", "created_at": "2026-09-29T10:20:13.335383Z"}}, {"type": "Feature", "geometry": {"type": "Polygon", "coordinates": [[[-7.492339295407905, 39.39238769301488], [-7.495526318490574, 39.39621698248251], [-7.499973012886963, 39.3957344496206], [-7.500322035469379, 39.39248582054375], [-7.498787154331362, 39.39079256645662], [-7.495242015923298, 39.390451981071514], [-7.492339295407905, 39.39238769301488]]]}, "properties": {"id": "8b499704-4a84-4f37-b1c5-d856360c675b", "jurisdiction_code": "ES-EX", "jurisdiction_name": "Spain Extremadura", "class_label": "agroforestry", "agroforestry_subtype": "silvopasture", "confidence_score": 0.607, "area_ha": 37.33, "uncertainty": 0.393, "data_origin": "synthetic", "generation_method": "scripts/generate_sample_parcels.py (v2, illustrative PoC)", "source": "Synthetic PoC generator (illustrative)", "source_year": 2022, "source_url": null, "processing_method": "GEDI LiDAR + ML", "model_version": "v2.2", "created_at": "2026-09-29T10:20:13.335407Z"}}, {"type": "Feature", "geometry": {"type": "Polygon", "coordinates": [[[-5.235997659539844, 39.616424344384576], [-5.246417629344441, 39.62152646479969], [-5.25751081358538, 39.62093821727882], [-5.266712770293585, 39.612378060520726], [-5.260216281550471, 39.60560076999289], [-5.242236833072004, 39.60355016100827], [-5.235997659539844, 39.616424344384576]]]}, "properties": {"id": "aedba1db-b6c2-48f7-8937-d272589cce3c", "jurisdiction_code": "ES-EX", "jurisdiction_name": "Spain Extremadura", "class_label": "agroforestry", "agroforestry_subtype": "dehesa", "confidence_score": 0.629, "area_ha": 346.57, "uncertainty": 0.371, "data_origin": "synthetic", "generation_method": "scripts/generate_sample_parcels.py (v2, illustrative PoC)", "source": "Synthetic PoC generator (illustrative)", "source_year": 2021, "source_url": null, "processing_method": "PlanetScope + CNN", "model_version": "v2.7", "created_at": "2026-09-29T10:20:13.335432Z"}}, {"type": "Feature", "geometry": {"type": "Polygon", "coordinates": [[[-6.010588594483478, 39.619609601976606], [-6.021026862600278, 39.62541287596084], [-6.036217892999777, 39.629535754804515], [-6.0423988670825235, 39.619356291640194], [-6.032199677406958, 39.611232279377596], [-6.023416188275094, 39.61092498299524], [-6.010588594483478, 39.619609601976606]]]}, "properties": {"id": "1f344cb6-f72a-43c8-be8e-40a6a884c739", "jurisdiction_code": "ES-EX", "jurisdiction_name": "Spain Extremadura", "class_label": "agroforestry", "agroforestry_subtype": "dehesa", "confidence_score": 0.671, "area_ha": 338.83, "uncertainty": 0.329, "data_origin": "synthetic", "generation_method": "scripts/generate_sample_parcels.py (v2, illustrative PoC)", "source": "Synthetic PoC generator (illustrative)", "source_year": 2021, "source_url": null, "processing_method": "GEDI LiDAR + ML", "model_version": "v3.8", "created_at": "2026-09-29T10:20:13.335457Z"}}, {"type": "Feature", "geometry": {"type": "Polygon", "coordinates": [[[-6.014892613658775, 39.972160966845024], [-6.017272947236648, 39.97691761657473], [-6.026693315097165, 39.980078711927426], [-6.02900313069281, 39.97456325828396], [-6.028427175511371, 39.96938405354694], [-6.026019717089456, 39.96325393020416], [-6.015767482315372, 39.967392777119045], [-6.014892613658775, 39.972160966845024]]]}, "properties": {"id": "467e94bd-2317-4f64-a31e-4884a31c5d62", "jurisdiction_code": "ES-EX", "jurisdiction_name": "Spain Extremadura", "class_label": "agroforestry", "agroforestry_subtype": "silvopasture", "confidence_score": 0.632, "area_ha": 168.75, "uncertainty": 0.368, "data_origin": "synthetic", "generation_method": "scripts/generate_sample_parcels.py (v2, illustrative PoC)", "source": "Synthetic PoC generator (illustrative)", "source_year": 2021, "source_url": null, "processing_method": "Sentinel-2 + Random Forest", "model_version": "v1.2", "created_at": "2026-09-29T10:20:13.335482Z"}}, {"type": "Feature", "geometry": {"type": "Polygon", "coordinates": [[[-5.064799079163937, 39.43269279461089], [-5.069762957356317, 39.43523047125315], [-5.073303341529057, 39.43988288465205], [-5.0783336237078895, 39.43885260250048], [-5.081666191838832, 39.43448270304655], [-5.082801760999139, 39.43222372142551], [-5.082998207716784, 39.42582956488614], [-5.076070134486984, 39.42545632836544], [-5.0699618978342285, 39.42327460361729], [-5.066530553581626, 39.42518761836013], [-5.064799079163937, 39.43269279461089]]]}, "properties": {"id": "fa5e9816-9a24-47e7-aa9f-eb23b36b9bad", "jurisdiction_code": "ES-EX", "jurisdiction_name": "Spain Extremadura", "class_label": "agroforestry", "agroforestry_subtype": "dehesa", "confidence_score": 0.605, "area_ha": 248.27, "uncertainty": 0.395, "data_origin": "synthetic", "generation_method": "scripts/generate_sample_parcels.py (v2, illustrative PoC)", "source": "Synthetic PoC generator (illustrative)", "source_year": 2021, "source_url": null, "processing_method": "GEDI LiDAR + ML", "model_version": "v2.0", "created_at": "2026-09-29T10:20:13.335512Z"}}, {"type": "Feature", "geometry": {"type": "Polygon", "coordinates": [[[-6.361714700965505, 38.175153647188615], [-6.3637073890857385, 38.18105042503136], [-6.37302925103391, 38.183585929172615], [-6.374916074305866, 38.176048257823645], [-6.371696510937035, 38.17031885602618], [-6.365377273833345, 38.16957645827557], [-6.361714700965505, 38.175153647188615]]]}, "properties": {"id": "d9071a42-141c-477c-984c-6a19301ed8cc", "jurisdiction_code": "ES-EX", "jurisdiction_name": "Spain Extremadura", "class_label": "agroforestry", "agroforestry_subtype": "silvopasture", "confidence_score": 0.947, "area_ha": 136.05, "uncertainty": 0.053, "data_origin": "synthetic", "generation_method": "scripts/generate_sample_parcels.py (v2, illustrative PoC)", "source": "Synthetic PoC generator (illustrative)", "source_year": 2023, "source_url": null, "processing_method": "GEDI LiDAR + ML", "model_version": "v2.2", "created_at": "2026-09-29T10:20:13.335538Z"}}, {"type": "Feature", "geometry": {"type": "Polygon", "coordinates": [[[-6.292176211509746, 39.63268757890893], [-6.291510632260324, 39.634067715966694], [-6.295011532804636, 39.63419468576353], [-6.296641217794864, 39.63390474070287], [-6.297467866275781, 39.63240979295227], [-6.295994066816085, 39.630893153752375], [-6.294071386346343, 39.62967509731013], [-6.292229797834985, 39.631129064903355], [-6.292176211509746, 39.63268757890893]]]}, "properties": {"id": "02f297ea-cf1e-45c7-94c9-d5cd20228020", "jurisdiction_code": "ES-EX", "jurisdiction_name": "Spain Extremadura", "class_label": "agroforestry", "agroforestry_subtype": "montado", "confidence_score": 0.652, "area_ha": 17.54, "uncertainty": 0.348, "data_origin": "synthetic", "generation_method": "scripts/generate_sample_parcels.py (v2, illustrative PoC)", "source": "Synthetic PoC generator (illustrative)", "source_year": 2021, "source_url": null, "processing_method": "Sentinel-2 + Random Forest", "model_version": "v1.7", "created_at": "2026-09-29T10:20:13.335568Z"}}, {"type": "Feature", "geometry": {"type": "Polygon", "coordinates": [[[-5.659522151948966, 39.20402005982181], [-5.664426133427892, 39.210588682651824], [-5.671680645648947, 39.21158173377765], [-5.678862164297307, 39.20656119608596], [-5.6795126134073275, 39.199234652837276], [-5.671261096681151, 39.196501770001206], [-5.6646092434080995, 39.1963525098227], [-5.659522151948966, 39.20402005982181]]]}, "properties": {"id": "1b68724d-ea90-4c0b-b308-156dad41ad6f", "jurisdiction_code": "ES-EX", "jurisdiction_name": "Spain Extremadura", "class_label": "agroforestry", "agroforestry_subtype": "dehesa", "confidence_score": 0.622, "area_ha": 201.2, "uncertainty": 0.378, "data_origin": "synthetic", "generation_method": "scripts/generate_sample_parcels.py (v2, illustrative PoC)", "source": "Synthetic PoC generator (illustrative)", "source_year": 2023, "source_url": null, "processing_method": "GEDI LiDAR + ML", "model_version": "v2.0", "created_at": "2026-09-29T10:20:13.335593Z"}}, {"type": "Feature", "geometry": {"type": "Polygon", "coordinates": [[[-6.401563597138236, 39.30451470984007], [-6.404135854741564, 39.30823467625365], [-6.407709930090086, 39.30626472882285], [-6.407256352360502, 39.30320696052168], [-6.402944406123133, 39.30192887856731], [-6.401563597138236, 39.30451470984007]]]}, "properties": {"id": "3a09a7e8-abe4-4103-9e2b-7aa1fce85d3d", "jurisdiction_code": "ES-EX", "jurisdiction_name": "Spain Extremadura", "class_label": "agroforestry", "agroforestry_subtype": "dehesa", "confidence_score": 0.67, "area_ha": 22.63, "uncertainty": 0.33, "data_origin": "synthetic", "generation_method": "scripts/generate_sample_parcels.py (v2, illustrative PoC)", "source": "Synthetic PoC generator (illustrative)", "source_year": 2020, "source_url": null, "processing_method": "Hybrid Remote Sensing", "model_version": "v1.0", "created_at": "2026-09-29T10:20:13.335616Z"}}, {"type": "Feature", "geometry": {"type": "Polygon", "coordinates": [[[-6.88785944541865, 40.02513350338229], [-6.890470517985498, 40.03015793215166], [-6.903520596198758, 40.03287975621523], [-6.9082045267495875, 40.02956381117003], [-6.905760396478521, 40.022419357779945], [-6.901615966011555, 40.01799753836945], [-6.891991381604537, 40.01659070112635], [-6.88785944541865, 40.02513350338229]]]}, "properties": {"id": "167e85f3-082a-4864-afc8-2e1a432be942", "jurisdiction_code": "ES-EX", "jurisdiction_name": "Spain Extremadura", "class_label": "agroforestry", "agroforestry_subtype": "woodlot", "confidence_score": 0.893, "area_ha": 278.63, "uncertainty": 0.107, "data_origin": "synthetic", "generation_method": "scripts/generate_sample_parcels.py (v2, illustrative PoC)", "source": "Synthetic PoC generator (illustrative)", "source_year": 2024, "source_url": null, "processing_method": "GEDI LiDAR + ML", "model_version": "v3.5", "created_at": "2026-09-29T10:20:13.335642Z"}}, {"type": "Feature", "geometry": {"type": "Polygon", "coordinates": [[[-5.466103749291458, 38.92403425404871], [-5.469694475797207, 38.93150947590135], [-5.479898194356808, 38.9290559491244], [-5.484224021683776, 38.927666893263925], [-5.483771757878138, 38.921097948490036], [-5.479611581299314, 38.91464826552542], [-5.471144779758764, 38.91890292571832], [-5.466103749291458, 38.92403425404871]]]}, "properties": {"id": "27d6c70e-c4a5-4ffd-9eb3-914b7d7a1ec4", "jurisdiction_code": "ES-EX", "jurisdiction_name": "Spain Extremadura", "class_label": "agroforestry", "agroforestry_subtype": "montado", "confidence_score": 0.88, "area_ha": 259.48, "uncertainty": 0.12, "data_origin": "synthetic", "generation_method": "scripts/generate_sample_parcels.py (v2, illustrative PoC)", "source": "Synthetic PoC generator (illustrative)", "source_year": 2024, "source_url": null, "processing_method": "Hybrid Remote Sensing", "model_version": "v2.4", "created_at": "2026-09-29T10:20:13.335669Z"}}, {"type": "Feature", "geometry": {"type": "Polygon", "coordinates": [[[-5.474864808940135, 38.49460475077186], [-5.47675054587331, 38.49816162188601], [-5.479467278554725, 38.49871117650682], [-5.4840011595546425, 38.502134755958664], [-5.487270125566092, 38.49684462392103], [-5.492166578408286, 38.493398821500804], [-5.487455569642347, 38.49113325832626], [-5.483607584331397, 38.48923584047314], [-5.479142535378257, 38.48757179606395], [-5.4760064518193206, 38.48938755927539], [-5.474864808940135, 38.49460475077186]]]}, "properties": {"id": "5fd6a52d-55e9-48df-92e0-0df9a0bb85b1", "jurisdiction_code": "ES-EX", "jurisdiction_name": "Spain Extremadura", "class_label": "agroforestry", "agroforestry_subtype": "dehesa", "confidence_score": 0.643, "area_ha": 208.19, "uncertainty": 0.357, "data_origin": "synthetic", "generation_method": "scripts/generate_sample_parcels.py (v2, illustrative PoC)", "source": "Synthetic PoC generator (illustrative)", "source_year": 2024, "source_url": null, "processing_method": "GEDI LiDAR + ML", "model_version": "v2.2", "created_at": "2026-09-29T10:20:13.335703Z"}}, {"type": "Feature", "geometry": {"type": "Polygon", "coordinates": [[[-5.098159411196168, 38.14440855604058], [-5.107618132933406, 38.15306067053432], [-5.1218271871467085, 38.151757103279515], [-5.120226723759177, 38.14100346952033], [-5.110456012740376, 38.13692399420701], [-5.098159411196168, 38.14440855604058]]]}, "properties": {"id": "43e8c0da-eeb8-4ec6-8421-403e8aa710ba", "jurisdiction_code": "ES-EX", "jurisdiction_name": "Spain Extremadura", "class_label": "agroforestry", "agroforestry_subtype": "dehesa", "confidence_score": 0.684, "area_ha": 313.08, "uncertainty": 0.316, "data_origin": "synthetic", "generation_method": "scripts/generate_sample_parcels.py (v2, illustrative PoC)", "source": "Synthetic PoC generator (illustrative)", "source_year": 2023, "source_url": null, "processing_method": "GEDI LiDAR + ML", "model_version": "v2.4", "created_at": "2026-09-29T10:20:13.335727Z"}}, {"type": "Feature", "geometry": {"type": "Polygon", "coordinates": [[[-5.462700233423919, 39.17896648927591], [-5.463748666043884, 39.18130780904625], [-5.468213406834007, 39.1818031651235], [-5.4714908882958175, 39.18131487365831], [-5.472956640249572, 39.180118558786454], [-5.473799244039036, 39.17577886244757], [-5.471203761960123, 39.17463279910782], [-5.467189620387891, 39.17527431504656], [-5.465047563482951, 39.17655997733724], [-5.462700233423919, 39.17896648927591]]]}, "properties": {"id": "b5da4737-6730-4a69-95fa-748eb9e2e194", "jurisdiction_code": "ES-EX", "jurisdiction_name": "Spain Extremadura", "class_label": "agroforestry", "agroforestry_subtype": "dehesa", "confidence_score": 0.893, "area_ha": 68.01, "uncertainty": 0.107, "data_origin": "synthetic", "generation_method": "scripts/generate_sample_parcels.py (v2, illustrative PoC)", "source": "Synthetic PoC generator (illustrative)", "source_year": 2021, "source_url": null, "processing_method": "Hybrid Remote Sensing", "model_version": "v2.5", "created_at": "2026-09-29T10:20:13.335755Z"}}, {"type": "Feature", "geometry": {"type": "Polygon", "coordinates": [[[-6.42987745621436, 38.76002746701394], [-6.4321442568044676, 38.76762507273602], [-6.439821387731624, 38.76797030367433], [-6.44546974618353, 38.763507953932965], [-6.445694966049659, 38.75808398770381], [-6.439588544466658, 38.754005583226245], [-6.434405956575003, 38.75764593278535], [-6.42987745621436, 38.76002746701394]]]}, "properties": {"id": "87797018-00e5-4ce4-a765-775499f68ec1", "jurisdiction_code": "ES-EX", "jurisdiction_name": "Spain Extremadura", "class_label": "agroforestry", "agroforestry_subtype": "montado", "confidence_score": 0.949, "area_ha": 158.39, "uncertainty": 0.051, "data_origin": "synthetic", "generation_method": "scripts/generate_sample_parcels.py (v2, illustrative PoC)", "source": "Synthetic PoC generator (illustrative)", "source_year": 2021, "source_url": null, "processing_method": "GEDI LiDAR + ML", "model_version": "v2.4", "created_at": "2026-09-29T10:20:13.335780Z"}}, {"type": "Feature", "geometry": {"type": "Polygon", "coordinates": [[[-6.459868930200517, 40.08168712298874], [-6.466872820973514, 40.086910447031265], [-6.472624643035085, 40.089120928265714], [-6.478398182678878, 40.08555973899319], [-6.478464070490875, 40.07695110581381], [-6.472155709710034, 40.07432150692972], [-6.46425722862112, 40.0757126244916], [-6.459868930200517, 40.08168712298874]]]}, "properties": {"id": "b1d67f59-cbff-4a75-ac16-103e9a2baaa2", "jurisdiction_code": "ES-EX", "jurisdiction_name": "Spain Extremadura", "class_label": "agroforestry", "agroforestry_subtype": "silvopasture", "confidence_score": 0.916, "area_ha": 166.81, "uncertainty": 0.084, "data_origin": "synthetic", "generation_method": "scripts/generate_sample_parcels.py (v2, illustrative PoC)", "source": "Synthetic PoC generator (illustrative)", "source_year": 2022, "source_url": null, "processing_method": "Hybrid Remote Sensing", "model_version": "v2.2", "created_at": "2026-09-29T10:20:13.335807Z"}}, {"type": "Feature", "geometry": {"type": "Polygon", "coordinates": [[[-7.333945905965526, 39.402528440371455], [-7.341806351531413, 39.407829221193836], [-7.358011891228573, 39.40584529491185], [-7.354600140166726, 39.39604393447848], [-7.342791077991512, 39.39153706203804], [-7.333945905965526, 39.402528440371455]]]}, "properties": {"id": "acd7b95f-bbaf-43b4-a0eb-805d1ab9b192", "jurisdiction_code": "ES-EX", "jurisdiction_name": "Spain Extremadura", "class_label": "agroforestry", "agroforestry_subtype": "dehesa", "confidence_score": 0.633, "area_ha": 239.74, "uncertainty": 0.367, "data_origin": "synthetic", "generation_method": "scripts/generate_sample_parcels.py (v2, illustrative PoC)", "source": "Synthetic PoC generator (illustrative)", "source_year": 2024, "source_url": null, "processing_method": "PlanetScope + CNN", "model_version": "v2.7", "created_at": "2026-09-29T10:20:13.335830Z"}}, {"type": "Feature", "geometry": {"type": "Polygon", "coordinates": [[[-5.263501504985326, 39.9660200485185], [-5.263034110655923, 39.97155295810552], [-5.269596242878163, 39.97136781190692], [-5.275436537578604, 39.971306565346126], [-5.280060562453905, 39.96820967807143], [-5.277399179768516, 39.964657884907886], [-5.277330970901659, 39.961122990916955], [-5.270631736001724, 39.9623670709], [-5.266114278863524, 39.963628957562214], [-5.263501504985326, 39.9660200485185]]]}, "properties": {"id": "5359c518-739e-422f-989b-0cbea8456cc6", "jurisdiction_code": "ES-EX", "jurisdiction_name": "Spain Extremadura", "class_label": "agroforestry", "agroforestry_subtype": "woodlot", "confidence_score": 0.65, "area_ha": 137.7, "uncertainty": 0.35, "data_origin": "synthetic", "generation_method": "scripts/generate_sample_parcels.py (v2, illustrative PoC)", "source": "Synthetic PoC generator (illustrative)", "source_year": 2021, "source_url": null, "processing_method": "PlanetScope + CNN", "model_version": "v1.1", "created_at": "2026-09-29T10:20:13.335858Z"}}, {"type": "Feature", "geometry": {"type": "Polygon", "coordinates": [[[-5.1343250045579705, 39.142251341592136], [-5.138453017263449, 39.14676629546845], [-5.146309735056149, 39.14480141663501], [-5.143209109179576, 39.13985837780069], [-5.139135331908114, 39.13902441923971], [-5.1343250045579705, 39.142251341592136]]]}, "properties": {"id": "500f392a-2a45-472f-9f77-184a978364bc", "jurisdiction_code": "ES-EX", "jurisdiction_name": "Spain Extremadura", "class_label": "agroforestry", "agroforestry_subtype": "dehesa", "confidence_score": 0.612, "area_ha": 60.39, "uncertainty": 0.388, "data_origin": "synthetic", "generation_method": "scripts/generate_sample_parcels.py (v2, illustrative PoC)", "source": "Synthetic PoC generator (illustrative)", "source_year": 2021, "source_url": null, "processing_method": "Sentinel-2 + Random Forest", "model_version": "v3.0", "created_at": "2026-09-29T10:20:13.335881Z"}}, {"type": "Feature", "geometry": {"type": "Polygon", "coordinates": [[[-6.8460135386359635, 40.0756766216404], [-6.845196199465854, 40.07931873852063], [-6.851414496672093, 40.08287225428091], [-6.855757065423192, 40.08278679971093], [-6.861156514183241, 40.077916624475314], [-6.86437572347173, 40.07656830540891], [-6.862776359907893, 40.07125396537906], [-6.855813892041994, 40.06453793081605], [-6.852109143146019, 40.065365908233396], [-6.84572637368658, 40.07084411672578], [-6.8460135386359635, 40.0756766216404]]]}, "properties": {"id": "2d4826b9-c709-4324-b18f-1cddc4a6b892", "jurisdiction_code": "ES-EX", "jurisdiction_name": "Spain Extremadura", "class_label": "agroforestry", "agroforestry_subtype": "silvopasture", "confidence_score": 0.601, "area_ha": 244.03, "uncertainty": 0.399, "data_origin": "synthetic", "generation_method": "scripts/generate_sample_parcels.py (v2, illustrative PoC)", "source": "Synthetic PoC generator (illustrative)", "source_year": 2023, "source_url": null, "processing_method": "Sentinel-2 + Random Forest", "model_version": "v3.6", "created_at": "2026-09-29T10:20:13.335913Z"}}, {"type": "Feature", "geometry": {"type": "Polygon", "coordinates": [[[-7.242884395268955, 39.069958298892296], [-7.245112302357533, 39.07337845967961], [-7.247608796268966, 39.07416187171505], [-7.251809110154026, 39.07658346304164], [-7.25520932242824, 39.07457447932401], [-7.254943456250822, 39.070877154782394], [-7.255998974084247, 39.06783019957019], [-7.251825807144922, 39.06595672872449], [-7.246269607744891, 39.06525031028045], [-7.242850693662881, 39.06702954211566], [-7.242884395268955, 39.069958298892296]]]}, "properties": {"id": "31d17e17-5b4d-4a08-8df5-2a408d56e33a", "jurisdiction_code": "ES-EX", "jurisdiction_name": "Spain Extremadura", "class_label": "agroforestry", "agroforestry_subtype": "dehesa", "confidence_score": 0.902, "area_ha": 113.62, "uncertainty": 0.098, "data_origin": "synthetic", "generation_method": "scripts/generate_sample_parcels.py (v2, illustrative PoC)", "source": "Synthetic PoC generator (illustrative)", "source_year": 2020, "source_url": null, "processing_method": "PlanetScope + CNN", "model_version": "v2.8", "created_at": "2026-09-29T10:20:13.335942Z"}}, {"type": "Feature", "geometry": {"type": "Polygon", "coordinates": [[[-6.86292305565237, 39.71061444166782], [-6.8692684847315455, 39.71630730553355], [-6.876372478855791, 39.714551984203666], [-6.875966599786953, 39.70846517994845], [-6.868925452801641, 39.70584848621112], [-6.86292305565237, 39.71061444166782]]]}, "properties": {"id": "ea72b6ca-5ac1-409f-ac26-abc23d470ae9", "jurisdiction_code": "ES-EX", "jurisdiction_name": "Spain Extremadura", "class_label": "agroforestry", "agroforestry_subtype": "silvopasture", "confidence_score": 0.937, "area_ha": 92.7, "uncertainty": 0.063, "data_origin": "synthetic", "generation_method": "scripts/generate_sample_parcels.py (v2, illustrative PoC)", "source": "Synthetic PoC generator (illustrative)", "source_year": 2020, "source_url": null, "processing_method": "Sentinel-2 + Random Forest", "model_version": "v1.3", "created_at": "2026-09-29T10:20:13.335966Z"}}, {"type": "Feature", "geometry": {"type": "Polygon", "coordinates": [[[-5.272629899922691, 39.75349981645947], [-5.2813118932496295, 39.75773246527589], [-5.287667907952458, 39.75546466053321], [-5.288643064140785, 39.74802038354898], [-5.2787943860235504, 39.74700061408843], [-5.272629899922691, 39.75349981645947]]]}, "properties": {"id": "c08b86d5-0c51-45bc-818e-58dd477cf671", "jurisdiction_code": "ES-EX", "jurisdiction_name": "Spain Extremadura", "class_label": "agroforestry", "agroforestry_subtype": "dehesa", "confidence_score": 0.602, "area_ha": 124.02, "uncertainty": 0.398, "data_origin": "synthetic", "generation_method": "scripts/generate_sample_parcels.py (v2, illustrative PoC)", "source": "Synthetic PoC generator (illustrative)", "source_year": 2020, "source_url": null, "processing_method": "GEDI LiDAR + ML", "model_version": "v2.1", "created_at": "2026-09-29T10:20:13.335989Z"}}, {"type": "Feature", "geometry": {"type": "Polygon", "coordinates": [[[-6.128001794335268, 38.485460699604054], [-6.128520337677232, 38.48686118190613], [-6.130767575402815, 38.48883074376244], [-6.134105378396477, 38.4885441418722], [-6.1357849312865085, 38.4865144044907], [-6.13614937848885, 38.48561606345125], [-6.136497340230295, 38.482462546502816], [-6.1345211501057255, 38.48241296900168], [-6.131252318559258, 38.48257223509639], [-6.128777606448343, 38.483791570188046], [-6.128001794335268, 38.485460699604054]]]}, "properties": {"id": "914c0395-0cde-46a5-b29e-58edb22c8bee", "jurisdiction_code": "ES-EX", "jurisdiction_name": "Spain Extremadura", "class_label": "agroforestry", "agroforestry_subtype": "montado", "confidence_score": 0.899, "area_ha": 37.93, "uncertainty": 0.101, "data_origin": "synthetic", "generation_method": "scripts/generate_sample_parcels.py (v2, illustrative PoC)", "source": "Synthetic PoC generator (illustrative)", "source_year": 2020, "source_url": null, "processing_method": "Sentinel-2 + Random Forest", "model_version": "v3.3", "created_at": "2026-09-29T10:20:13.336020Z"}}, {"type": "Feature", "geometry": {"type": "Polygon", "coordinates": [[[-5.491902702344356, 39.03992990113604], [-5.496605910823059, 39.042432761119336], [-5.500015045703478, 39.04594224817973], [-5.506101745728678, 39.04590990930944], [-5.510240700587213, 39.04167052254502], [-5.5095769791990294, 39.03724135652074], [-5.507782912151912, 39.03201908072696], [-5.502164425417319, 39.0317550395504], [-5.4950849021348835, 39.03529379577436], [-5.491902702344356, 39.03992990113604]]]}, "properties": {"id": "000e8319-a642-4645-ba26-52f946cb7828", "jurisdiction_code": "ES-EX", "jurisdiction_name": "Spain Extremadura", "class_label": "agroforestry", "agroforestry_subtype": "dehesa", "confidence_score": 0.634, "area_ha": 206.1, "uncertainty": 0.366, "data_origin": "synthetic", "generation_method": "scripts/generate_sample_parcels.py (v2, illustrative PoC)", "source": "Synthetic PoC generator (illustrative)", "source_year": 2021, "source_url": null, "processing_method": "PlanetScope + CNN", "model_version": "v2.2", "created_at": "2026-09-29T10:20:13.336048Z"}}, {"type": "Feature", "geometry": {"type": "Polygon", "coordinates": [[[-6.226894733432171, 39.091099603349015], [-6.228482610978892, 39.09258522824265], [-6.230878102630706, 39.09385625678484], [-6.23521919919235, 39.09471799836609], [-6.2370318024229325, 39.09284397282511], [-6.2369861989660444, 39.09044569348514], [-6.237682582527468, 39.08824146306283], [-6.233270450552252, 39.08761827893151], [-6.231020457971342, 39.08792813711124], [-6.228383179282585, 39.08934965990056], [-6.226894733432171, 39.091099603349015]]]}, "properties": {"id": "bbcecb08-a782-40f5-9f0a-91b0d873555d", "jurisdiction_code": "ES-EX", "jurisdiction_name": "Spain Extremadura", "class_label": "agroforestry", "agroforestry_subtype": "dehesa", "confidence_score": 0.651, "area_ha": 63.76, "uncertainty": 0.349, "data_origin": "synthetic", "generation_method": "scripts/generate_sample_parcels.py (v2, illustrative PoC)", "source": "Synthetic PoC generator (illustrative)", "source_year": 2020, "source_url": null, "processing_method": "Sentinel-2 + Random Forest", "model_version": "v2.8", "created_at": "2026-09-29T10:20:13.336103Z"}}, {"type": "Feature", "geometry": {"type": "Polygon", "coordinates": [[[-5.7400312812323255, 39.17151755955974], [-5.743358459417602, 39.18027684680192], [-5.750281090978738, 39.18241277442426], [-5.7613366875600835, 39.178614405475365], [-5.761580651462769, 39.17386338841995], [-5.761183859036135, 39.16600606398339], [-5.753522816054402, 39.164200882942964], [-5.745072813086843, 39.16661474115715], [-5.7400312812323255, 39.17151755955974]]]}, "properties": {"id": "21e574bb-335e-4a41-acd5-7f0b9bab30ec", "jurisdiction_code": "ES-EX", "jurisdiction_name": "Spain Extremadura", "class_label": "agroforestry", "agroforestry_subtype": "silvopasture", "confidence_score": 0.902, "area_ha": 230.86, "uncertainty": 0.098, "data_origin": "synthetic", "generation_method": "scripts/generate_sample_parcels.py (v2, illustrative PoC)", "source": "Synthetic PoC generator (illustrative)", "source_year": 2020, "source_url": null, "processing_method": "GEDI LiDAR + ML", "model_version": "v2.8", "created_at": "2026-09-29T10:20:13.336130Z"}}, {"type": "Feature", "geometry": {"type": "Polygon", "coordinates": [[[-6.404977025410523, 40.15645395421264], [-6.405660407874456, 40.15916175399332], [-6.407945561351272, 40.159174807888164], [-6.411950492848812, 40.16040829081364], [-6.412708518741676, 40.15950076767579], [-6.412986486952766, 40.15712700550555], [-6.412250450491095, 40.15564798604903], [-6.411536024540572, 40.15314363076893], [-6.408481410337878, 40.1543969752228], [-6.405362127410996, 40.15468605645778], [-6.404977025410523, 40.15645395421264]]]}, "properties": {"id": "be52e746-6dd1-44cf-bd4e-654f8f148885", "jurisdiction_code": "ES-EX", "jurisdiction_name": "Spain Extremadura", "class_label": "agroforestry", "agroforestry_subtype": "dehesa", "confidence_score": 0.613, "area_ha": 33.4, "uncertainty": 0.387, "data_origin": "synthetic", "generation_method": "scripts/generate_sample_parcels.py (v2, illustrative PoC)", "source": "Synthetic PoC generator (illustrative)", "source_year": 2021, "source_url": null, "processing_method": "PlanetScope + CNN", "model_version": "v1.8", "created_at": "2026-09-29T10:20:13.336162Z"}}, {"type": "Feature", "geometry": {"type": "Polygon", "coordinates": [[[-5.467545742626689, 38.60781846912369], [-5.468873322387726, 38.610139341507754], [-5.472919312121615, 38.61281864713099], [-5.47661038780542, 38.61056308024256], [-5.477679534067587, 38.60705345094666], [-5.477687963506472, 38.602027961121074], [-5.474135101925341, 38.60139400825542], [-5.468717231774323, 38.60467485981128], [-5.467545742626689, 38.60781846912369]]]}, "properties": {"id": "157971fc-367c-4e58-ac5c-b5bff47e147b", "jurisdiction_code": "ES-EX", "jurisdiction_name": "Spain Extremadura", "class_label": "agroforestry", "agroforestry_subtype": "dehesa", "confidence_score": 0.612, "area_ha": 76.51, "uncertainty": 0.388, "data_origin": "synthetic", "generation_method": "scripts/generate_sample_parcels.py (v2, illustrative PoC)", "source": "Synthetic PoC generator (illustrative)", "source_year": 2024, "source_url": null, "processing_method": "GEDI LiDAR + ML", "model_version": "v2.3", "created_at": "2026-09-29T10:20:13.336190Z"}}, {"type": "Feature", "geometry": {"type": "Polygon", "coordinates": [[[-6.7944893756937, 39.09705713505575], [-6.797602858290742, 39.10233231776756], [-6.805614512371871, 39.10034919325405], [-6.811261194460276, 39.09584360115152], [-6.807831476371495, 39.09164665493217], [-6.8000837530844995, 39.09351451906083], [-6.7944893756937, 39.09705713505575]]]}, "properties": {"id": "f9a2f9d5-80f2-4722-bfd7-7aa38550a686", "jurisdiction_code": "ES-EX", "jurisdiction_name": "Spain Extremadura", "class_label": "agroforestry", "agroforestry_subtype": "silvopasture", "confidence_score": 0.625, "area_ha": 128.43, "uncertainty": 0.375, "data_origin": "synthetic", "generation_method": "scripts/generate_sample_parcels.py (v2, illustrative PoC)", "source": "Synthetic PoC generator (illustrative)", "source_year": 2024, "source_url": null, "processing_method": "GEDI LiDAR + ML", "model_version": "v2.1", "created_at": "2026-09-29T10:20:13.336215Z"}}, {"type": "Feature", "geometry": {"type": "Polygon", "coordinates": [[[-5.8639987930199196, 40.17412490248641], [-5.866784666976385, 40.180373995408935], [-5.875374175495454, 40.1796964346524], [-5.87793102323216, 40.175410990247954], [-5.875578101365253, 40.167647950413496], [-5.8647113181398725, 40.168437691899705], [-5.8639987930199196, 40.17412490248641]]]}, "properties": {"id": "12f4a13b-60ea-405e-91a1-df7f9405a1ef", "jurisdiction_code": "ES-EX", "jurisdiction_name": "Spain Extremadura", "class_label": "agroforestry", "agroforestry_subtype": "montado", "confidence_score": 0.661, "area_ha": 137.6, "uncertainty": 0.339, "data_origin": "synthetic", "generation_method": "scripts/generate_sample_parcels.py (v2, illustrative PoC)", "source": "Synthetic PoC generator (illustrative)", "source_year": 2020, "source_url": null, "processing_method": "GEDI LiDAR + ML", "model_version": "v2.0", "created_at": "2026-09-29T10:20:13.336239Z"}}, {"type": "Feature", "geometry": {"type": "Polygon", "coordinates": [[[-5.878932700009041, 40.13183894080169], [-5.88171180778306, 40.13565720390682], [-5.8884951160037415, 40.13293487339349], [-5.889035627324117, 40.12839686699805], [-5.881827641279172, 40.12806849895339], [-5.878932700009041, 40.13183894080169]]]}, "properties": {"id": "72032dce-e53e-4c06-ba4d-949fdc0a593d", "jurisdiction_code": "ES-EX", "jurisdiction_name": "Spain Extremadura", "class_label": "agroforestry", "agroforestry_subtype": "dehesa", "confidence_score": 0.678, "area_ha": 45.68, "uncertainty": 0.322, "data_origin": "synthetic", "generation_method": "scripts/generate_sample_parcels.py (v2, illustrative PoC)", "source": "Synthetic PoC generator (illustrative)", "source_year": 2020, "source_url": null, "processing_method": "Sentinel-2 + Random Forest", "model_version": "v1.0", "created_at": "2026-09-29T10:20:13.336262Z"}}, {"type": "Feature", "geometry": {"type": "Polygon", "coordinates": [[[-7.193212712037832, 40.41232322384781], [-7.192414974682431, 40.416262643664844], [-7.195482671318742, 40.422068560774576], [-7.206527751117024, 40.42257470101365], [-7.210424360380887, 40.41695782945186], [-7.213252156584108, 40.413307783120466], [-7.212630606663122, 40.40776177661992], [-7.203656074424656, 40.405071347362366], [-7.197600620572761, 40.403852472068714], [-7.193955273194719, 40.40898237491336], [-7.193212712037832, 40.41232322384781]]]}, "properties": {"id": "096da731-50a3-4976-9bf2-bcf12ca7f3c6", "jurisdiction_code": "ES-EX", "jurisdiction_name": "Spain Extremadura", "class_label": "agroforestry", "agroforestry_subtype": "woodlot", "confidence_score": 0.616, "area_ha": 296.68, "uncertainty": 0.384, "data_origin": "synthetic", "generation_method": "scripts/generate_sample_parcels.py (v2, illustrative PoC)", "source": "Synthetic PoC generator (illustrative)", "source_year": 2020, "source_url": null, "processing_method": "PlanetScope + CNN", "model_version": "v2.4", "created_at": "2026-09-29T10:20:13.336294Z"}}, {"type": "Feature", "geometry": {"type": "Polygon", "coordinates": [[[-5.240814518651095, 38.79586195859722], [-5.2436457870192115, 38.79977766478072], [-5.2458011726015075, 38.80257889349075], [-5.251202562269398, 38.80494176301346], [-5.254347564532028, 38.79944628999534], [-5.259134863155958, 38.7970820554994], [-5.253737223305381, 38.79293853482051], [-5.250354928113392, 38.789543518850024], [-5.246913052574467, 38.789952709850326], [-5.243661368068968, 38.792926206908575], [-5.240814518651095, 38.79586195859722]]]}, "properties": {"id": "539ad929-d454-4cfb-8f52-d5d36b111a25", "jurisdiction_code": "ES-EX", "jurisdiction_name": "Spain Extremadura", "class_label": "agroforestry", "agroforestry_subtype": "montado", "confidence_score": 0.624, "area_ha": 201.44, "uncertainty": 0.376, "data_origin": "synthetic", "generation_method": "scripts/generate_sample_parcels.py (v2, illustrative PoC)", "source": "Synthetic PoC generator (illustrative)", "source_year": 2021, "source_url": null, "processing_method": "Sentinel-2 + Random Forest", "model_version": "v3.9", "created_at": "2026-09-29T10:20:13.336323Z"}}, {"type": "Feature", "geometry": {"type": "Polygon", "coordinates": [[[-7.307603464888646, 39.29104980906245], [-7.309754222863851, 39.294936962076484], [-7.316184418291208, 39.29518808207869], [-7.321154380055245, 39.2928666104972], [-7.32111119971072, 39.28898405030566], [-7.3174336487129175, 39.28705862554403], [-7.311754848627825, 39.28602362270759], [-7.307603464888646, 39.29104980906245]]]}, "properties": {"id": "486222d4-c8db-4914-9537-116b032eb622", "jurisdiction_code": "ES-EX", "jurisdiction_name": "Spain Extremadura", "class_label": "agroforestry", "agroforestry_subtype": "dehesa", "confidence_score": 0.658, "area_ha": 104.0, "uncertainty": 0.342, "data_origin": "synthetic", "generation_method": "scripts/generate_sample_parcels.py (v2, illustrative PoC)", "source": "Synthetic PoC generator (illustrative)", "source_year": 2020, "source_url": null, "processing_method": "Sentinel-2 + Random Forest", "model_version": "v3.6", "created_at": "2026-09-29T10:20:13.336349Z"}}, {"type": "Feature", "geometry": {"type": "Polygon", "coordinates": [[[-5.87946313937944, 39.811487919001436], [-5.886269147375074, 39.81688153586437], [-5.890984651670147, 39.817730438901435], [-5.899723901313875, 39.81770353751974], [-5.902199361409516, 39.81094090195518], [-5.905144808067369, 39.80299910086511], [-5.891818463261372, 39.803196350300944], [-5.882343120953064, 39.80274232195715], [-5.87946313937944, 39.811487919001436]]]}, "properties": {"id": "8cbdc93e-416e-4296-867a-d0104ee83ce5", "jurisdiction_code": "ES-EX", "jurisdiction_name": "Spain Extremadura", "class_label": "agroforestry", "agroforestry_subtype": "dehesa", "confidence_score": 0.61, "area_ha": 271.8, "uncertainty": 0.39, "data_origin": "synthetic", "generation_method": "scripts/generate_sample_parcels.py (v2, illustrative PoC)", "source": "Synthetic PoC generator (illustrative)", "source_year": 2020, "source_url": null, "processing_method": "Hybrid Remote Sensing", "model_version": "v1.5", "created_at": "2026-09-29T10:20:13.336375Z"}}, {"type": "Feature", "geometry": {"type": "Polygon", "coordinates": [[[-5.983850943245499, 38.06418465995151], [-5.986549937821847, 38.0685972548328], [-5.992172888088535, 38.06945165854046], [-5.995625993634442, 38.065690093848396], [-5.991911274860107, 38.058544238654854], [-5.9850651178675625, 38.06141586432509], [-5.983850943245499, 38.06418465995151]]]}, "properties": {"id": "0dadbcce-5334-4238-95bb-e6319c74bd74", "jurisdiction_code": "ES-EX", "jurisdiction_name": "Spain Extremadura", "class_label": "agroforestry", "agroforestry_subtype": "montado", "confidence_score": 0.654, "area_ha": 87.28, "uncertainty": 0.346, "data_origin": "synthetic", "generation_method": "scripts/generate_sample_parcels.py (v2, illustrative PoC)", "source": "Synthetic PoC generator (illustrative)", "source_year": 2021, "source_url": null, "processing_method": "PlanetScope + CNN", "model_version": "v1.3", "created_at": "2026-09-29T10:20:13.336400Z"}}, {"type": "Feature", "geometry": {"type": "Polygon", "coordinates": [[[-7.194140666391844, 40.08379959746232], [-7.200234175686706, 40.08959896977192], [-7.2057600451006545, 40.08988382151186], [-7.21306929578846, 40.08558430158872], [-7.207691242858317, 40.077738518899466], [-7.198303761747556, 40.08027525067196], [-7.194140666391844, 40.08379959746232]]]}, "properties": {"id": "32ae7847-ada8-4333-9cb5-d34bc9438a4a", "jurisdiction_code": "ES-EX", "jurisdiction_name": "Spain Extremadura", "class_label": "agroforestry", "agroforestry_subtype": "montado", "confidence_score": 0.907, "area_ha": 177.94, "uncertainty": 0.093, "data_origin": "synthetic", "generation_method": "scripts/generate_sample_parcels.py (v2, illustrative PoC)", "source": "Synthetic PoC generator (illustrative)", "source_year": 2020, "source_url": null, "processing_method": "Sentinel-2 + Random Forest", "model_version": "v2.3", "created_at": "2026-09-29T10:20:13.336424Z"}}, {"type": "Feature", "geometry": {"type": "Polygon", "coordinates": [[[-7.465179627908861, 39.827179413181604], [-7.469430381586261, 39.83190617858267], [-7.475069621197133, 39.83155484642797], [-7.4776329842708105, 39.82746009439615], [-7.474916944569741, 39.82180835193579], [-7.468596969985415, 39.820917499643436], [-7.465179627908861, 39.827179413181604]]]}, "properties": {"id": "f3fd74be-5b78-42d6-9a75-32ef4e17eeed", "jurisdiction_code": "ES-EX", "jurisdiction_name": "Spain Extremadura", "class_label": "agroforestry", "agroforestry_subtype": "dehesa", "confidence_score": 0.658, "area_ha": 80.37, "uncertainty": 0.342, "data_origin": "synthetic", "generation_method": "scripts/generate_sample_parcels.py (v2, illustrative PoC)", "source": "Synthetic PoC generator (illustrative)", "source_year": 2023, "source_url": null, "processing_method": "GEDI LiDAR + ML", "model_version": "v1.6", "created_at": "2026-09-29T10:20:13.336449Z"}}, {"type": "Feature", "geometry": {"type": "Polygon", "coordinates": [[[-7.223351150473711, 38.62180528033335], [-7.229345758680738, 38.62593503008349], [-7.237330101241051, 38.62681965291393], [-7.245826809427936, 38.62493444860647], [-7.248097908268925, 38.614929347206164], [-7.235693296761579, 38.60872199222351], [-7.22891026765155, 38.613157427711066], [-7.223351150473711, 38.62180528033335]]]}, "properties": {"id": "50a1ca0f-1aab-4ec9-9d24-18f9353eb7ba", "jurisdiction_code": "ES-EX", "jurisdiction_name": "Spain Extremadura", "class_label": "agroforestry", "agroforestry_subtype": "silvopasture", "confidence_score": 0.649, "area_ha": 369.31, "uncertainty": 0.351, "data_origin": "synthetic", "generation_method": "scripts/generate_sample_parcels.py (v2, illustrative PoC)", "source": "Synthetic PoC generator (illustrative)", "source_year": 2024, "source_url": null, "processing_method": "Sentinel-2 + Random Forest", "model_version": "v3.6", "created_at": "2026-09-29T10:20:13.336476Z"}}, {"type": "Feature", "geometry": {"type": "Polygon", "coordinates": [[[-7.298965793557371, 38.419282643722255], [-7.303886427592414, 38.42519566770635], [-7.316401278290997, 38.42251952121212], [-7.318428553369559, 38.413158177209986], [-7.302357862821552, 38.410938684055544], [-7.298965793557371, 38.419282643722255]]]}, "properties": {"id": "e9c8d963-34e9-4b26-b758-4f2678a1fde7", "jurisdiction_code": "ES-EX", "jurisdiction_name": "Spain Extremadura", "class_label": "agroforestry", "agroforestry_subtype": "dehesa", "confidence_score": 0.624, "area_ha": 211.49, "uncertainty": 0.376, "data_origin": "synthetic", "generation_method": "scripts/generate_sample_parcels.py (v2, illustrative PoC)", "source": "Synthetic PoC generator (illustrative)", "source_year": 2022, "source_url": null, "processing_method": "Sentinel-2 + Random Forest", "model_version": "v2.4", "created_at": "2026-09-29T10:20:13.336500Z"}}, {"type": "Feature", "geometry": {"type": "Polygon", "coordinates": [[[-7.270113493649211, 39.77123827158517], [-7.271141015056993, 39.775743113705786], [-7.279718601866844, 39.77811869993114], [-7.281395523997204, 39.77389663617484], [-7.2830146940559946, 39.77036518187655], [-7.276861728934016, 39.767283015590536], [-7.27248439843253, 39.76934069586378], [-7.270113493649211, 39.77123827158517]]]}, "properties": {"id": "95070775-43ea-4939-aa70-60db7a6b7c0f", "jurisdiction_code": "ES-EX", "jurisdiction_name": "Spain Extremadura", "class_label": "agroforestry", "agroforestry_subtype": "dehesa", "confidence_score": 0.646, "area_ha": 85.29, "uncertainty": 0.354, "data_origin": "synthetic", "generation_method": "scripts/generate_sample_parcels.py (v2, illustrative PoC)", "source": "Synthetic PoC generator (illustrative)", "source_year": 2021, "source_url": null, "processing_method": "Sentinel-2 + Random Forest", "model_version": "v2.9", "created_at": "2026-09-29T10:20:13.336526Z"}}, {"type": "Feature", "geometry": {"type": "Polygon", "coordinates": [[[-5.245950391266066, 39.70299497441915], [-5.246996787990318, 39.70512903608629], [-5.2512550948488235, 39.70519412864427], [-5.25431843501168, 39.705001437329805], [-5.2549685058424656, 39.7027112095694], [-5.254140474139842, 39.700022066984175], [-5.251361808354423, 39.69909475079913], [-5.24809847714176, 39.70053695167533], [-5.245950391266066, 39.70299497441915]]]}, "properties": {"id": "bbe4945e-abcd-41d8-a2a9-ef4cf2e421f8", "jurisdiction_code": "ES-EX", "jurisdiction_name": "Spain Extremadura", "class_label": "agroforestry", "agroforestry_subtype": "dehesa", "confidence_score": 0.682, "area_ha": 37.34, "uncertainty": 0.318, "data_origin": "synthetic", "generation_method": "scripts/generate_sample_parcels.py (v2, illustrative PoC)", "source": "Synthetic PoC generator (illustrative)", "source_year": 2023, "source_url": null, "processing_method": "Sentinel-2 + Random Forest", "model_version": "v2.7", "created_at": "2026-09-29T10:20:13.336552Z"}}, {"type": "Feature", "geometry": {"type": "Polygon", "coordinates": [[[-7.186776159630469, 40.476904626054456], [-7.189763775722421, 40.479984597522304], [-7.195464350547027, 40.48166605082101], [-7.199635654908672, 40.48033176579363], [-7.1988025851519195, 40.47658942323788], [-7.197243626235688, 40.47374678952154], [-7.193272727533616, 40.47085080422273], [-7.189917830740958, 40.47280619940129], [-7.186776159630469, 40.476904626054456]]]}, "properties": {"id": "65326d1e-9817-4a06-abe1-eefdea19cbbb", "jurisdiction_code": "ES-EX", "jurisdiction_name": "Spain Extremadura", "class_label": "agroforestry", "agroforestry_subtype": "dehesa", "confidence_score": 0.687, "area_ha": 115.13, "uncertainty": 0.313, "data_origin": "synthetic", "generation_method": "scripts/generate_sample_parcels.py (v2, illustrative PoC)", "source": "Synthetic PoC generator (illustrative)", "source_year": 2022, "source_url": null, "processing_method": "PlanetScope + CNN", "model_version": "v2.6", "created_at": "2026-09-29T10:20:13.336579Z"}}, {"type": "Feature", "geometry": {"type": "Polygon", "coordinates": [[[-6.114972768572396, 38.282936697008864], [-6.1154311993789445, 38.28466252432911], [-6.119716602323104, 38.28750222732839], [-6.123862576601393, 38.288009433569556], [-6.126050479086636, 38.285400321934745], [-6.127453877768455, 38.28205172250388], [-6.127715774389342, 38.27927316490803], [-6.122757557142836, 38.27784001921467], [-6.117837857224296, 38.27684134494668], [-6.117357500077102, 38.2790313379348], [-6.114972768572396, 38.282936697008864]]]}, "properties": {"id": "bbc060f7-fbd3-41d7-a1b9-6113dc9bdf64", "jurisdiction_code": "ES-EX", "jurisdiction_name": "Spain Extremadura", "class_label": "agroforestry", "agroforestry_subtype": "dehesa", "confidence_score": 0.642, "area_ha": 91.83, "uncertainty": 0.358, "data_origin": "synthetic", "generation_method": "scripts/generate_sample_parcels.py (v2, illustrative PoC)", "source": "Synthetic PoC generator (illustrative)", "source_year": 2023, "source_url": null, "processing_method": "Sentinel-2 + Random Forest", "model_version": "v3.3", "created_at": "2026-09-29T10:20:13.336609Z"}}, {"type": "Feature", "geometry": {"type": "Polygon", "coordinates": [[[-6.546736455055404, 40.17659163658346], [-6.549320129650265, 40.18099596865017], [-6.556702775451838, 40.18082295451735], [-6.555201157250961, 40.174868102862064], [-6.548793137942942, 40.173592173950844], [-6.546736455055404, 40.17659163658346]]]}, "properties": {"id": "b2f940a2-21da-41f4-bc6a-9c5eef67aae3", "jurisdiction_code": "ES-EX", "jurisdiction_name": "Spain Extremadura", "class_label": "agroforestry", "agroforestry_subtype": "dehesa", "confidence_score": 0.671, "area_ha": 59.71, "uncertainty": 0.329, "data_origin": "synthetic", "generation_method": "scripts/generate_sample_parcels.py (v2, illustrative PoC)", "source": "Synthetic PoC generator (illustrative)", "source_year": 2024, "source_url": null, "processing_method": "Hybrid Remote Sensing", "model_version": "v2.2", "created_at": "2026-09-29T10:20:13.336632Z"}}, {"type": "Feature", "geometry": {"type": "Polygon", "coordinates": [[[-6.3398263677191276, 40.39680990779132], [-6.342051661296695, 40.39940065137701], [-6.345326114214907, 40.399394862336855], [-6.34677025728765, 40.39730847705831], [-6.347092707768533, 40.39597448860876], [-6.344666086066564, 40.3928995966372], [-6.3418385623393165, 40.394346984830136], [-6.3398263677191276, 40.39680990779132]]]}, "properties": {"id": "d511d30a-0be9-4ac4-903a-6836d31d5505", "jurisdiction_code": "ES-EX", "jurisdiction_name": "Spain Extremadura", "class_label": "agroforestry", "agroforestry_subtype": "dehesa", "confidence_score": 0.647, "area_ha": 29.89, "uncertainty": 0.353, "data_origin": "synthetic", "generation_method": "scripts/generate_sample_parcels.py (v2, illustrative PoC)", "source": "Synthetic PoC generator (illustrative)", "source_year": 2022, "source_url": null, "processing_method": "PlanetScope + CNN", "model_version": "v3.0", "created_at": "2026-09-29T10:20:13.336659Z"}}, {"type": "Feature", "geometry": {"type": "Polygon", "coordinates": [[[-5.358480121180544, 39.2945688876844], [-5.360052631063306, 39.29843017691296], [-5.36707811462807, 39.30111598209779], [-5.372858753287386, 39.29853369440691], [-5.379944976516669, 39.29513990998558], [-5.372835430376307, 39.28851542572174], [-5.365039468358908, 39.284702431286696], [-5.3588509858746995, 39.29010758215848], [-5.358480121180544, 39.2945688876844]]]}, "properties": {"id": "2d143777-c10c-4c16-a47a-3a1ad1a9430c", "jurisdiction_code": "ES-EX", "jurisdiction_name": "Spain Extremadura", "class_label": "agroforestry", "agroforestry_subtype": "dehesa", "confidence_score": 0.623, "area_ha": 300.49, "uncertainty": 0.377, "data_origin": "synthetic", "generation_method": "scripts/generate_sample_parcels.py (v2, illustrative PoC)", "source": "Synthetic PoC generator (illustrative)", "source_year": 2021, "source_url": null, "processing_method": "PlanetScope + CNN", "model_version": "v2.6", "created_at": "2026-09-29T10:20:13.336686Z"}}, {"type": "Feature", "geometry": {"type": "Polygon", "coordinates": [[[-6.717887369217834, 39.93404026133198], [-6.718865739369362, 39.94033929897888], [-6.7263699502962275, 39.93886124372201], [-6.728875827872923, 39.93714079685766], [-6.730817095840552, 39.93250602877422], [-6.726339855234286, 39.92735761026635], [-6.717420821794314, 39.92997159426839], [-6.717887369217834, 39.93404026133198]]]}, "properties": {"id": "1c07a912-c0b3-486f-b90e-37181e7e2ed9", "jurisdiction_code": "ES-EX", "jurisdiction_name": "Spain Extremadura", "class_label": "agroforestry", "agroforestry_subtype": "montado", "confidence_score": 0.617, "area_ha": 101.27, "uncertainty": 0.383, "data_origin": "synthetic", "generation_method": "scripts/generate_sample_parcels.py (v2, illustrative PoC)", "source": "Synthetic PoC generator (illustrative)", "source_year": 2021, "source_url": null, "processing_method": "Hybrid Remote Sensing", "model_version": "v1.3", "created_at": "2026-09-29T10:20:13.336718Z"}}], "generated_at": "2026-09-29T10:20:13.337559Z", "count": 651}